{
"type": "FeatureCollection",
"name": "mo_cd_2022",
"crs": { "type": "name", "properties": { "name": "urn:ogc:def:crs:OGC:1.3:CRS84" } },
"features": [
{ "type": "Feature", "properties": { "district": 1 }, "geometry": { "type": "Polygon", "coordinates": [ [ [ -90.488664, 38.687325 ], [ -90.483487, 38.688775 ], [ -90.483631, 38.687476 ], [ -90.480958, 38.688391 ], [ -90.477189, 38.688644 ], [ -90.479638, 38.690248 ], [ -90.477466, 38.690621 ], [ -90.477119, 38.691922 ], [ -90.476034, 38.692264 ], [ -90.474102, 38.691308 ], [ -90.473412, 38.689648 ], [ -90.472055, 38.690068 ], [ -90.474735, 38.6955 ], [ -90.47363, 38.699327 ], [ -90.472006, 38.699886 ], [ -90.469692, 38.697323 ], [ -90.467117, 38.696277 ], [ -90.464786, 38.695994 ], [ -90.46474, 38.694737 ], [ -90.461993, 38.69567 ], [ -90.45708, 38.696403 ], [ -90.457247, 38.695758 ], [ -90.454424, 38.695233 ], [ -90.45539, 38.693624 ], [ -90.450301, 38.692911 ], [ -90.450524, 38.696529 ], [ -90.453389, 38.696345 ], [ -90.45456, 38.698481 ], [ -90.45341, 38.70042 ], [ -90.456623, 38.701367 ], [ -90.457613, 38.703245 ], [ -90.454907, 38.712956 ], [ -90.453867, 38.714555 ], [ -90.453529, 38.717281 ], [ -90.448454, 38.718227 ], [ -90.448432, 38.72067 ], [ -90.450725, 38.720907 ], [ -90.450466, 38.721859 ], [ -90.448436, 38.72185 ], [ -90.446897, 38.724041 ], [ -90.446857, 38.725356 ], [ -90.449563, 38.725537 ], [ -90.452624, 38.724751 ], [ -90.452994, 38.727097 ], [ -90.457266, 38.727886 ], [ -90.457076, 38.729286 ], [ -90.463332, 38.726659 ], [ -90.465401, 38.728506 ], [ -90.465518, 38.73004 ], [ -90.465024, 38.730202 ], [ -90.467576, 38.734721 ], [ -90.464791, 38.735313 ], [ -90.463364, 38.735175 ], [ -90.465962, 38.739411 ], [ -90.46885, 38.740713 ], [ -90.468857, 38.741818 ], [ -90.46826, 38.741669 ], [ -90.467191, 38.742344 ], [ -90.458537, 38.755672 ], [ -90.482299, 38.764348 ], [ -90.473188, 38.790978 ], [ -90.467811, 38.797798 ], [ -90.448117, 38.82205 ], [ -90.440617, 38.82765 ], [ -90.433516, 38.82955 ], [ -90.430975, 38.829806 ], [ -90.425116, 38.82915 ], [ -90.41932, 38.829277 ], [ -90.415546, 38.828876 ], [ -90.401914, 38.824799 ], [ -90.394992, 38.823197 ], [ -90.382268, 38.821942 ], [ -90.37378, 38.822714 ], [ -90.369951, 38.82383 ], [ -90.362163, 38.82786 ], [ -90.349113, 38.841695 ], [ -90.344965, 38.849372 ], [ -90.342514, 38.858549 ], [ -90.342614, 38.866549 ], [ -90.340766, 38.873485 ], [ -90.336387, 38.882572 ], [ -90.332022, 38.886516 ], [ -90.3245, 38.890261 ], [ -90.320213, 38.891148 ], [ -90.31423, 38.891146 ], [ -90.30239, 38.888811 ], [ -90.298743, 38.887759 ], [ -90.293712, 38.885548 ], [ -90.287923, 38.881647 ], [ -90.275884, 38.872301 ], [ -90.271673, 38.86687 ], [ -90.26818, 38.861036 ], [ -90.256136, 38.852128 ], [ -90.245071, 38.847448 ], [ -90.195678, 38.821261 ], [ -90.188927, 38.81851 ], [ -90.183058, 38.818053 ], [ -90.17765, 38.818859 ], [ -90.173501, 38.820382 ], [ -90.167442, 38.824633 ], [ -90.158459, 38.828787 ], [ -90.15511, 38.829722 ], [ -90.150893, 38.829925 ], [ -90.141608, 38.829448 ], [ -90.132811, 38.825086 ], [ -90.12678, 38.821326 ], [ -90.12528, 38.819807 ], [ -90.123064, 38.816035 ], [ -90.117707, 38.805748 ], [ -90.123107, 38.798048 ], [ -90.146708, 38.783049 ], [ -90.166409, 38.772649 ], [ -90.171309, 38.766549 ], [ -90.175109, 38.760249 ], [ -90.176309, 38.754449 ], [ -90.183409, 38.746849 ], [ -90.191309, 38.742949 ], [ -90.20521, 38.73215 ], [ -90.20991, 38.72605 ], [ -90.21191, 38.71795 ], [ -90.21201, 38.71175 ], [ -90.20921, 38.70275 ], [ -90.20221, 38.69345 ], [ -90.19521, 38.68755 ], [ -90.18641, 38.67475 ], [ -90.18261, 38.66535 ], [ -90.17771, 38.64275 ], [ -90.17801, 38.63375 ], [ -90.17881, 38.62915 ], [ -90.18451, 38.611551 ], [ -90.191811, 38.598951 ], [ -90.196011, 38.594451 ], [ -90.202511, 38.588651 ], [ -90.210111, 38.583951 ], [ -90.216712, 38.578751 ], [ -90.222112, 38.576451 ], [ -90.224212, 38.575051 ], [ -90.248913, 38.544752 ], [ -90.2577736606992, 38.532006202660497 ], [ -90.263102, 38.534048 ], [ -90.265329, 38.53369 ], [ -90.266872, 38.534267 ], [ -90.2691, 38.537575 ], [ -90.271035, 38.538681 ], [ -90.270728, 38.542002 ], [ -90.272664, 38.548596 ], [ -90.277863, 38.550535 ], [ -90.287, 38.555474 ], [ -90.297022, 38.562368 ], [ -90.313582, 38.578768 ], [ -90.320515, 38.594152 ], [ -90.310851, 38.618205 ], [ -90.308743, 38.630022 ], [ -90.307813, 38.632468 ], [ -90.306433, 38.63359 ], [ -90.318574, 38.634753 ], [ -90.319269, 38.63104 ], [ -90.322436, 38.631424 ], [ -90.323289, 38.629446 ], [ -90.334952, 38.629825 ], [ -90.335085, 38.624622 ], [ -90.334438, 38.622756 ], [ -90.334471, 38.616765 ], [ -90.33371, 38.613172 ], [ -90.333727, 38.612107 ], [ -90.33518, 38.609923 ], [ -90.334225, 38.603819 ], [ -90.331957, 38.603164 ], [ -90.331194, 38.601041 ], [ -90.332325, 38.593808 ], [ -90.335823, 38.591897 ], [ -90.335983, 38.590967 ], [ -90.340992, 38.586761 ], [ -90.361923, 38.580048 ], [ -90.377194, 38.575951 ], [ -90.37699, 38.603068 ], [ -90.37518, 38.603039 ], [ -90.376747, 38.605695 ], [ -90.380383, 38.604536 ], [ -90.378901, 38.614093 ], [ -90.371864, 38.613358 ], [ -90.371588, 38.614964 ], [ -90.363349, 38.614009 ], [ -90.362387, 38.617854 ], [ -90.362375, 38.623076 ], [ -90.358022, 38.622651 ], [ -90.352983, 38.622776 ], [ -90.352967, 38.623652 ], [ -90.355718, 38.623677 ], [ -90.355712, 38.624149 ], [ -90.348532, 38.624077 ], [ -90.348319, 38.629242 ], [ -90.357304, 38.629202 ], [ -90.358015, 38.630448 ], [ -90.362272, 38.630544 ], [ -90.361824, 38.631839 ], [ -90.361868, 38.641138 ], [ -90.357684, 38.640123 ], [ -90.357646, 38.642212 ], [ -90.358754, 38.646149 ], [ -90.358711, 38.653385 ], [ -90.373705, 38.653516 ], [ -90.373571, 38.660861 ], [ -90.395216, 38.661067 ], [ -90.395394, 38.654957 ], [ -90.405318, 38.655041 ], [ -90.405685, 38.635602 ], [ -90.415432, 38.63565 ], [ -90.415414, 38.640463 ], [ -90.410408, 38.641104 ], [ -90.410355, 38.643902 ], [ -90.413832, 38.64426 ], [ -90.415343, 38.645139 ], [ -90.41879, 38.644382 ], [ -90.422602, 38.64737 ], [ -90.42468, 38.647091 ], [ -90.424552, 38.655226 ], [ -90.422279, 38.655206 ], [ -90.421963, 38.671216 ], [ -90.420958, 38.67132 ], [ -90.421099, 38.671922 ], [ -90.421958, 38.671932 ], [ -90.421947, 38.673377 ], [ -90.424427, 38.673648 ], [ -90.430138, 38.671311 ], [ -90.435409, 38.671272 ], [ -90.441456, 38.670438 ], [ -90.443283, 38.670619 ], [ -90.449042, 38.672109 ], [ -90.44909, 38.67279 ], [ -90.458294, 38.674435 ], [ -90.458466, 38.673873 ], [ -90.468839, 38.678034 ], [ -90.473432, 38.680344 ], [ -90.479784, 38.682355 ], [ -90.481805, 38.682734 ], [ -90.487686, 38.682566 ], [ -90.488538, 38.683173 ], [ -90.489424, 38.684978 ], [ -90.488664, 38.687325 ] ] ] } },
{ "type": "Feature", "properties": { "district": 2 }, "geometry": { "type": "Polygon", "coordinates": [ [ [ -91.418302, 38.72075 ], [ -91.416482, 38.805632 ], [ -91.416604, 38.830921 ], [ -91.415832, 38.8453 ], [ -91.364867, 38.844514 ], [ -91.313785, 38.845294 ], [ -91.301894, 38.845851 ], [ -91.301898, 38.84431 ], [ -91.283314, 38.84347 ], [ -91.264927, 38.843833 ], [ -91.264931, 38.84643 ], [ -91.237936, 38.846201 ], [ -91.231451, 38.844293 ], [ -91.227769, 38.841831 ], [ -91.217791, 38.83307 ], [ -91.212163, 38.829173 ], [ -91.206965, 38.826833 ], [ -91.185772, 38.820481 ], [ -91.169057, 38.81966 ], [ -91.169639, 38.819619 ], [ -91.163745, 38.819666 ], [ -91.145891, 38.821603 ], [ -91.139147, 38.821136 ], [ -91.128836, 38.818357 ], [ -91.113857, 38.818424 ], [ -91.079593, 38.822446 ], [ -91.053282, 38.827858 ], [ -91.042881, 38.827936 ], [ -91.020545, 38.830036 ], [ -91.015228, 38.830028 ], [ -91.008389, 38.827461 ], [ -90.989161, 38.823246 ], [ -90.989223, 38.821948 ], [ -90.961, 38.81635 ], [ -90.90603, 38.80437 ], [ -90.8988, 38.80354 ], [ -90.89341, 38.80362 ], [ -90.8886, 38.80416 ], [ -90.86458, 38.80892 ], [ -90.860163, 38.806102 ], [ -90.857645, 38.805586 ], [ -90.83584, 38.80642 ], [ -90.77694, 38.770449 ], [ -90.770179, 38.771257 ], [ -90.77002, 38.78126 ], [ -90.769569, 38.781834 ], [ -90.772318, 38.783706 ], [ -90.77131, 38.78533 ], [ -90.76742, 38.7838 ], [ -90.76502, 38.78357 ], [ -90.76303, 38.78402 ], [ -90.757267, 38.788097 ], [ -90.757205, 38.790425 ], [ -90.76176, 38.793797 ], [ -90.764114, 38.794429 ], [ -90.765477, 38.79898 ], [ -90.770087, 38.799288 ], [ -90.772585, 38.802673 ], [ -90.772251, 38.80396 ], [ -90.752174, 38.803454 ], [ -90.754393, 38.803323 ], [ -90.754735, 38.795504 ], [ -90.755344, 38.794035 ], [ -90.746717, 38.793808 ], [ -90.745409, 38.793799 ], [ -90.745344, 38.796689 ], [ -90.735944, 38.796559 ], [ -90.735796, 38.79833 ], [ -90.7332, 38.80181 ], [ -90.73315, 38.80297 ], [ -90.7001, 38.80232 ], [ -90.700301, 38.797088 ], [ -90.69858, 38.79222 ], [ -90.699856, 38.787644 ], [ -90.69984, 38.78021 ], [ -90.70263, 38.78007 ], [ -90.704546, 38.778592 ], [ -90.70457, 38.77903 ], [ -90.706, 38.77909 ], [ -90.70639, 38.77821 ], [ -90.7088, 38.778276 ], [ -90.708822, 38.775951 ], [ -90.70818, 38.774684 ], [ -90.710634, 38.774634 ], [ -90.710232, 38.772799 ], [ -90.707307, 38.772877 ], [ -90.7066, 38.771 ], [ -90.70301, 38.76974 ], [ -90.703552, 38.768522 ], [ -90.700079, 38.768552 ], [ -90.700017, 38.772817 ], [ -90.68875, 38.77259 ], [ -90.68877, 38.77173 ], [ -90.68782, 38.7717 ], [ -90.687799, 38.772539 ], [ -90.68593, 38.772566 ], [ -90.68595, 38.77386 ], [ -90.68352, 38.77385 ], [ -90.682865, 38.773273 ], [ -90.68031, 38.7728 ], [ -90.678057, 38.773952 ], [ -90.67669, 38.77234 ], [ -90.675272, 38.768831 ], [ -90.676576, 38.768828 ], [ -90.676582, 38.766663 ], [ -90.673713, 38.76619 ], [ -90.676591, 38.765122 ], [ -90.681291, 38.765182 ], [ -90.681484, 38.764101 ], [ -90.682049, 38.764187 ], [ -90.682262, 38.763447 ], [ -90.683605, 38.763547 ], [ -90.684834, 38.761541 ], [ -90.687966, 38.760107 ], [ -90.689918, 38.761132 ], [ -90.690062, 38.760656 ], [ -90.69209, 38.760156 ], [ -90.694136, 38.756408 ], [ -90.69425, 38.754532 ], [ -90.69818, 38.75655 ], [ -90.70021, 38.75693 ], [ -90.70028, 38.75086 ], [ -90.69908, 38.74671 ], [ -90.691428, 38.735305 ], [ -90.6913, 38.73425 ], [ -90.68951, 38.73473 ], [ -90.68825, 38.73405 ], [ -90.68581, 38.73051 ], [ -90.682973, 38.731407 ], [ -90.67492, 38.71995 ], [ -90.670859, 38.721577 ], [ -90.672898, 38.724871 ], [ -90.668062, 38.726608 ], [ -90.66852, 38.727521 ], [ -90.661468, 38.73014 ], [ -90.658796, 38.725819 ], [ -90.660108, 38.725437 ], [ -90.659426, 38.72401 ], [ -90.665323, 38.722235 ], [ -90.67828, 38.713795 ], [ -90.681655, 38.713649 ], [ -90.68593, 38.71418 ], [ -90.69034, 38.71182 ], [ -90.67907, 38.70972 ], [ -90.67671, 38.70821 ], [ -90.67207, 38.70174 ], [ -90.667449, 38.698797 ], [ -90.6664, 38.69755 ], [ -90.662749, 38.687439 ], [ -90.660509, 38.688551 ], [ -90.642551, 38.690949 ], [ -90.635184, 38.690774 ], [ -90.632647, 38.691078 ], [ -90.62841, 38.690409 ], [ -90.623805, 38.69028 ], [ -90.619088, 38.688582 ], [ -90.611443, 38.684239 ], [ -90.6039, 38.681977 ], [ -90.595123, 38.681752 ], [ -90.588614, 38.680503 ], [ -90.579461, 38.681486 ], [ -90.569983, 38.684073 ], [ -90.560733, 38.682571 ], [ -90.556828, 38.681518 ], [ -90.554722, 38.681552 ], [ -90.550679, 38.682354 ], [ -90.545806, 38.684129 ], [ -90.54013, 38.687414 ], [ -90.539288, 38.686778 ], [ -90.537616, 38.688018 ], [ -90.533785, 38.691915 ], [ -90.53173, 38.695302 ], [ -90.530363, 38.69863 ], [ -90.529903, 38.702036 ], [ -90.530378, 38.708195 ], [ -90.533018, 38.720963 ], [ -90.533638, 38.726871 ], [ -90.531927, 38.730298 ], [ -90.529566, 38.73275 ], [ -90.49579, 38.748256 ], [ -90.485205, 38.759229 ], [ -90.482299, 38.764348 ], [ -90.458537, 38.755672 ], [ -90.467191, 38.742344 ], [ -90.46826, 38.741669 ], [ -90.468857, 38.741818 ], [ -90.46885, 38.740713 ], [ -90.465962, 38.739411 ], [ -90.463364, 38.735175 ], [ -90.464791, 38.735313 ], [ -90.467576, 38.734721 ], [ -90.465024, 38.730202 ], [ -90.465518, 38.73004 ], [ -90.465401, 38.728506 ], [ -90.463332, 38.726659 ], [ -90.457076, 38.729286 ], [ -90.457266, 38.727886 ], [ -90.452994, 38.727097 ], [ -90.452624, 38.724751 ], [ -90.449563, 38.725537 ], [ -90.446857, 38.725356 ], [ -90.446897, 38.724041 ], [ -90.448436, 38.72185 ], [ -90.450466, 38.721859 ], [ -90.450725, 38.720907 ], [ -90.448432, 38.72067 ], [ -90.448454, 38.718227 ], [ -90.453529, 38.717281 ], [ -90.453867, 38.714555 ], [ -90.454907, 38.712956 ], [ -90.457613, 38.703245 ], [ -90.456623, 38.701367 ], [ -90.45341, 38.70042 ], [ -90.45456, 38.698481 ], [ -90.453389, 38.696345 ], [ -90.450524, 38.696529 ], [ -90.450301, 38.692911 ], [ -90.45539, 38.693624 ], [ -90.454424, 38.695233 ], [ -90.457247, 38.695758 ], [ -90.45708, 38.696403 ], [ -90.461993, 38.69567 ], [ -90.46474, 38.694737 ], [ -90.464786, 38.695994 ], [ -90.467117, 38.696277 ], [ -90.469692, 38.697323 ], [ -90.472006, 38.699886 ], [ -90.47363, 38.699327 ], [ -90.474735, 38.6955 ], [ -90.472055, 38.690068 ], [ -90.473412, 38.689648 ], [ -90.474102, 38.691308 ], [ -90.476034, 38.692264 ], [ -90.477119, 38.691922 ], [ -90.477466, 38.690621 ], [ -90.479638, 38.690248 ], [ -90.477189, 38.688644 ], [ -90.480958, 38.688391 ], [ -90.483631, 38.687476 ], [ -90.483487, 38.688775 ], [ -90.488664, 38.687325 ], [ -90.489424, 38.684978 ], [ -90.488538, 38.683173 ], [ -90.487686, 38.682566 ], [ -90.486829, 38.682633 ], [ -90.486954, 38.682361 ], [ -90.481805, 38.682734 ], [ -90.479784, 38.682355 ], [ -90.473432, 38.680344 ], [ -90.468839, 38.678034 ], [ -90.458466, 38.673873 ], [ -90.458294, 38.674435 ], [ -90.44909, 38.67279 ], [ -90.449042, 38.672109 ], [ -90.443283, 38.670619 ], [ -90.441456, 38.670438 ], [ -90.435409, 38.671272 ], [ -90.430138, 38.671311 ], [ -90.424427, 38.673648 ], [ -90.421947, 38.673377 ], [ -90.421958, 38.671932 ], [ -90.421099, 38.671922 ], [ -90.420958, 38.67132 ], [ -90.421963, 38.671216 ], [ -90.422279, 38.655206 ], [ -90.424552, 38.655226 ], [ -90.42468, 38.647091 ], [ -90.422602, 38.64737 ], [ -90.41879, 38.644382 ], [ -90.415343, 38.645139 ], [ -90.413832, 38.64426 ], [ -90.410355, 38.643902 ], [ -90.410408, 38.641104 ], [ -90.415414, 38.640463 ], [ -90.415432, 38.63565 ], [ -90.405685, 38.635602 ], [ -90.405318, 38.655041 ], [ -90.395394, 38.654957 ], [ -90.395216, 38.661067 ], [ -90.373571, 38.660861 ], [ -90.373705, 38.653516 ], [ -90.358711, 38.653385 ], [ -90.358754, 38.646149 ], [ -90.357646, 38.642212 ], [ -90.357684, 38.640123 ], [ -90.361868, 38.641138 ], [ -90.361824, 38.631839 ], [ -90.362272, 38.630544 ], [ -90.358015, 38.630448 ], [ -90.357304, 38.629202 ], [ -90.348319, 38.629242 ], [ -90.348532, 38.624077 ], [ -90.355712, 38.624149 ], [ -90.355718, 38.623677 ], [ -90.352967, 38.623652 ], [ -90.352983, 38.622776 ], [ -90.358022, 38.622651 ], [ -90.362375, 38.623076 ], [ -90.362387, 38.617854 ], [ -90.363349, 38.614009 ], [ -90.371588, 38.614964 ], [ -90.371864, 38.613358 ], [ -90.378901, 38.614093 ], [ -90.380383, 38.604536 ], [ -90.376747, 38.605695 ], [ -90.37518, 38.603039 ], [ -90.37699, 38.603068 ], [ -90.377194, 38.575951 ], [ -90.361923, 38.580048 ], [ -90.340992, 38.586761 ], [ -90.335983, 38.590967 ], [ -90.335823, 38.591897 ], [ -90.332325, 38.593808 ], [ -90.331194, 38.601041 ], [ -90.331957, 38.603164 ], [ -90.334225, 38.603819 ], [ -90.33518, 38.609923 ], [ -90.333727, 38.612107 ], [ -90.33371, 38.613172 ], [ -90.334471, 38.616765 ], [ -90.334438, 38.622756 ], [ -90.335085, 38.624622 ], [ -90.334952, 38.629825 ], [ -90.323289, 38.629446 ], [ -90.322436, 38.631424 ], [ -90.319269, 38.63104 ], [ -90.318574, 38.634753 ], [ -90.306433, 38.63359 ], [ -90.307813, 38.632468 ], [ -90.308743, 38.630022 ], [ -90.310851, 38.618205 ], [ -90.320515, 38.594152 ], [ -90.313582, 38.578768 ], [ -90.297022, 38.562368 ], [ -90.287, 38.555474 ], [ -90.277863, 38.550535 ], [ -90.272664, 38.548596 ], [ -90.270728, 38.542002 ], [ -90.271035, 38.538681 ], [ -90.2691, 38.537575 ], [ -90.266872, 38.534267 ], [ -90.265329, 38.53369 ], [ -90.263102, 38.534048 ], [ -90.2577736606992, 38.532006202660497 ], [ -90.260314, 38.528352 ], [ -90.263814, 38.520552 ], [ -90.268814, 38.506152 ], [ -90.271314, 38.496052 ], [ -90.274914, 38.486253 ], [ -90.275915, 38.479553 ], [ -90.279215, 38.472453 ], [ -90.284003, 38.451854 ], [ -90.287784, 38.439231 ], [ -90.292782, 38.428651 ], [ -90.312332, 38.414552 ], [ -90.326185, 38.400675 ], [ -90.334499, 38.394604 ], [ -90.341330986556102, 38.388214588664908 ], [ -90.344162, 38.391491 ], [ -90.344307, 38.396568 ], [ -90.347939, 38.405357 ], [ -90.347992, 38.410057 ], [ -90.346336, 38.417076 ], [ -90.34712, 38.419488 ], [ -90.348122, 38.430592 ], [ -90.346917, 38.436153 ], [ -90.340875, 38.440875 ], [ -90.335745, 38.448195 ], [ -90.336135, 38.453491 ], [ -90.338918, 38.455347 ], [ -90.347633, 38.457648 ], [ -90.353631, 38.458217 ], [ -90.358158, 38.457613 ], [ -90.364893, 38.455408 ], [ -90.376459, 38.452912 ], [ -90.391031, 38.450561 ], [ -90.392643, 38.451713 ], [ -90.390702, 38.455369 ], [ -90.391631, 38.457329 ], [ -90.39471, 38.458486 ], [ -90.397408, 38.457477 ], [ -90.400331, 38.454212 ], [ -90.404236, 38.452871 ], [ -90.408658, 38.452536 ], [ -90.411214, 38.453438 ], [ -90.414408, 38.456971 ], [ -90.41501, 38.46294 ], [ -90.416434, 38.467084 ], [ -90.418928, 38.470969 ], [ -90.422, 38.478166 ], [ -90.421889, 38.479985 ], [ -90.422609, 38.482056 ], [ -90.422231, 38.483359 ], [ -90.420057, 38.483725 ], [ -90.414513, 38.480821 ], [ -90.411805, 38.480988 ], [ -90.407949, 38.483328 ], [ -90.405636, 38.486542 ], [ -90.405311, 38.487981 ], [ -90.407419, 38.491652 ], [ -90.407619, 38.496353 ], [ -90.405603, 38.498586 ], [ -90.405335, 38.500598 ], [ -90.461238, 38.501247 ], [ -90.591123, 38.501652 ], [ -90.592892, 38.496965 ], [ -90.594044, 38.495159 ], [ -90.595914, 38.49375 ], [ -90.602652, 38.479617 ], [ -90.610609, 38.472977 ], [ -90.613685, 38.471328 ], [ -90.618026, 38.471984 ], [ -90.626331, 38.475903 ], [ -90.628619, 38.47773 ], [ -90.630773, 38.482329 ], [ -90.633746, 38.485782 ], [ -90.64352, 38.487906 ], [ -90.651388, 38.487981 ], [ -90.654043, 38.487541 ], [ -90.655561, 38.486737 ], [ -90.658846, 38.48327 ], [ -90.660703, 38.479195 ], [ -90.659871, 38.473965 ], [ -90.659064, 38.473113 ], [ -90.658099, 38.469895 ], [ -90.65769, 38.46613 ], [ -90.656479, 38.462463 ], [ -90.65429, 38.459861 ], [ -90.653799, 38.458554 ], [ -90.654733, 38.456078 ], [ -90.661022, 38.450673 ], [ -90.664639, 38.448755 ], [ -90.674537, 38.446319 ], [ -90.678775, 38.445877 ], [ -90.681695, 38.44761 ], [ -90.684011, 38.446518 ], [ -90.686546, 38.447542 ], [ -90.685958, 38.448824 ], [ -90.679104, 38.451411 ], [ -90.677055, 38.453601 ], [ -90.676907, 38.455309 ], [ -90.678799, 38.457879 ], [ -90.680546, 38.458372 ], [ -90.683337, 38.457108 ], [ -90.683861, 38.455234 ], [ -90.685446, 38.452908 ], [ -90.686567, 38.452439 ], [ -90.688669, 38.453141 ], [ -90.688669, 38.455599 ], [ -90.687557, 38.456503 ], [ -90.68782, 38.460408 ], [ -90.691695, 38.46267 ], [ -90.693492, 38.464603 ], [ -90.695618, 38.47055 ], [ -90.696932, 38.47191 ], [ -90.70027, 38.47244 ], [ -90.704237, 38.471477 ], [ -90.705963, 38.472077 ], [ -90.709468, 38.469845 ], [ -90.715528, 38.468742 ], [ -90.717805, 38.468782 ], [ -90.71883, 38.469931 ], [ -90.717719, 38.472034 ], [ -90.715281, 38.472865 ], [ -90.71425, 38.475075 ], [ -90.71712, 38.478267 ], [ -90.723544, 38.482067 ], [ -90.726486, 38.482655 ], [ -90.730509, 38.482736 ], [ -90.73203, 38.482153 ], [ -90.732083, 38.479514 ], [ -90.73553, 38.467753 ], [ -90.736204, 38.466812 ], [ -90.737599, 38.415897 ], [ -90.739641, 38.404396 ], [ -90.77228, 38.25005 ], [ -90.772585, 38.245856 ], [ -90.780185, 38.204112 ], [ -90.819205, 38.204258 ], [ -90.858312, 38.205103 ], [ -90.884854, 38.204832 ], [ -90.97019, 38.20551 ], [ -90.970187, 38.206687 ], [ -90.98964, 38.204295 ], [ -91.008785, 38.204089 ], [ -91.36763, 38.204013 ], [ -91.365436, 38.33147 ], [ -91.367037, 38.331491 ], [ -91.366833, 38.419915 ], [ -91.367753, 38.420296 ], [ -91.367794, 38.509374 ], [ -91.36852, 38.509366 ], [ -91.367821, 38.569216 ], [ -91.368853, 38.625044 ], [ -91.368417, 38.688158 ], [ -91.369192, 38.699324 ], [ -91.382347, 38.704044 ], [ -91.395134, 38.70799 ], [ -91.405369, 38.709219 ], [ -91.418637, 38.709778 ], [ -91.418302, 38.72075 ] ] ] } },
{ "type": "Feature", "properties": { "district": 3 }, "geometry": { "type": "Polygon", "coordinates": [ [ [ -93.059549, 38.700905 ], [ -93.054501, 38.817123 ], [ -93.050511, 38.918362 ], [ -93.050707, 38.924894 ], [ -93.048245, 38.972598 ], [ -92.934569, 39.064547 ], [ -92.934992, 39.058909 ], [ -92.93065, 39.050746 ], [ -92.923113, 39.040835 ], [ -92.914477, 39.021188 ], [ -92.909654, 39.015648 ], [ -92.902547, 39.01111 ], [ -92.884513, 39.00563 ], [ -92.87951, 39.003236 ], [ -92.876046, 39.000836 ], [ -92.870118, 38.995655 ], [ -92.866218, 38.990993 ], [ -92.861851, 38.987123 ], [ -92.852628, 38.982183 ], [ -92.841617, 38.979821 ], [ -92.81782, 38.977942 ], [ -92.791809, 38.972044 ], [ -92.783099, 38.971571 ], [ -92.770922, 38.972703 ], [ -92.764862, 38.974429 ], [ -92.754442, 38.979199 ], [ -92.745931, 38.98114 ], [ -92.733659, 38.983343 ], [ -92.719421, 38.98426 ], [ -92.715643, 38.984011 ], [ -92.707198, 38.981892 ], [ -92.697669, 38.977417 ], [ -92.693002, 38.975957 ], [ -92.681063, 38.975465 ], [ -92.655927, 38.976658 ], [ -92.629587, 38.973882 ], [ -92.606998, 38.968726 ], [ -92.59776, 38.967681 ], [ -92.587451, 38.967783 ], [ -92.570661, 38.971896 ], [ -92.562079, 38.972014 ], [ -92.558086, 38.970692 ], [ -92.559179, 38.973173 ], [ -92.565848, 38.974213 ], [ -92.569489, 38.978345 ], [ -92.569654, 38.980265 ], [ -92.565131, 38.982608 ], [ -92.556495, 38.985426 ], [ -92.556993, 38.988097 ], [ -92.558415, 38.988381 ], [ -92.562111, 38.986425 ], [ -92.563692, 38.986616 ], [ -92.563529, 38.988929 ], [ -92.565389, 38.990676 ], [ -92.564481, 38.992783 ], [ -92.55645, 38.98794 ], [ -92.54707, 38.984734 ], [ -92.542571, 38.984775 ], [ -92.53199, 38.98938 ], [ -92.52768, 38.99002 ], [ -92.46699, 38.98853 ], [ -92.46452, 38.98815 ], [ -92.44318, 38.98123 ], [ -92.44043, 38.98 ], [ -92.43081, 38.97164 ], [ -92.410307, 38.971019 ], [ -92.407277, 38.968688 ], [ -92.4068, 38.969269 ], [ -92.40635, 38.96908 ], [ -92.40605, 38.96779 ], [ -92.39845, 38.96127 ], [ -92.3961, 38.95564 ], [ -92.39165, 38.9558 ], [ -92.34369, 38.95127 ], [ -92.33705, 38.95166 ], [ -92.32015, 38.95134 ], [ -92.31098, 38.94956 ], [ -92.30217, 38.94711 ], [ -92.291428, 38.946298 ], [ -92.291351, 38.948771 ], [ -92.28597, 38.94879 ], [ -92.279483, 38.949862 ], [ -92.279004, 38.961319 ], [ -92.249221, 38.960086 ], [ -92.227498, 38.960237 ], [ -92.21316, 38.95866 ], [ -92.17498, 38.95846 ], [ -92.155388, 38.954905 ], [ -92.14979, 38.954301 ], [ -92.146817, 38.958571 ], [ -92.148104, 38.95904 ], [ -92.148784, 38.961036 ], [ -92.146865, 38.963194 ], [ -92.146453, 38.964804 ], [ -92.143394, 38.967719 ], [ -92.145327, 38.970487 ], [ -92.145651, 38.972007 ], [ -92.144811, 38.972757 ], [ -92.145904, 38.973898 ], [ -92.14706, 38.977577 ], [ -92.145669, 38.979105 ], [ -92.14632, 38.980954 ], [ -92.143817, 38.98197 ], [ -92.142842, 38.98016 ], [ -92.141914, 38.980352 ], [ -92.141813, 38.982027 ], [ -92.140809, 38.983063 ], [ -92.140559, 38.984541 ], [ -92.138334, 38.985182 ], [ -92.139688, 38.986806 ], [ -92.137086, 38.991887 ], [ -92.137758, 38.993622 ], [ -92.136541, 38.994938 ], [ -92.138785, 38.996576 ], [ -92.137631, 38.997433 ], [ -92.136623, 38.999633 ], [ -92.137139, 39.001818 ], [ -92.138353, 39.002665 ], [ -92.139454, 39.000438 ], [ -92.140296, 39.001454 ], [ -92.13978, 39.003063 ], [ -92.138581, 39.003836 ], [ -92.138496, 39.005902 ], [ -92.139895, 39.005799 ], [ -92.140472, 39.006659 ], [ -92.135687, 39.009103 ], [ -92.133069, 39.012637 ], [ -92.132822, 39.01487 ], [ -92.133729, 39.015309 ], [ -92.13359, 39.018107 ], [ -92.131022, 39.021455 ], [ -92.130607, 39.0253 ], [ -92.133723, 39.026002 ], [ -92.134589, 39.027377 ], [ -92.140653, 39.027382 ], [ -92.140209, 39.028595 ], [ -92.140784, 39.030135 ], [ -92.135974, 39.032397 ], [ -92.13349, 39.039695 ], [ -92.133511, 39.043522 ], [ -92.132699, 39.045133 ], [ -92.129787, 39.045138 ], [ -92.128481, 39.048504 ], [ -92.130006, 39.050426 ], [ -92.131885, 39.050782 ], [ -92.130975, 39.055272 ], [ -92.132577, 39.059393 ], [ -92.130935, 39.061273 ], [ -92.130143, 39.060844 ], [ -92.12958, 39.062488 ], [ -92.131512, 39.064484 ], [ -92.091254, 39.064297 ], [ -91.976453, 39.062044 ], [ -91.774466, 39.060786 ], [ -91.745579, 39.059991 ], [ -91.633998, 39.059057 ], [ -91.629598, 39.147853 ], [ -91.484936, 39.144857 ], [ -91.409033, 39.142542 ], [ -91.260232, 39.139845 ], [ -91.262564, 39.070021 ], [ -91.262877, 39.052944 ], [ -91.262466, 39.052814 ], [ -91.264287, 38.992762 ], [ -91.188396, 38.991798 ], [ -91.189348, 38.932151 ], [ -91.110187, 38.931901 ], [ -91.111251, 38.872709 ], [ -91.090347, 38.872356 ], [ -91.059818, 38.872635 ], [ -90.958536, 38.870865 ], [ -90.957555, 38.893285 ], [ -90.95645, 38.894164 ], [ -90.954226, 38.893148 ], [ -90.951183, 38.894114 ], [ -90.950643, 38.894988 ], [ -90.949305, 38.893788 ], [ -90.944515, 38.891109 ], [ -90.94439, 38.890317 ], [ -90.940172, 38.886472 ], [ -90.937278, 38.888086 ], [ -90.934392, 38.886458 ], [ -90.933455, 38.885049 ], [ -90.932831, 38.885903 ], [ -90.928041, 38.887524 ], [ -90.927061, 38.886587 ], [ -90.925664, 38.887118 ], [ -90.925191, 38.888631 ], [ -90.922121, 38.887426 ], [ -90.91389, 38.888883 ], [ -90.912352, 38.890577 ], [ -90.907772, 38.890871 ], [ -90.903748, 38.890319 ], [ -90.901219, 38.889324 ], [ -90.900015, 38.887435 ], [ -90.900496, 38.885993 ], [ -90.898381, 38.886507 ], [ -90.897301, 38.886053 ], [ -90.894677, 38.886313 ], [ -90.893819, 38.887443 ], [ -90.892463, 38.886457 ], [ -90.883206, 38.886748 ], [ -90.880745, 38.888523 ], [ -90.87466, 38.888271 ], [ -90.870425, 38.888675 ], [ -90.864535, 38.887872 ], [ -90.86291, 38.887263 ], [ -90.861142, 38.885131 ], [ -90.861487, 38.883399 ], [ -90.860366, 38.881932 ], [ -90.859305, 38.881857 ], [ -90.855845, 38.884722 ], [ -90.854767, 38.884353 ], [ -90.852578, 38.881057 ], [ -90.850189, 38.880124 ], [ -90.849557, 38.880674 ], [ -90.851301, 38.883574 ], [ -90.847385, 38.883699 ], [ -90.845044, 38.883005 ], [ -90.844673, 38.883965 ], [ -90.842953, 38.883455 ], [ -90.841977, 38.882004 ], [ -90.839152, 38.881426 ], [ -90.839266, 38.87964 ], [ -90.835431, 38.879968 ], [ -90.834727, 38.881326 ], [ -90.837983, 38.882325 ], [ -90.837831, 38.883632 ], [ -90.836594, 38.884118 ], [ -90.835088, 38.883531 ], [ -90.831097, 38.878212 ], [ -90.829801, 38.878045 ], [ -90.826982, 38.878964 ], [ -90.822724, 38.876392 ], [ -90.821147, 38.875884 ], [ -90.817827, 38.875966 ], [ -90.813244, 38.878954 ], [ -90.811182, 38.878999 ], [ -90.809166, 38.877803 ], [ -90.807577, 38.87766 ], [ -90.806213, 38.879016 ], [ -90.810213, 38.885605 ], [ -90.809961, 38.888922 ], [ -90.806926, 38.895244 ], [ -90.808333, 38.899553 ], [ -90.807199, 38.901147 ], [ -90.805944, 38.901733 ], [ -90.802558, 38.901672 ], [ -90.800153, 38.901072 ], [ -90.799154, 38.901421 ], [ -90.797935, 38.903098 ], [ -90.797499, 38.905145 ], [ -90.798168, 38.906302 ], [ -90.80267, 38.909165 ], [ -90.804418, 38.911139 ], [ -90.791344, 38.917895 ], [ -90.78922, 38.918361 ], [ -90.783868, 38.918115 ], [ -90.782006, 38.918559 ], [ -90.77821, 38.922488 ], [ -90.776406, 38.923016 ], [ -90.767792, 38.922329 ], [ -90.760382, 38.919805 ], [ -90.756746, 38.919811 ], [ -90.754113, 38.920747 ], [ -90.749175, 38.924183 ], [ -90.746642, 38.92801 ], [ -90.745151, 38.929489 ], [ -90.742997, 38.930368 ], [ -90.735822, 38.931141 ], [ -90.728841, 38.931141 ], [ -90.724722, 38.928249 ], [ -90.723701, 38.925932 ], [ -90.724129, 38.924362 ], [ -90.726076, 38.922632 ], [ -90.734616, 38.919709 ], [ -90.735913, 38.918321 ], [ -90.735737, 38.916177 ], [ -90.73367, 38.914272 ], [ -90.729603, 38.914183 ], [ -90.726232, 38.915207 ], [ -90.724578, 38.915181 ], [ -90.723217, 38.91407 ], [ -90.72286, 38.912055 ], [ -90.72452, 38.909786 ], [ -90.723898, 38.90871 ], [ -90.721215, 38.908688 ], [ -90.717551, 38.910316 ], [ -90.714198, 38.909892 ], [ -90.710648, 38.908106 ], [ -90.709422, 38.90618 ], [ -90.709285, 38.903093 ], [ -90.708149, 38.902591 ], [ -90.70604, 38.903428 ], [ -90.703881, 38.905626 ], [ -90.700517, 38.906522 ], [ -90.699324, 38.907881 ], [ -90.700329, 38.90965 ], [ -90.703291, 38.912239 ], [ -90.70623, 38.913506 ], [ -90.709923, 38.913602 ], [ -90.713819, 38.912079 ], [ -90.715738, 38.912327 ], [ -90.717413, 38.913653 ], [ -90.717502, 38.915376 ], [ -90.714309, 38.918164 ], [ -90.707322, 38.92149 ], [ -90.703824, 38.921221 ], [ -90.70094, 38.919818 ], [ -90.69719, 38.916067 ], [ -90.693858, 38.915526 ], [ -90.69115, 38.916388 ], [ -90.688485, 38.916599 ], [ -90.684562, 38.9156 ], [ -90.68434, 38.917139 ], [ -90.686599, 38.918852 ], [ -90.689581, 38.923613 ], [ -90.691632, 38.925235 ], [ -90.697481, 38.928151 ], [ -90.698035, 38.930742 ], [ -90.696582, 38.932784 ], [ -90.694001, 38.933863 ], [ -90.691582, 38.934235 ], [ -90.685863, 38.933932 ], [ -90.663430838055902, 38.934221323751906 ], [ -90.663466, 38.927384 ], [ -90.64729, 38.912095 ], [ -90.635896, 38.903941 ], [ -90.628485, 38.891617 ], [ -90.625122, 38.888654 ], [ -90.595354, 38.87505 ], [ -90.583388, 38.86903 ], [ -90.576719, 38.868336 ], [ -90.566557, 38.868847 ], [ -90.555693, 38.870785 ], [ -90.545872, 38.874008 ], [ -90.54403, 38.87505 ], [ -90.531118, 38.887078 ], [ -90.516963, 38.898818 ], [ -90.507451, 38.902767 ], [ -90.500117, 38.910408 ], [ -90.486974, 38.925982 ], [ -90.482725, 38.934712 ], [ -90.483452, 38.940436 ], [ -90.482419, 38.94446 ], [ -90.472122, 38.958838 ], [ -90.467784, 38.961809 ], [ -90.462411, 38.964322 ], [ -90.450792, 38.967764 ], [ -90.440078, 38.967364 ], [ -90.433745, 38.965526 ], [ -90.424726, 38.963785 ], [ -90.413108, 38.96333 ], [ -90.406367, 38.962554 ], [ -90.395816, 38.960037 ], [ -90.383126, 38.955453 ], [ -90.346442, 38.94079 ], [ -90.333533, 38.933489 ], [ -90.324179, 38.929827 ], [ -90.317572, 38.927912 ], [ -90.309454, 38.92412 ], [ -90.306113, 38.923525 ], [ -90.298711, 38.923395 ], [ -90.283712, 38.924048 ], [ -90.277471, 38.923716 ], [ -90.269872, 38.922556 ], [ -90.262792, 38.920344 ], [ -90.256993, 38.920763 ], [ -90.254033, 38.920489 ], [ -90.250248, 38.919344 ], [ -90.241703, 38.914828 ], [ -90.230336, 38.91086 ], [ -90.223041, 38.907389 ], [ -90.213519, 38.900454 ], [ -90.19761, 38.887648 ], [ -90.19521, 38.886748 ], [ -90.190309, 38.886248 ], [ -90.186909, 38.885048 ], [ -90.166409, 38.876348 ], [ -90.151508, 38.867148 ], [ -90.113327, 38.849306 ], [ -90.109407, 38.843548 ], [ -90.109107, 38.837448 ], [ -90.114707, 38.815048 ], [ -90.117707, 38.805748 ], [ -90.123064, 38.816035 ], [ -90.12528, 38.819807 ], [ -90.12678, 38.821326 ], [ -90.132811, 38.825086 ], [ -90.141608, 38.829448 ], [ -90.150893, 38.829925 ], [ -90.15511, 38.829722 ], [ -90.158459, 38.828787 ], [ -90.167442, 38.824633 ], [ -90.173501, 38.820382 ], [ -90.17765, 38.818859 ], [ -90.183058, 38.818053 ], [ -90.188927, 38.81851 ], [ -90.195678, 38.821261 ], [ -90.245071, 38.847448 ], [ -90.256136, 38.852128 ], [ -90.26818, 38.861036 ], [ -90.271673, 38.86687 ], [ -90.275884, 38.872301 ], [ -90.287923, 38.881647 ], [ -90.293712, 38.885548 ], [ -90.298743, 38.887759 ], [ -90.30239, 38.888811 ], [ -90.31423, 38.891146 ], [ -90.320213, 38.891148 ], [ -90.3245, 38.890261 ], [ -90.332022, 38.886516 ], [ -90.336387, 38.882572 ], [ -90.340766, 38.873485 ], [ -90.342614, 38.866549 ], [ -90.342514, 38.858549 ], [ -90.344965, 38.849372 ], [ -90.349113, 38.841695 ], [ -90.362163, 38.82786 ], [ -90.369951, 38.82383 ], [ -90.37378, 38.822714 ], [ -90.382268, 38.821942 ], [ -90.394992, 38.823197 ], [ -90.401914, 38.824799 ], [ -90.415546, 38.828876 ], [ -90.41932, 38.829277 ], [ -90.425116, 38.82915 ], [ -90.430975, 38.829806 ], [ -90.433516, 38.82955 ], [ -90.440617, 38.82765 ], [ -90.448117, 38.82205 ], [ -90.473188, 38.790978 ], [ -90.482299, 38.764348 ], [ -90.485205, 38.759229 ], [ -90.49579, 38.748256 ], [ -90.529566, 38.73275 ], [ -90.532943, 38.728777 ], [ -90.533638, 38.726871 ], [ -90.533018, 38.720963 ], [ -90.530378, 38.708195 ], [ -90.529903, 38.702036 ], [ -90.530363, 38.69863 ], [ -90.53173, 38.695302 ], [ -90.533785, 38.691915 ], [ -90.537616, 38.688018 ], [ -90.539288, 38.686778 ], [ -90.54013, 38.687414 ], [ -90.545806, 38.684129 ], [ -90.550679, 38.682354 ], [ -90.554722, 38.681552 ], [ -90.556828, 38.681518 ], [ -90.560733, 38.682571 ], [ -90.569983, 38.684073 ], [ -90.579461, 38.681486 ], [ -90.588614, 38.680503 ], [ -90.595123, 38.681752 ], [ -90.6039, 38.681977 ], [ -90.611443, 38.684239 ], [ -90.619088, 38.688582 ], [ -90.623805, 38.69028 ], [ -90.62841, 38.690409 ], [ -90.632647, 38.691078 ], [ -90.635184, 38.690774 ], [ -90.642551, 38.690949 ], [ -90.660509, 38.688551 ], [ -90.662749, 38.687439 ], [ -90.6664, 38.69755 ], [ -90.667449, 38.698797 ], [ -90.67207, 38.70174 ], [ -90.67671, 38.70821 ], [ -90.67907, 38.70972 ], [ -90.69034, 38.71182 ], [ -90.68593, 38.71418 ], [ -90.681655, 38.713649 ], [ -90.67828, 38.713795 ], [ -90.665323, 38.722235 ], [ -90.659426, 38.72401 ], [ -90.660108, 38.725437 ], [ -90.658796, 38.725819 ], [ -90.661468, 38.73014 ], [ -90.66852, 38.727521 ], [ -90.668062, 38.726608 ], [ -90.672898, 38.724871 ], [ -90.670859, 38.721577 ], [ -90.67492, 38.71995 ], [ -90.682973, 38.731407 ], [ -90.68581, 38.73051 ], [ -90.68825, 38.73405 ], [ -90.68951, 38.73473 ], [ -90.6913, 38.73425 ], [ -90.691428, 38.735305 ], [ -90.69908, 38.74671 ], [ -90.70028, 38.75086 ], [ -90.70021, 38.75693 ], [ -90.69818, 38.75655 ], [ -90.69425, 38.754532 ], [ -90.694136, 38.756408 ], [ -90.69209, 38.760156 ], [ -90.690062, 38.760656 ], [ -90.689918, 38.761132 ], [ -90.687966, 38.760107 ], [ -90.684834, 38.761541 ], [ -90.683605, 38.763547 ], [ -90.682262, 38.763447 ], [ -90.682049, 38.764187 ], [ -90.681484, 38.764101 ], [ -90.681291, 38.765182 ], [ -90.676591, 38.765122 ], [ -90.673713, 38.76619 ], [ -90.676582, 38.766663 ], [ -90.676576, 38.768828 ], [ -90.675272, 38.768831 ], [ -90.67669, 38.77234 ], [ -90.678057, 38.773952 ], [ -90.68031, 38.7728 ], [ -90.682865, 38.773273 ], [ -90.68352, 38.77385 ], [ -90.68595, 38.77386 ], [ -90.68593, 38.772566 ], [ -90.687799, 38.772539 ], [ -90.68782, 38.7717 ], [ -90.68877, 38.77173 ], [ -90.68875, 38.77259 ], [ -90.700017, 38.772817 ], [ -90.700079, 38.768552 ], [ -90.703552, 38.768522 ], [ -90.70301, 38.76974 ], [ -90.7066, 38.771 ], [ -90.707307, 38.772877 ], [ -90.710232, 38.772799 ], [ -90.710634, 38.774634 ], [ -90.70818, 38.774684 ], [ -90.708822, 38.775951 ], [ -90.7088, 38.778276 ], [ -90.70639, 38.77821 ], [ -90.706, 38.77909 ], [ -90.70457, 38.77903 ], [ -90.704546, 38.778592 ], [ -90.70263, 38.78007 ], [ -90.69984, 38.78021 ], [ -90.699856, 38.787644 ], [ -90.69858, 38.79222 ], [ -90.700301, 38.797088 ], [ -90.7001, 38.80232 ], [ -90.73315, 38.80297 ], [ -90.7332, 38.80181 ], [ -90.735796, 38.79833 ], [ -90.735944, 38.796559 ], [ -90.745344, 38.796689 ], [ -90.745409, 38.793799 ], [ -90.746717, 38.793808 ], [ -90.755344, 38.794035 ], [ -90.754735, 38.795504 ], [ -90.754393, 38.803323 ], [ -90.752174, 38.803454 ], [ -90.772251, 38.80396 ], [ -90.772585, 38.802673 ], [ -90.770087, 38.799288 ], [ -90.765477, 38.79898 ], [ -90.764114, 38.794429 ], [ -90.76176, 38.793797 ], [ -90.757205, 38.790425 ], [ -90.757267, 38.788097 ], [ -90.76303, 38.78402 ], [ -90.76502, 38.78357 ], [ -90.76742, 38.7838 ], [ -90.77131, 38.78533 ], [ -90.772318, 38.783706 ], [ -90.769569, 38.781834 ], [ -90.77002, 38.78126 ], [ -90.770179, 38.771257 ], [ -90.77694, 38.770449 ], [ -90.83584, 38.80642 ], [ -90.857645, 38.805586 ], [ -90.860163, 38.806102 ], [ -90.86458, 38.80892 ], [ -90.8886, 38.80416 ], [ -90.89341, 38.80362 ], [ -90.8988, 38.80354 ], [ -90.90603, 38.80437 ], [ -90.961, 38.81635 ], [ -90.989223, 38.821948 ], [ -90.989161, 38.823246 ], [ -91.008389, 38.827461 ], [ -91.015228, 38.830028 ], [ -91.020545, 38.830036 ], [ -91.042881, 38.827936 ], [ -91.053282, 38.827858 ], [ -91.079593, 38.822446 ], [ -91.113857, 38.818424 ], [ -91.128836, 38.818357 ], [ -91.139147, 38.821136 ], [ -91.145891, 38.821603 ], [ -91.163745, 38.819666 ], [ -91.169639, 38.819619 ], [ -91.169057, 38.81966 ], [ -91.185772, 38.820481 ], [ -91.206965, 38.826833 ], [ -91.212163, 38.829173 ], [ -91.217791, 38.83307 ], [ -91.227769, 38.841831 ], [ -91.231451, 38.844293 ], [ -91.237936, 38.846201 ], [ -91.264931, 38.84643 ], [ -91.264927, 38.843833 ], [ -91.283314, 38.84347 ], [ -91.301898, 38.84431 ], [ -91.301894, 38.845851 ], [ -91.313785, 38.845294 ], [ -91.364867, 38.844514 ], [ -91.415832, 38.8453 ], [ -91.416604, 38.830921 ], [ -91.416482, 38.805632 ], [ -91.418637, 38.709778 ], [ -91.405369, 38.709219 ], [ -91.395134, 38.70799 ], [ -91.382347, 38.704044 ], [ -91.369192, 38.699324 ], [ -91.368417, 38.688158 ], [ -91.368853, 38.625044 ], [ -91.367821, 38.569216 ], [ -91.36852, 38.509366 ], [ -91.367794, 38.509374 ], [ -91.367753, 38.420296 ], [ -91.366833, 38.419915 ], [ -91.367037, 38.331491 ], [ -91.365436, 38.33147 ], [ -91.36763, 38.204013 ], [ -91.008785, 38.204089 ], [ -90.98964, 38.204295 ], [ -90.970187, 38.206687 ], [ -90.97019, 38.20551 ], [ -90.884854, 38.204832 ], [ -90.858312, 38.205103 ], [ -90.819205, 38.204258 ], [ -90.780185, 38.204112 ], [ -90.772585, 38.245856 ], [ -90.77228, 38.25005 ], [ -90.740674, 38.399353 ], [ -90.737599, 38.415897 ], [ -90.736204, 38.466812 ], [ -90.73553, 38.467753 ], [ -90.732083, 38.479514 ], [ -90.73203, 38.482153 ], [ -90.730509, 38.482736 ], [ -90.726486, 38.482655 ], [ -90.723544, 38.482067 ], [ -90.71712, 38.478267 ], [ -90.71425, 38.475075 ], [ -90.715281, 38.472865 ], [ -90.717719, 38.472034 ], [ -90.71883, 38.469931 ], [ -90.717805, 38.468782 ], [ -90.715528, 38.468742 ], [ -90.709468, 38.469845 ], [ -90.705963, 38.472077 ], [ -90.704237, 38.471477 ], [ -90.70027, 38.47244 ], [ -90.696932, 38.47191 ], [ -90.695618, 38.47055 ], [ -90.693492, 38.464603 ], [ -90.691695, 38.46267 ], [ -90.68782, 38.460408 ], [ -90.687557, 38.456503 ], [ -90.688669, 38.455599 ], [ -90.688669, 38.453141 ], [ -90.686567, 38.452439 ], [ -90.685446, 38.452908 ], [ -90.683861, 38.455234 ], [ -90.683337, 38.457108 ], [ -90.680546, 38.458372 ], [ -90.678799, 38.457879 ], [ -90.676907, 38.455309 ], [ -90.677055, 38.453601 ], [ -90.679104, 38.451411 ], [ -90.685958, 38.448824 ], [ -90.686546, 38.447542 ], [ -90.684011, 38.446518 ], [ -90.681695, 38.44761 ], [ -90.678775, 38.445877 ], [ -90.674537, 38.446319 ], [ -90.664639, 38.448755 ], [ -90.661022, 38.450673 ], [ -90.654733, 38.456078 ], [ -90.653799, 38.458554 ], [ -90.65429, 38.459861 ], [ -90.656479, 38.462463 ], [ -90.65769, 38.46613 ], [ -90.658099, 38.469895 ], [ -90.659064, 38.473113 ], [ -90.659871, 38.473965 ], [ -90.660703, 38.479195 ], [ -90.658846, 38.48327 ], [ -90.655561, 38.486737 ], [ -90.654043, 38.487541 ], [ -90.651388, 38.487981 ], [ -90.64352, 38.487906 ], [ -90.633746, 38.485782 ], [ -90.630773, 38.482329 ], [ -90.628619, 38.47773 ], [ -90.626331, 38.475903 ], [ -90.618026, 38.471984 ], [ -90.613685, 38.471328 ], [ -90.610609, 38.472977 ], [ -90.602652, 38.479617 ], [ -90.595914, 38.49375 ], [ -90.594044, 38.495159 ], [ -90.592892, 38.496965 ], [ -90.591123, 38.501652 ], [ -90.512523, 38.501344 ], [ -90.513062, 38.424597 ], [ -90.513425, 38.404384 ], [ -90.51413, 38.40092 ], [ -90.513472, 38.400162 ], [ -90.514146, 38.307199 ], [ -90.512839, 38.306731 ], [ -90.514375, 38.304639 ], [ -90.514628, 38.27132 ], [ -90.515791, 38.250592 ], [ -90.515486, 38.248389 ], [ -90.519062, 38.183721 ], [ -90.518168, 38.183826 ], [ -90.516827, 38.175971 ], [ -90.509478, 38.175576 ], [ -90.50971, 38.16553 ], [ -90.51019, 38.16293 ], [ -90.51095, 38.16207 ], [ -90.509838, 38.161219 ], [ -90.50967, 38.15447 ], [ -90.514266, 38.154484 ], [ -90.514224, 38.155628 ], [ -90.518651, 38.155677 ], [ -90.51782, 38.15387 ], [ -90.51813, 38.15206 ], [ -90.51742, 38.15023 ], [ -90.5099, 38.14386 ], [ -90.50812, 38.14321 ], [ -90.50513, 38.1401 ], [ -90.49867, 38.13894 ], [ -90.49211, 38.13977 ], [ -90.4919, 38.13862 ], [ -90.50263, 38.13829 ], [ -90.52927, 38.14269 ], [ -90.532659, 38.144899 ], [ -90.532584, 38.144378 ], [ -90.528782, 38.141 ], [ -90.529729, 38.138617 ], [ -90.529863, 38.135943 ], [ -90.527723, 38.133356 ], [ -90.52742, 38.130936 ], [ -90.54366, 38.13126 ], [ -90.5447, 38.12943 ], [ -90.54111, 38.12655 ], [ -90.53971, 38.1246 ], [ -90.53813, 38.12412 ], [ -90.537373, 38.119494 ], [ -90.5378, 38.10752 ], [ -90.54277, 38.10806 ], [ -90.54266, 38.10761 ], [ -90.550427, 38.110177 ], [ -90.552515, 38.111228 ], [ -90.553645, 38.113252 ], [ -90.556095, 38.114307 ], [ -90.560006, 38.114652 ], [ -90.56384, 38.10975 ], [ -90.56347, 38.108 ], [ -90.56055, 38.1068 ], [ -90.55981, 38.105 ], [ -90.5615, 38.10209 ], [ -90.567671, 38.102761 ], [ -90.567899, 38.099096 ], [ -90.57139, 38.09938 ], [ -90.572, 38.09852 ], [ -90.573714, 38.09905 ], [ -90.575917, 38.098769 ], [ -90.577331, 38.099042 ], [ -90.57954, 38.096489 ], [ -90.585745, 38.091088 ], [ -90.585998, 38.086682 ], [ -90.584595, 38.086176 ], [ -90.584592, 38.082487 ], [ -90.593155, 38.083138 ], [ -90.592933, 38.086838 ], [ -90.597782, 38.087337 ], [ -90.599022, 38.086969 ], [ -90.599209, 38.084074 ], [ -90.603789, 38.084593 ], [ -90.603546, 38.088237 ], [ -90.61754, 38.089872 ], [ -90.618065, 38.073322 ], [ -90.619854, 38.072779 ], [ -90.625212, 38.076036 ], [ -90.627138, 38.075884 ], [ -90.632542, 38.07406 ], [ -90.636477, 38.076162 ], [ -90.63998, 38.076548 ], [ -90.641593, 37.935731 ], [ -90.643306, 37.851955 ], [ -90.644501, 37.750049 ], [ -90.645135, 37.734813 ], [ -90.738383, 37.737188 ], [ -90.76195, 37.737185 ], [ -90.762091, 37.738517 ], [ -90.783124, 37.736635 ], [ -90.83965, 37.734774 ], [ -90.874134, 37.734196 ], [ -90.874051, 37.736028 ], [ -90.875129, 37.736109 ], [ -90.892849, 37.734871 ], [ -90.96527, 37.738524 ], [ -90.98265, 37.738999 ], [ -90.982499, 37.74033 ], [ -91.000686, 37.738733 ], [ -91.085973, 37.739628 ], [ -91.146521, 37.740811 ], [ -91.146972, 37.697198 ], [ -91.310655, 37.700048 ], [ -91.308311, 37.787186 ], [ -91.418759, 37.788452 ], [ -91.528797, 37.788989 ], [ -91.526392, 37.941426 ], [ -91.525025, 38.152433 ], [ -91.630554, 38.153519 ], [ -91.632431, 38.050951 ], [ -91.747389, 38.05332 ], [ -91.774464, 38.052389 ], [ -91.780681, 38.052567 ], [ -91.822594, 38.051549 ], [ -91.895132, 38.051199 ], [ -91.896944, 38.047864 ], [ -91.901088, 38.047389 ], [ -91.90606, 38.045882 ], [ -91.907202, 38.044859 ], [ -91.913885, 38.042982 ], [ -91.917023, 38.041484 ], [ -91.917847, 38.040122 ], [ -91.924722, 38.035224 ], [ -91.935247, 38.03087 ], [ -91.936029, 38.03088 ], [ -91.937294, 38.032099 ], [ -91.93844, 38.036752 ], [ -91.941852, 38.041592 ], [ -91.945536, 38.042179 ], [ -91.949089, 38.041872 ], [ -91.953704, 38.040155 ], [ -91.958301, 38.036319 ], [ -91.963168, 38.022743 ], [ -91.96378, 38.015396 ], [ -91.966333, 38.009683 ], [ -91.984815, 38.009622 ], [ -92.021165, 38.010639 ], [ -92.061372, 38.010935 ], [ -92.142809, 38.013784 ], [ -92.155182, 38.014667 ], [ -92.18537, 38.015138 ], [ -92.18537, 38.016338 ], [ -92.295673, 38.018436 ], [ -92.295665, 38.018938 ], [ -92.363322, 38.019982 ], [ -92.365625, 38.02017 ], [ -92.365937, 38.020632 ], [ -92.377349, 38.020647 ], [ -92.379449, 38.020231 ], [ -92.406275, 38.021179 ], [ -92.515979, 38.022336 ], [ -92.51558, 38.036936 ], [ -92.533895, 38.037467 ], [ -92.533554, 38.051808 ], [ -92.552381, 38.052145 ], [ -92.552081, 38.066335 ], [ -92.570281, 38.066635 ], [ -92.569682, 38.095934 ], [ -92.587984, 38.096134 ], [ -92.587688, 38.110636 ], [ -92.596761, 38.110754 ], [ -92.596944, 38.127066 ], [ -92.596374, 38.139787 ], [ -92.605302, 38.139894 ], [ -92.604957, 38.157688 ], [ -92.606315, 38.155394 ], [ -92.608589, 38.154655 ], [ -92.612273, 38.154402 ], [ -92.61322, 38.150764 ], [ -92.614391, 38.149094 ], [ -92.623227, 38.142126 ], [ -92.629468, 38.139922 ], [ -92.634904, 38.137226 ], [ -92.638448, 38.134787 ], [ -92.647294, 38.132946 ], [ -92.65267, 38.129907 ], [ -92.655496, 38.129334 ], [ -92.659619, 38.126955 ], [ -92.665324, 38.127162 ], [ -92.674576, 38.124124 ], [ -92.689055, 38.111415 ], [ -92.689586, 38.1104 ], [ -92.689049, 38.107429 ], [ -92.685224, 38.09946 ], [ -92.686724, 38.094616 ], [ -92.68998, 38.089706 ], [ -92.69158, 38.090202 ], [ -92.697102, 38.09337 ], [ -92.699006, 38.095717 ], [ -92.706103, 38.096577 ], [ -92.707661, 38.09743 ], [ -92.710398, 38.098002 ], [ -92.711646, 38.102822 ], [ -92.709635, 38.10267 ], [ -92.706361, 38.104416 ], [ -92.704436, 38.106324 ], [ -92.704562, 38.108823 ], [ -92.710296, 38.115929 ], [ -92.714617, 38.119174 ], [ -92.724224, 38.125032 ], [ -92.731887, 38.13249 ], [ -92.734811, 38.136291 ], [ -92.737357, 38.141759 ], [ -92.742833, 38.141824 ], [ -92.74478, 38.139041 ], [ -92.74605, 38.139311 ], [ -92.74806, 38.141186 ], [ -92.752536, 38.141214 ], [ -92.755062, 38.140805 ], [ -92.758284, 38.141749 ], [ -92.767956, 38.14208 ], [ -92.768681, 38.139328 ], [ -92.767215, 38.135106 ], [ -92.774323, 38.134348 ], [ -92.775851, 38.134658 ], [ -92.775436, 38.142449 ], [ -92.772833, 38.142331 ], [ -92.77296, 38.146686 ], [ -92.776799, 38.146692 ], [ -92.773062, 38.149548 ], [ -92.772143, 38.150966 ], [ -92.77252, 38.153159 ], [ -92.77616, 38.156007 ], [ -92.777058, 38.157996 ], [ -92.777023, 38.161022 ], [ -92.778873, 38.166638 ], [ -92.778999, 38.169503 ], [ -92.782757, 38.174804 ], [ -92.782065, 38.176771 ], [ -92.778989, 38.17866 ], [ -92.77549, 38.178467 ], [ -92.774377, 38.179169 ], [ -92.773244, 38.184571 ], [ -92.775377, 38.189925 ], [ -92.764539, 38.189619 ], [ -92.764098, 38.196067 ], [ -92.761704, 38.201857 ], [ -92.758207, 38.20595 ], [ -92.755988, 38.212465 ], [ -92.753264, 38.214952 ], [ -92.749044, 38.21756 ], [ -92.744042, 38.218125 ], [ -92.740828, 38.21886 ], [ -92.736675, 38.220733 ], [ -92.731405, 38.221588 ], [ -92.725603, 38.220437 ], [ -92.718587, 38.220131 ], [ -92.714117, 38.221212 ], [ -92.710205, 38.223131 ], [ -92.707187, 38.224031 ], [ -92.695886, 38.222031 ], [ -92.689834, 38.348472 ], [ -92.633756, 38.348082 ], [ -92.63019, 38.430958 ], [ -92.625189, 38.430778 ], [ -92.841871, 38.596792 ], [ -92.839837, 38.683974 ], [ -92.858181, 38.683742 ], [ -92.950512, 38.68577 ], [ -93.000202, 38.689444 ], [ -93.059974, 38.693077 ], [ -93.059549, 38.700905 ] ] ] } },
{ "type": "Feature", "properties": { "district": 4 }, "geometry": { "type": "Polygon", "coordinates": [ [ [ -94.617841103214104, 37.728214183800404 ], [ -94.617721, 37.77297 ], [ -94.614612, 37.944362 ], [ -94.613856, 38.149769 ], [ -94.612658, 38.217649 ], [ -94.612673, 38.314832 ], [ -94.613365, 38.403422 ], [ -94.611858, 38.620485 ], [ -94.607625, 38.82756 ], [ -94.608033, 38.847207 ], [ -94.532213, 38.843784 ], [ -94.509068, 38.842302 ], [ -94.436649, 38.839707 ], [ -94.278167, 38.835056 ], [ -94.277089, 38.855631 ], [ -94.274614, 38.856772 ], [ -94.266714, 38.856812 ], [ -94.264164, 38.904654 ], [ -94.263096, 38.915638 ], [ -94.263826, 38.915642 ], [ -94.264099, 38.917173 ], [ -94.267841, 38.923913 ], [ -94.272702, 38.929354 ], [ -94.275479, 38.933791 ], [ -94.277032, 38.933722 ], [ -94.276951, 38.935857 ], [ -94.275944, 38.935854 ], [ -94.275903, 38.936812 ], [ -94.273719, 38.93673 ], [ -94.273843, 38.940063 ], [ -94.275738, 38.940142 ], [ -94.272178, 39.021399 ], [ -94.276695, 39.021573 ], [ -94.27656, 39.023956 ], [ -94.28117, 39.024069 ], [ -94.281035, 39.027143 ], [ -94.28582, 39.028024 ], [ -94.291648, 39.028419 ], [ -94.29538, 39.02809 ], [ -94.297127, 39.026351 ], [ -94.297084, 39.02459 ], [ -94.304447, 39.026334 ], [ -94.304329, 39.029003 ], [ -94.305426, 39.034753 ], [ -94.30508, 39.038253 ], [ -94.306397, 39.038238 ], [ -94.311117, 39.042993 ], [ -94.310363, 39.04304 ], [ -94.310723, 39.043559 ], [ -94.311387, 39.043268 ], [ -94.312742, 39.044946 ], [ -94.312503, 39.049385 ], [ -94.31298, 39.050252 ], [ -94.315426, 39.051615 ], [ -94.315305, 39.054104 ], [ -94.302854, 39.053717 ], [ -94.302662, 39.057306 ], [ -94.295837, 39.05717 ], [ -94.295626, 39.058402 ], [ -94.293457, 39.059293 ], [ -94.293465, 39.062465 ], [ -94.29726, 39.060938 ], [ -94.302665, 39.061085 ], [ -94.307136, 39.062882 ], [ -94.316279, 39.062257 ], [ -94.316479, 39.061401 ], [ -94.336352, 39.061951 ], [ -94.333784, 39.063276 ], [ -94.332498, 39.066702 ], [ -94.326842, 39.069724 ], [ -94.324284, 39.071593 ], [ -94.320329, 39.072365 ], [ -94.319672, 39.073777 ], [ -94.320949, 39.077782 ], [ -94.321036, 39.07972 ], [ -94.318233, 39.081979 ], [ -94.317096, 39.084999 ], [ -94.312601, 39.086833 ], [ -94.310973, 39.088918 ], [ -94.31086, 39.090267 ], [ -94.309931, 39.091797 ], [ -94.309271, 39.091932 ], [ -94.307765, 39.090136 ], [ -94.305712, 39.089624 ], [ -94.302407, 39.089999 ], [ -94.29368, 39.089861 ], [ -94.289942, 39.090653 ], [ -94.288171, 39.090414 ], [ -94.284961, 39.084974 ], [ -94.280675, 39.083599 ], [ -94.278253, 39.081773 ], [ -94.276662, 39.082284 ], [ -94.273425, 39.082223 ], [ -94.273832, 39.074843 ], [ -94.271436, 39.074651 ], [ -94.271607, 39.071036 ], [ -94.269308, 39.070925 ], [ -94.269547, 39.067304 ], [ -94.201157, 39.064995 ], [ -94.200607, 39.07216 ], [ -94.191081, 39.071863 ], [ -94.190968, 39.078751 ], [ -94.200445, 39.076299 ], [ -94.199822, 39.094585 ], [ -94.106764, 39.091703 ], [ -94.104823, 39.143507 ], [ -94.096815, 39.139159 ], [ -94.092047, 39.137191 ], [ -94.087135, 39.135543 ], [ -94.078607, 39.134247 ], [ -94.062463, 39.13428 ], [ -94.058975, 39.134824 ], [ -94.056638, 39.135544 ], [ -94.045566, 39.14084 ], [ -94.036782, 39.14732 ], [ -94.024206, 39.154537 ], [ -94.025711, 39.165001 ], [ -94.035474, 39.177502 ], [ -94.036047, 39.184969 ], [ -94.034494, 39.187945 ], [ -94.032046, 39.189961 ], [ -94.028822, 39.191595 ], [ -93.988664, 39.201639 ], [ -93.980088, 39.205874 ], [ -93.978963, 39.206046 ], [ -93.977402, 39.205491 ], [ -93.971971, 39.202176 ], [ -93.966768, 39.198266 ], [ -93.961779, 39.19212 ], [ -93.961479, 39.187525 ], [ -93.962442, 39.183369 ], [ -93.967863, 39.178134 ], [ -93.975348, 39.172737 ], [ -93.981175, 39.170284 ], [ -93.983361, 39.168524 ], [ -93.98626, 39.161261 ], [ -93.986692, 39.155817 ], [ -93.988892, 39.152786 ], [ -93.984713, 39.148989 ], [ -93.979091, 39.145466 ], [ -93.973544, 39.143272 ], [ -93.968748, 39.142293 ], [ -93.961155, 39.143563 ], [ -93.958327, 39.145168 ], [ -93.950458, 39.150845 ], [ -93.942411, 39.158083 ], [ -93.944128, 39.161889 ], [ -93.944358, 39.170222 ], [ -93.943323, 39.173825 ], [ -93.941451, 39.174973 ], [ -93.940718, 39.178743 ], [ -93.940043, 39.17969 ], [ -93.932291, 39.183757 ], [ -93.92783, 39.184386 ], [ -93.909131, 39.182504 ], [ -93.904311, 39.183465 ], [ -93.901461, 39.184502 ], [ -93.899417, 39.184539 ], [ -93.87522, 39.20408 ], [ -93.872089, 39.205937 ], [ -93.855434, 39.212874 ], [ -93.848971, 39.214541 ], [ -93.840147, 39.215467 ], [ -93.824172, 39.214897 ], [ -93.818513, 39.213655 ], [ -93.810917, 39.210937 ], [ -93.802519, 39.207271 ], [ -93.799775, 39.205206 ], [ -93.794502, 39.202984 ], [ -93.788494, 39.20103 ], [ -93.784391, 39.200209 ], [ -93.778523, 39.200574 ], [ -93.774095, 39.201682 ], [ -93.760358, 39.206637 ], [ -93.746, 39.209487 ], [ -93.738956, 39.209655 ], [ -93.728851, 39.208437 ], [ -93.719246, 39.206396 ], [ -93.71121, 39.206262 ], [ -93.70781, 39.206895 ], [ -93.700057, 39.209725 ], [ -93.696968, 39.211874 ], [ -93.693857, 39.215858 ], [ -93.689411, 39.224716 ], [ -93.687497, 39.22686 ], [ -93.681595, 39.231235 ], [ -93.674332, 39.233966 ], [ -93.666473, 39.235477 ], [ -93.661901, 39.235782 ], [ -93.661378, 39.237089 ], [ -93.658009, 39.238478 ], [ -93.656093, 39.241004 ], [ -93.657469, 39.245525 ], [ -93.653777, 39.248011 ], [ -93.650526, 39.248214 ], [ -93.646739, 39.245862 ], [ -93.643351, 39.245391 ], [ -93.640584, 39.247306 ], [ -93.636381, 39.247172 ], [ -93.631395, 39.24539 ], [ -93.628359, 39.243164 ], [ -93.613419, 39.24252 ], [ -93.605188, 39.240844 ], [ -93.595939, 39.242062 ], [ -93.589967, 39.24167 ], [ -93.58495, 39.240431 ], [ -93.583556, 39.238965 ], [ -93.578088, 39.236136 ], [ -93.568926, 39.228605 ], [ -93.567707, 39.227174 ], [ -93.565778, 39.222503 ], [ -93.563192, 39.22002 ], [ -93.551528, 39.217017 ], [ -93.544047, 39.215762 ], [ -93.529631, 39.214996 ], [ -93.516063, 39.215289 ], [ -93.505836, 39.216712 ], [ -93.500211, 39.218005 ], [ -93.498663, 39.219514 ], [ -93.49196, 39.223461 ], [ -93.489284, 39.226297 ], [ -93.487885, 39.228875 ], [ -93.486573, 39.233861 ], [ -93.487611, 39.238338 ], [ -93.494173, 39.255737 ], [ -93.496221, 39.264891 ], [ -93.496323, 39.270022 ], [ -93.495377, 39.275459 ], [ -93.49334, 39.28067 ], [ -93.492018, 39.282938 ], [ -93.489889, 39.285145 ], [ -93.483999, 39.290038 ], [ -93.478254, 39.292666 ], [ -93.470529, 39.293256 ], [ -93.464985, 39.29237 ], [ -93.459908, 39.289375 ], [ -93.455873, 39.285332 ], [ -93.450714, 39.272975 ], [ -93.444231, 39.268525 ], [ -93.440554, 39.267821 ], [ -93.43296, 39.267262 ], [ -93.419441, 39.267917 ], [ -93.413924, 39.267753 ], [ -93.411449, 39.267152 ], [ -93.407143, 39.26511 ], [ -93.404775, 39.263274 ], [ -93.402903, 39.260054 ], [ -93.403013, 39.25803 ], [ -93.404498, 39.254222 ], [ -93.40764, 39.250021 ], [ -93.413381, 39.244556 ], [ -93.41523, 39.241797 ], [ -93.415882, 39.237824 ], [ -93.415226, 39.234923 ], [ -93.411414, 39.231058 ], [ -93.406401, 39.228394 ], [ -93.401877, 39.226905 ], [ -93.396335, 39.22634 ], [ -93.388411, 39.227426 ], [ -93.373137, 39.231331 ], [ -93.368136, 39.23331 ], [ -93.357548, 39.240698 ], [ -93.353637, 39.242763 ], [ -93.344522, 39.246031 ], [ -93.33673, 39.248079 ], [ -93.333337, 39.250012 ], [ -93.329121, 39.255081 ], [ -93.328335, 39.256998 ], [ -93.328962, 39.265483 ], [ -93.332624, 39.271305 ], [ -93.337763, 39.2769 ], [ -93.341996, 39.283648 ], [ -93.34443, 39.289364 ], [ -93.344109, 39.297179 ], [ -93.340312, 39.303353 ], [ -93.336856, 39.307032 ], [ -93.332252, 39.309606 ], [ -93.324764, 39.310615 ], [ -93.310473, 39.310744 ], [ -93.294161, 39.309214 ], [ -93.283404, 39.309904 ], [ -93.277725, 39.311549 ], [ -93.269393, 39.31655 ], [ -93.266853, 39.319261 ], [ -93.266488, 39.320149 ], [ -93.267795, 39.325117 ], [ -93.263813, 39.331009 ], [ -93.255922, 39.337837 ], [ -93.252726, 39.338784 ], [ -93.247776, 39.338669 ], [ -93.242857, 39.337617 ], [ -93.240283, 39.336394 ], [ -93.230079, 39.327877 ], [ -93.225221, 39.328863 ], [ -93.221669, 39.331326 ], [ -93.215349, 39.338107 ], [ -93.209536, 39.348573 ], [ -93.206753, 39.35239 ], [ -93.192037, 39.365705 ], [ -93.189569, 39.370383 ], [ -93.1888, 39.375023 ], [ -93.188909, 39.377698 ], [ -93.190199, 39.381792 ], [ -93.197088, 39.390434 ], [ -93.200028, 39.395991 ], [ -93.200951, 39.398891 ], [ -93.200708, 39.401787 ], [ -93.199282, 39.404312 ], [ -93.196746, 39.406836 ], [ -93.193101, 39.409278 ], [ -93.189435, 39.410486 ], [ -93.180646, 39.411805 ], [ -93.177451, 39.411714 ], [ -93.174465, 39.411026 ], [ -93.167221, 39.407253 ], [ -93.164322, 39.405007 ], [ -93.159482, 39.398952 ], [ -93.15653, 39.392947 ], [ -93.151992, 39.387158 ], [ -93.146082, 39.381997 ], [ -93.139631, 39.378643 ], [ -93.135507, 39.377654 ], [ -93.131868, 39.377328 ], [ -93.125199, 39.377675 ], [ -93.106071, 39.383724 ], [ -93.098584, 39.383174 ], [ -93.092577, 39.38156 ], [ -93.087759, 39.378912 ], [ -93.080289, 39.371752 ], [ -93.077083, 39.3655 ], [ -93.076361, 39.36069 ], [ -93.078053, 39.347977 ], [ -93.076948, 39.342506 ], [ -93.074438, 39.337965 ], [ -93.072915, 39.33552 ], [ -93.067996, 39.330294 ], [ -93.061533, 39.325566 ], [ -93.052043, 39.320725 ], [ -93.044755, 39.317666 ], [ -93.03101, 39.314382 ], [ -93.023776, 39.313115 ], [ -93.014919, 39.312875 ], [ -93.007306, 39.313342 ], [ -93.001933, 39.312995 ], [ -92.976803, 39.31548 ], [ -92.971592, 39.3156 ], [ -92.968462, 39.31518 ], [ -92.959801, 39.312526 ], [ -92.954289, 39.306346 ], [ -92.953402, 39.302752 ], [ -92.953273, 39.298457 ], [ -92.954925, 39.293817 ], [ -92.957986, 39.288063 ], [ -92.958978, 39.283041 ], [ -92.957766, 39.279336 ], [ -92.956121, 39.277163 ], [ -92.95047, 39.271993 ], [ -92.947403, 39.270094 ], [ -92.936659, 39.266522 ], [ -92.926623, 39.264458 ], [ -92.923617, 39.263376 ], [ -92.918446, 39.259769 ], [ -92.916749, 39.25794 ], [ -92.915469, 39.253379 ], [ -92.915681, 39.250031 ], [ -92.917194, 39.245143 ], [ -92.919969, 39.240208 ], [ -92.919572, 39.231615 ], [ -92.915197, 39.226262 ], [ -92.911669, 39.223946 ], [ -92.906142, 39.222339 ], [ -92.896194, 39.221897 ], [ -92.886552, 39.224257 ], [ -92.88414, 39.225195 ], [ -92.870294, 39.234197 ], [ -92.862851, 39.236437 ], [ -92.86015, 39.236502 ], [ -92.854935, 39.235537 ], [ -92.850702, 39.233142 ], [ -92.84907, 39.230612 ], [ -92.849224, 39.226218 ], [ -92.841761, 39.240017 ], [ -92.790369, 39.343586 ], [ -92.753727, 39.333677 ], [ -92.430229, 39.248795 ], [ -92.314471, 39.246454 ], [ -92.19863, 39.242346 ], [ -92.104374, 39.239809 ], [ -92.105973, 39.198924 ], [ -92.106359, 39.159813 ], [ -92.109876, 39.086498 ], [ -92.110387, 39.064204 ], [ -92.131512, 39.064484 ], [ -92.12958, 39.062488 ], [ -92.130143, 39.060844 ], [ -92.130935, 39.061273 ], [ -92.132577, 39.059393 ], [ -92.130975, 39.055272 ], [ -92.131885, 39.050782 ], [ -92.130006, 39.050426 ], [ -92.128481, 39.048504 ], [ -92.129787, 39.045138 ], [ -92.132699, 39.045133 ], [ -92.133511, 39.043522 ], [ -92.13349, 39.039695 ], [ -92.135974, 39.032397 ], [ -92.140784, 39.030135 ], [ -92.140209, 39.028595 ], [ -92.140653, 39.027382 ], [ -92.134589, 39.027377 ], [ -92.133723, 39.026002 ], [ -92.130607, 39.0253 ], [ -92.131022, 39.021455 ], [ -92.13359, 39.018107 ], [ -92.133729, 39.015309 ], [ -92.132822, 39.01487 ], [ -92.133069, 39.012637 ], [ -92.135687, 39.009103 ], [ -92.140472, 39.006659 ], [ -92.139895, 39.005799 ], [ -92.138496, 39.005902 ], [ -92.138581, 39.003836 ], [ -92.13978, 39.003063 ], [ -92.140296, 39.001454 ], [ -92.139454, 39.000438 ], [ -92.138353, 39.002665 ], [ -92.137139, 39.001818 ], [ -92.136623, 38.999633 ], [ -92.137631, 38.997433 ], [ -92.138785, 38.996576 ], [ -92.136541, 38.994938 ], [ -92.137758, 38.993622 ], [ -92.137086, 38.991887 ], [ -92.139688, 38.986806 ], [ -92.138334, 38.985182 ], [ -92.140559, 38.984541 ], [ -92.140809, 38.983063 ], [ -92.141813, 38.982027 ], [ -92.141914, 38.980352 ], [ -92.142842, 38.98016 ], [ -92.143817, 38.98197 ], [ -92.14632, 38.980954 ], [ -92.145669, 38.979105 ], [ -92.14706, 38.977577 ], [ -92.145904, 38.973898 ], [ -92.144811, 38.972757 ], [ -92.145651, 38.972007 ], [ -92.145327, 38.970487 ], [ -92.143394, 38.967719 ], [ -92.146453, 38.964804 ], [ -92.146865, 38.963194 ], [ -92.148784, 38.961036 ], [ -92.148104, 38.95904 ], [ -92.146817, 38.958571 ], [ -92.14979, 38.954301 ], [ -92.155388, 38.954905 ], [ -92.17498, 38.95846 ], [ -92.21316, 38.95866 ], [ -92.227498, 38.960237 ], [ -92.249221, 38.960086 ], [ -92.279004, 38.961319 ], [ -92.279483, 38.949862 ], [ -92.28597, 38.94879 ], [ -92.291351, 38.948771 ], [ -92.291428, 38.946298 ], [ -92.30217, 38.94711 ], [ -92.31098, 38.94956 ], [ -92.32015, 38.95134 ], [ -92.33705, 38.95166 ], [ -92.34369, 38.95127 ], [ -92.39165, 38.9558 ], [ -92.3961, 38.95564 ], [ -92.39845, 38.96127 ], [ -92.40605, 38.96779 ], [ -92.40635, 38.96908 ], [ -92.4068, 38.969269 ], [ -92.407277, 38.968688 ], [ -92.410307, 38.971019 ], [ -92.43081, 38.97164 ], [ -92.44043, 38.98 ], [ -92.44318, 38.98123 ], [ -92.46452, 38.98815 ], [ -92.46699, 38.98853 ], [ -92.52768, 38.99002 ], [ -92.53199, 38.98938 ], [ -92.542571, 38.984775 ], [ -92.54707, 38.984734 ], [ -92.55645, 38.98794 ], [ -92.564481, 38.992783 ], [ -92.565389, 38.990676 ], [ -92.563529, 38.988929 ], [ -92.563692, 38.986616 ], [ -92.562111, 38.986425 ], [ -92.558415, 38.988381 ], [ -92.556993, 38.988097 ], [ -92.556495, 38.985426 ], [ -92.565131, 38.982608 ], [ -92.569654, 38.980265 ], [ -92.569489, 38.978345 ], [ -92.565848, 38.974213 ], [ -92.559179, 38.973173 ], [ -92.558086, 38.970692 ], [ -92.562079, 38.972014 ], [ -92.570661, 38.971896 ], [ -92.587451, 38.967783 ], [ -92.59776, 38.967681 ], [ -92.606998, 38.968726 ], [ -92.629587, 38.973882 ], [ -92.655927, 38.976658 ], [ -92.681063, 38.975465 ], [ -92.693002, 38.975957 ], [ -92.697669, 38.977417 ], [ -92.707198, 38.981892 ], [ -92.715643, 38.984011 ], [ -92.719421, 38.98426 ], [ -92.733659, 38.983343 ], [ -92.745931, 38.98114 ], [ -92.754442, 38.979199 ], [ -92.764862, 38.974429 ], [ -92.770922, 38.972703 ], [ -92.783099, 38.971571 ], [ -92.791809, 38.972044 ], [ -92.81782, 38.977942 ], [ -92.841617, 38.979821 ], [ -92.852628, 38.982183 ], [ -92.861851, 38.987123 ], [ -92.866218, 38.990993 ], [ -92.870118, 38.995655 ], [ -92.876046, 39.000836 ], [ -92.87951, 39.003236 ], [ -92.884513, 39.00563 ], [ -92.902547, 39.01111 ], [ -92.909654, 39.015648 ], [ -92.914477, 39.021188 ], [ -92.923113, 39.040835 ], [ -92.93065, 39.050746 ], [ -92.934992, 39.058909 ], [ -92.934569, 39.064547 ], [ -93.048245, 38.972598 ], [ -93.050707, 38.924894 ], [ -93.050511, 38.918362 ], [ -93.054501, 38.817123 ], [ -93.059974, 38.693077 ], [ -93.000202, 38.689444 ], [ -92.950512, 38.68577 ], [ -92.858181, 38.683742 ], [ -92.839837, 38.683974 ], [ -92.841871, 38.596792 ], [ -92.625189, 38.430778 ], [ -92.63019, 38.430958 ], [ -92.633756, 38.348082 ], [ -92.689834, 38.348472 ], [ -92.695886, 38.222031 ], [ -92.707187, 38.224031 ], [ -92.710205, 38.223131 ], [ -92.714117, 38.221212 ], [ -92.718587, 38.220131 ], [ -92.725603, 38.220437 ], [ -92.731405, 38.221588 ], [ -92.736675, 38.220733 ], [ -92.740828, 38.21886 ], [ -92.744042, 38.218125 ], [ -92.749044, 38.21756 ], [ -92.753264, 38.214952 ], [ -92.755988, 38.212465 ], [ -92.758207, 38.20595 ], [ -92.761704, 38.201857 ], [ -92.764098, 38.196067 ], [ -92.764539, 38.189619 ], [ -92.775377, 38.189925 ], [ -92.773244, 38.184571 ], [ -92.774377, 38.179169 ], [ -92.77549, 38.178467 ], [ -92.778989, 38.17866 ], [ -92.782065, 38.176771 ], [ -92.782757, 38.174804 ], [ -92.778999, 38.169503 ], [ -92.778873, 38.166638 ], [ -92.777023, 38.161022 ], [ -92.777058, 38.157996 ], [ -92.77616, 38.156007 ], [ -92.77252, 38.153159 ], [ -92.772143, 38.150966 ], [ -92.773062, 38.149548 ], [ -92.776799, 38.146692 ], [ -92.77296, 38.146686 ], [ -92.772833, 38.142331 ], [ -92.775436, 38.142449 ], [ -92.775851, 38.134658 ], [ -92.774323, 38.134348 ], [ -92.767215, 38.135106 ], [ -92.768681, 38.139328 ], [ -92.767956, 38.14208 ], [ -92.758284, 38.141749 ], [ -92.755062, 38.140805 ], [ -92.752536, 38.141214 ], [ -92.74806, 38.141186 ], [ -92.74605, 38.139311 ], [ -92.74478, 38.139041 ], [ -92.742833, 38.141824 ], [ -92.737357, 38.141759 ], [ -92.734811, 38.136291 ], [ -92.731887, 38.13249 ], [ -92.724224, 38.125032 ], [ -92.714617, 38.119174 ], [ -92.710296, 38.115929 ], [ -92.704562, 38.108823 ], [ -92.704436, 38.106324 ], [ -92.706361, 38.104416 ], [ -92.709635, 38.10267 ], [ -92.711646, 38.102822 ], [ -92.710398, 38.098002 ], [ -92.707661, 38.09743 ], [ -92.706103, 38.096577 ], [ -92.699006, 38.095717 ], [ -92.697102, 38.09337 ], [ -92.69158, 38.090202 ], [ -92.68998, 38.089706 ], [ -92.686724, 38.094616 ], [ -92.685224, 38.09946 ], [ -92.689049, 38.107429 ], [ -92.689586, 38.1104 ], [ -92.689055, 38.111415 ], [ -92.674576, 38.124124 ], [ -92.665324, 38.127162 ], [ -92.659619, 38.126955 ], [ -92.655496, 38.129334 ], [ -92.65267, 38.129907 ], [ -92.647294, 38.132946 ], [ -92.638448, 38.134787 ], [ -92.634904, 38.137226 ], [ -92.629468, 38.139922 ], [ -92.623227, 38.142126 ], [ -92.614391, 38.149094 ], [ -92.61322, 38.150764 ], [ -92.612273, 38.154402 ], [ -92.608589, 38.154655 ], [ -92.606315, 38.155394 ], [ -92.604957, 38.157688 ], [ -92.605302, 38.139894 ], [ -92.596374, 38.139787 ], [ -92.596944, 38.127066 ], [ -92.596761, 38.110754 ], [ -92.587688, 38.110636 ], [ -92.587984, 38.096134 ], [ -92.569682, 38.095934 ], [ -92.570281, 38.066635 ], [ -92.552081, 38.066335 ], [ -92.552381, 38.052145 ], [ -92.533554, 38.051808 ], [ -92.533895, 38.037467 ], [ -92.51558, 38.036936 ], [ -92.515979, 38.022336 ], [ -92.406275, 38.021179 ], [ -92.379449, 38.020231 ], [ -92.377349, 38.020647 ], [ -92.365937, 38.020632 ], [ -92.365625, 38.02017 ], [ -92.363322, 38.019982 ], [ -92.295665, 38.018938 ], [ -92.295673, 38.018436 ], [ -92.18537, 38.016338 ], [ -92.18537, 38.015138 ], [ -92.155182, 38.014667 ], [ -92.142809, 38.013784 ], [ -92.061372, 38.010935 ], [ -92.021165, 38.010639 ], [ -92.022463, 37.88074 ], [ -92.022863, 37.88074 ], [ -92.02556, 37.75004 ], [ -92.026822, 37.707047 ], [ -92.02856, 37.706841 ], [ -92.029258, 37.602542 ], [ -92.183261, 37.605243 ], [ -92.249463, 37.604543 ], [ -92.252261, 37.472944 ], [ -92.305963, 37.473645 ], [ -92.306163, 37.472945 ], [ -92.35969, 37.473856 ], [ -92.371535, 37.473643 ], [ -92.511031, 37.476676 ], [ -92.543168, 37.478545 ], [ -92.587208, 37.479132 ], [ -92.686671, 37.481545 ], [ -92.689006, 37.396881 ], [ -92.689571, 37.350647 ], [ -92.690471, 37.350647 ], [ -92.692303, 37.263514 ], [ -92.67897, 37.263149 ], [ -92.679659, 37.242363 ], [ -92.807215, 37.24324 ], [ -92.879809, 37.244672 ], [ -92.898488, 37.245527 ], [ -92.898646, 37.241851 ], [ -92.916752, 37.242487 ], [ -92.916573, 37.246122 ], [ -92.934851, 37.247102 ], [ -92.935007, 37.243181 ], [ -92.943761, 37.243555 ], [ -92.94405, 37.233866 ], [ -92.949709, 37.234779 ], [ -92.950925, 37.235623 ], [ -92.953973, 37.236026 ], [ -92.95392, 37.233413 ], [ -92.971861, 37.233506 ], [ -92.971782, 37.237148 ], [ -92.975427, 37.239209 ], [ -92.980946, 37.2439 ], [ -92.974218, 37.248118 ], [ -92.971553, 37.248018 ], [ -92.97113, 37.268234 ], [ -92.978489, 37.26858 ], [ -92.983088, 37.266606 ], [ -92.986306, 37.266401 ], [ -92.989931, 37.269521 ], [ -92.992036, 37.270344 ], [ -92.99398, 37.269036 ], [ -92.997012, 37.268325 ], [ -92.997493, 37.267424 ], [ -92.995813, 37.265326 ], [ -92.998081, 37.26344 ], [ -93.001739, 37.262643 ], [ -93.005561, 37.263024 ], [ -93.008036, 37.264014 ], [ -93.009845, 37.262212 ], [ -93.011306, 37.257191 ], [ -93.012372, 37.25596 ], [ -93.013959, 37.257126 ], [ -93.017067, 37.256622 ], [ -93.017045, 37.263145 ], [ -93.030254, 37.264329 ], [ -93.033429, 37.265633 ], [ -93.038421, 37.265185 ], [ -93.046247, 37.270818 ], [ -93.041073, 37.270727 ], [ -93.040724, 37.272307 ], [ -93.03836, 37.272928 ], [ -93.038302, 37.275836 ], [ -93.036983, 37.276885 ], [ -93.037327, 37.278392 ], [ -93.039683, 37.278379 ], [ -93.043762, 37.27954 ], [ -93.04525, 37.275875 ], [ -93.048357, 37.274128 ], [ -93.058057, 37.272197 ], [ -93.058127, 37.272813 ], [ -93.065402, 37.271379 ], [ -93.065386, 37.274338 ], [ -93.068127, 37.274403 ], [ -93.06832, 37.276417 ], [ -93.06845, 37.270935 ], [ -93.076771, 37.270745 ], [ -93.07338, 37.414989 ], [ -93.119348, 37.415622 ], [ -93.239088, 37.418943 ], [ -93.27354, 37.41925 ], [ -93.461929, 37.42447 ], [ -93.520777, 37.425284 ], [ -93.621153, 37.427423 ], [ -93.625844, 37.282011 ], [ -93.837305, 37.286432 ], [ -93.951587, 37.287822 ], [ -94.083833, 37.290851 ], [ -94.082083, 37.349291 ], [ -94.392845, 37.35643 ], [ -94.392821, 37.35688 ], [ -94.456002, 37.358322 ], [ -94.516871, 37.361243 ], [ -94.589771, 37.363813 ], [ -94.617537717162008, 37.36416710356329 ], [ -94.616789, 37.52151 ], [ -94.617841103214104, 37.728214183800404 ] ] ] } },
{ "type": "Feature", "properties": { "district": 5 }, "geometry": { "type": "Polygon", "coordinates": [ [ [ -94.608334, 38.981806 ], [ -94.607234, 39.065704 ], [ -94.607354, 39.113444 ], [ -94.60829, 39.117944 ], [ -94.605734, 39.122204 ], [ -94.600434, 39.128503 ], [ -94.592533, 39.135903 ], [ -94.589898, 39.138979 ], [ -94.588413, 39.149869 ], [ -94.590661, 39.154767 ], [ -94.596033, 39.157703 ], [ -94.601733, 39.159603 ], [ -94.600945, 39.234467 ], [ -94.600945, 39.24256 ], [ -94.601372, 39.244399 ], [ -94.600977, 39.246375 ], [ -94.60038, 39.289436 ], [ -94.600765, 39.333149 ], [ -94.561186, 39.33314 ], [ -94.560573, 39.332642 ], [ -94.560612, 39.322284 ], [ -94.555853, 39.322289 ], [ -94.555863, 39.318626 ], [ -94.491977, 39.31794 ], [ -94.492984, 39.220681 ], [ -94.491523, 39.216538 ], [ -94.479433, 39.216402 ], [ -94.479409, 39.219007 ], [ -94.47441, 39.218415 ], [ -94.475949, 39.216354 ], [ -94.474864, 39.216348 ], [ -94.477643, 39.208907 ], [ -94.479785, 39.207597 ], [ -94.49254, 39.202504 ], [ -94.492588, 39.198555 ], [ -94.484314, 39.198502 ], [ -94.484583, 39.194969 ], [ -94.475188, 39.194837 ], [ -94.47531, 39.157735 ], [ -94.477214, 39.15695 ], [ -94.476912, 39.150443 ], [ -94.484112, 39.145009 ], [ -94.47633, 39.137004 ], [ -94.46933, 39.130704 ], [ -94.469318, 39.128839 ], [ -94.467546, 39.12478 ], [ -94.465792, 39.123302 ], [ -94.46159, 39.120372 ], [ -94.455429, 39.123104 ], [ -94.440642, 39.13078 ], [ -94.430365, 39.138026 ], [ -94.423485, 39.144069 ], [ -94.419475, 39.149318 ], [ -94.419855, 39.142573 ], [ -94.419453, 39.141671 ], [ -94.415254, 39.141671 ], [ -94.415631, 39.135104 ], [ -94.406295, 39.134685 ], [ -94.40659, 39.131181 ], [ -94.407294, 39.130513 ], [ -94.406649, 39.130404 ], [ -94.401892, 39.1303 ], [ -94.40142, 39.134013 ], [ -94.400386, 39.134697 ], [ -94.400724, 39.13625 ], [ -94.401978, 39.137027 ], [ -94.400772, 39.140298 ], [ -94.395123, 39.142187 ], [ -94.394218, 39.143993 ], [ -94.391147, 39.145021 ], [ -94.384685, 39.13282 ], [ -94.385269, 39.129567 ], [ -94.379228, 39.128904 ], [ -94.355423, 39.128624 ], [ -94.345762, 39.134292 ], [ -94.336984, 39.134626 ], [ -94.326085, 39.134384 ], [ -94.32078, 39.13624 ], [ -94.317227, 39.136737 ], [ -94.313731, 39.136653 ], [ -94.313314, 39.133284 ], [ -94.304039, 39.126403 ], [ -94.3044, 39.118934 ], [ -94.293779, 39.118831 ], [ -94.281527, 39.109761 ], [ -94.281639, 39.104853 ], [ -94.282337, 39.103734 ], [ -94.283162, 39.104148 ], [ -94.287338, 39.104114 ], [ -94.291176, 39.103318 ], [ -94.295929, 39.101152 ], [ -94.300703, 39.100305 ], [ -94.299522, 39.098382 ], [ -94.303344, 39.097374 ], [ -94.307167, 39.094414 ], [ -94.309271, 39.091932 ], [ -94.309931, 39.091797 ], [ -94.31086, 39.090267 ], [ -94.310973, 39.088918 ], [ -94.312601, 39.086833 ], [ -94.317096, 39.084999 ], [ -94.318233, 39.081979 ], [ -94.321036, 39.07972 ], [ -94.320949, 39.077782 ], [ -94.319672, 39.073777 ], [ -94.320329, 39.072365 ], [ -94.324284, 39.071593 ], [ -94.326842, 39.069724 ], [ -94.332498, 39.066702 ], [ -94.333784, 39.063276 ], [ -94.336352, 39.061951 ], [ -94.316479, 39.061401 ], [ -94.316279, 39.062257 ], [ -94.307136, 39.062882 ], [ -94.302665, 39.061085 ], [ -94.29726, 39.060938 ], [ -94.293465, 39.062465 ], [ -94.293457, 39.059293 ], [ -94.295626, 39.058402 ], [ -94.295837, 39.05717 ], [ -94.302662, 39.057306 ], [ -94.302854, 39.053717 ], [ -94.315305, 39.054104 ], [ -94.315426, 39.051615 ], [ -94.31298, 39.050252 ], [ -94.312503, 39.049385 ], [ -94.312742, 39.044946 ], [ -94.311387, 39.043268 ], [ -94.310723, 39.043559 ], [ -94.310363, 39.04304 ], [ -94.311117, 39.042993 ], [ -94.306397, 39.038238 ], [ -94.30508, 39.038253 ], [ -94.305426, 39.034753 ], [ -94.304329, 39.029003 ], [ -94.304447, 39.026334 ], [ -94.297084, 39.02459 ], [ -94.297127, 39.026351 ], [ -94.29538, 39.02809 ], [ -94.291648, 39.028419 ], [ -94.28582, 39.028024 ], [ -94.281035, 39.027143 ], [ -94.28117, 39.024069 ], [ -94.27656, 39.023956 ], [ -94.276695, 39.021573 ], [ -94.272178, 39.021399 ], [ -94.275738, 38.940142 ], [ -94.273843, 38.940063 ], [ -94.273719, 38.93673 ], [ -94.275903, 38.936812 ], [ -94.275944, 38.935854 ], [ -94.276951, 38.935857 ], [ -94.277032, 38.933722 ], [ -94.275479, 38.933791 ], [ -94.272702, 38.929354 ], [ -94.267841, 38.923913 ], [ -94.264099, 38.917173 ], [ -94.263826, 38.915642 ], [ -94.263096, 38.915638 ], [ -94.264164, 38.904654 ], [ -94.266714, 38.856812 ], [ -94.274614, 38.856772 ], [ -94.277089, 38.855631 ], [ -94.278167, 38.835056 ], [ -94.436649, 38.839707 ], [ -94.509068, 38.842302 ], [ -94.532213, 38.843784 ], [ -94.608033, 38.847207 ], [ -94.607866, 38.937398 ], [ -94.608334, 38.981806 ] ] ] } },
{ "type": "Feature", "properties": { "district": 6 }, "geometry": { "type": "Polygon", "coordinates": [ [ [ -95.773549, 40.578205 ], [ -95.768527, 40.583296 ], [ -95.765645, 40.585208 ], [ -95.64184, 40.584234 ], [ -95.525392, 40.58209 ], [ -95.357802, 40.5801 ], [ -94.991661, 40.575692 ], [ -94.966491, 40.575839 ], [ -94.773988, 40.572977 ], [ -94.632032, 40.571186 ], [ -94.48928, 40.570707 ], [ -94.294813, 40.571341 ], [ -94.080223, 40.572899 ], [ -93.815485, 40.577278 ], [ -93.690333, 40.577875 ], [ -93.548284, 40.580417 ], [ -93.441767, 40.579916 ], [ -93.260612, 40.580797 ], [ -93.135802, 40.582854 ], [ -92.941595, 40.587743 ], [ -92.757407, 40.588908 ], [ -92.686693, 40.589809 ], [ -92.580278, 40.592151 ], [ -92.484588, 40.594924 ], [ -92.379691, 40.596509 ], [ -92.298754, 40.598469 ], [ -92.096387, 40.60183 ], [ -91.947708, 40.605471 ], [ -91.939292, 40.60615 ], [ -91.868401, 40.608059 ], [ -91.824826, 40.610191 ], [ -91.729115, 40.61364 ], [ -91.720058, 40.601527 ], [ -91.716769, 40.59853 ], [ -91.712025, 40.595046 ], [ -91.696359, 40.588148 ], [ -91.68882, 40.583409 ], [ -91.686357, 40.580875 ], [ -91.685381, 40.578892 ], [ -91.685723, 40.576785 ], [ -91.691557, 40.564867 ], [ -91.691591, 40.562222 ], [ -91.690804, 40.559893 ], [ -91.6887, 40.55739 ], [ -91.681714, 40.553035 ], [ -91.670993, 40.550937 ], [ -91.654345, 40.549189 ], [ -91.638082, 40.545541 ], [ -91.625161, 40.5435 ], [ -91.6219, 40.542292 ], [ -91.620071, 40.540817 ], [ -91.618999, 40.539084 ], [ -91.618028, 40.53403 ], [ -91.618793, 40.526286 ], [ -91.622196, 40.51704 ], [ -91.622362, 40.514362 ], [ -91.621353, 40.510072 ], [ -91.619486, 40.507134 ], [ -91.616948, 40.504794 ], [ -91.612821, 40.502377 ], [ -91.608347, 40.50004 ], [ -91.594644, 40.494997 ], [ -91.590817, 40.492292 ], [ -91.586884, 40.487233 ], [ -91.583315, 40.479118 ], [ -91.582437, 40.474703 ], [ -91.581528, 40.472876 ], [ -91.580355, 40.471015 ], [ -91.574746, 40.465664 ], [ -91.567743, 40.46229 ], [ -91.563844, 40.460988 ], [ -91.552691, 40.458769 ], [ -91.543785, 40.458149 ], [ -91.5286, 40.459002 ], [ -91.526155, 40.458625 ], [ -91.52509, 40.457845 ], [ -91.523864, 40.456331 ], [ -91.523072, 40.452254 ], [ -91.523271, 40.450061 ], [ -91.524053, 40.448437 ], [ -91.526108, 40.446634 ], [ -91.531912, 40.44273 ], [ -91.533548, 40.440804 ], [ -91.533623, 40.43832 ], [ -91.532807, 40.436784 ], [ -91.529132, 40.434272 ], [ -91.525, 40.433483 ], [ -91.519935, 40.433673 ], [ -91.519134, 40.432822 ], [ -91.519012, 40.431298 ], [ -91.521388, 40.426488 ], [ -91.526555, 40.419872 ], [ -91.527057, 40.416689 ], [ -91.526425, 40.413404 ], [ -91.524612, 40.410765 ], [ -91.522333, 40.409648 ], [ -91.518392, 40.408682 ], [ -91.513993, 40.408537 ], [ -91.509063, 40.406775 ], [ -91.507427, 40.405524 ], [ -91.506745, 40.404335 ], [ -91.505272, 40.403512 ], [ -91.498093, 40.401926 ], [ -91.493644, 40.402433 ], [ -91.489816, 40.404317 ], [ -91.488481, 40.404317 ], [ -91.487829, 40.403866 ], [ -91.487955, 40.402465 ], [ -91.490816, 40.395225 ], [ -91.490977, 40.393484 ], [ -91.484507, 40.3839 ], [ -91.482322, 40.382057 ], [ -91.480251, 40.381783 ], [ -91.471967, 40.382884 ], [ -91.465116, 40.385257 ], [ -91.463386, 40.385394 ], [ -91.463008, 40.384041 ], [ -91.465891, 40.378365 ], [ -91.463895, 40.375659 ], [ -91.451627, 40.376019 ], [ -91.445371, 40.379388 ], [ -91.445168, 40.382461 ], [ -91.441243, 40.386255 ], [ -91.425662, 40.382491 ], [ -91.422324, 40.380939 ], [ -91.419422, 40.378264 ], [ -91.426632, 40.371988 ], [ -91.429442, 40.370386 ], [ -91.439342, 40.366569 ], [ -91.444833, 40.36317 ], [ -91.446308, 40.361823 ], [ -91.447835, 40.359129 ], [ -91.452237, 40.35367 ], [ -91.46214, 40.342414 ], [ -91.466603, 40.334461 ], [ -91.469656, 40.322409 ], [ -91.471826, 40.31734 ], [ -91.486078, 40.293426 ], [ -91.489868, 40.286048 ], [ -91.492727, 40.278217 ], [ -91.492891, 40.269923 ], [ -91.490525, 40.264814 ], [ -91.489969, 40.26234 ], [ -91.490524, 40.259498 ], [ -91.498104, 40.247422 ], [ -91.500855, 40.245722 ], [ -91.503231, 40.243474 ], [ -91.505828, 40.238839 ], [ -91.506501, 40.236304 ], [ -91.505968, 40.234305 ], [ -91.504289, 40.231712 ], [ -91.504282, 40.224299 ], [ -91.506947, 40.21555 ], [ -91.507269, 40.209338 ], [ -91.506664, 40.204758 ], [ -91.504477, 40.198262 ], [ -91.505495, 40.195606 ], [ -91.509551, 40.191338 ], [ -91.511073, 40.188794 ], [ -91.512974, 40.181062 ], [ -91.511956, 40.170441 ], [ -91.508224, 40.157665 ], [ -91.508324, 40.156326 ], [ -91.51159, 40.149269 ], [ -91.511749, 40.147091 ], [ -91.510322, 40.127994 ], [ -91.506006, 40.108126 ], [ -91.500823, 40.090956 ], [ -91.497663, 40.078257 ], [ -91.495365, 40.070951 ], [ -91.489606, 40.057435 ], [ -91.494878, 40.036453 ], [ -91.487351, 40.023201 ], [ -91.484064, 40.019332 ], [ -91.477298, 40.008993 ], [ -91.469247, 39.995327 ], [ -91.465315, 39.983995 ], [ -91.463683, 39.981845 ], [ -91.459533, 39.979892 ], [ -91.458852, 39.979015 ], [ -91.454647, 39.971306 ], [ -91.449806, 39.965278 ], [ -91.447236, 39.959502 ], [ -91.44156, 39.951299 ], [ -91.43709, 39.946417 ], [ -91.429055, 39.940741 ], [ -91.425782, 39.937765 ], [ -91.421832, 39.932973 ], [ -91.41936, 39.927717 ], [ -91.418807, 39.922126 ], [ -91.41988, 39.916533 ], [ -91.420878, 39.914865 ], [ -91.428956, 39.907729 ], [ -91.443513, 39.893583 ], [ -91.446922, 39.883034 ], [ -91.447844, 39.877951 ], [ -91.446385, 39.870394 ], [ -91.436051, 39.84551 ], [ -91.432919, 39.840554 ], [ -91.429519, 39.837801 ], [ -91.414513, 39.829984 ], [ -91.406223, 39.826472 ], [ -91.397853, 39.821122 ], [ -91.385773, 39.815553 ], [ -91.377971, 39.811273 ], [ -91.375148, 39.80886 ], [ -91.367966, 39.800403 ], [ -91.363444, 39.792804 ], [ -91.361571, 39.787548 ], [ -91.361744, 39.785079 ], [ -91.364848, 39.779388 ], [ -91.365694, 39.77491 ], [ -91.365906, 39.764956 ], [ -91.365125, 39.758723 ], [ -91.366047, 39.755955 ], [ -91.367406, 39.75388 ], [ -91.369953, 39.745042 ], [ -91.370009, 39.732524 ], [ -91.367753, 39.729029 ], [ -91.352749, 39.715279 ], [ -91.3453, 39.709402 ], [ -91.331603, 39.700433 ], [ -91.317814, 39.692591 ], [ -91.305348, 39.683957 ], [ -91.302485, 39.679631 ], [ -91.293788, 39.674766 ], [ -91.283329, 39.670134 ], [ -91.27614, 39.665759 ], [ -91.266765, 39.656993 ], [ -91.260475, 39.649024 ], [ -91.248779, 39.64088 ], [ -91.241225, 39.630067 ], [ -91.229317, 39.620853 ], [ -91.223328, 39.617603 ], [ -91.185921, 39.605119 ], [ -91.181936, 39.602677 ], [ -91.178012, 39.598196 ], [ -91.174651, 39.593313 ], [ -91.171641, 39.581899 ], [ -91.16982, 39.569555 ], [ -91.168419, 39.564928 ], [ -91.163634, 39.558566 ], [ -91.153628, 39.548248 ], [ -91.148275, 39.545798 ], [ -91.126638, 39.542227 ], [ -91.114305, 39.541098 ], [ -91.100307, 39.538695 ], [ -91.092869, 39.529275 ], [ -91.086292, 39.517141 ], [ -91.079769, 39.507728 ], [ -91.075309, 39.502845 ], [ -91.064305, 39.494643 ], [ -91.062414, 39.474122 ], [ -91.059439, 39.46886 ], [ -91.053058, 39.462122 ], [ -91.03827, 39.448436 ], [ -91.02361, 39.438694 ], [ -91.011954, 39.432661 ], [ -91.003692, 39.427603 ], [ -90.993789, 39.422959 ], [ -90.98302, 39.420462 ], [ -90.977618, 39.41829 ], [ -90.972465, 39.414144 ], [ -90.96748, 39.411948 ], [ -90.957459, 39.408996 ], [ -90.948299, 39.407502 ], [ -90.940766, 39.403984 ], [ -90.937419, 39.400803 ], [ -90.934007, 39.392127 ], [ -90.928745, 39.387544 ], [ -90.924601, 39.385136 ], [ -90.920976, 39.383687 ], [ -90.914658, 39.381956 ], [ -90.907999, 39.380812 ], [ -90.904862, 39.379403 ], [ -90.902905, 39.377534 ], [ -90.902656, 39.375366 ], [ -90.900095, 39.372354 ], [ -90.893777, 39.367343 ], [ -90.859113, 39.35137 ], [ -90.8475, 39.345272 ], [ -90.840106, 39.340438 ], [ -90.821306, 39.323659 ], [ -90.816851, 39.320496 ], [ -90.799346, 39.313087 ], [ -90.793461, 39.309498 ], [ -90.791689, 39.306957 ], [ -90.790675, 39.302908 ], [ -90.783789, 39.297164 ], [ -90.775673, 39.292811 ], [ -90.767648, 39.280025 ], [ -90.751599, 39.265432 ], [ -90.748877, 39.264126 ], [ -90.739087, 39.261893 ], [ -90.733976, 39.259098 ], [ -90.72996, 39.255894 ], [ -90.726981, 39.251173 ], [ -90.721593, 39.23273 ], [ -90.721188, 39.230176 ], [ -90.721835, 39.224108 ], [ -90.717113, 39.213912 ], [ -90.716597, 39.210414 ], [ -90.717427, 39.202791 ], [ -90.717404, 39.197414 ], [ -90.71437, 39.185308 ], [ -90.71048, 39.176366 ], [ -90.709146, 39.155111 ], [ -90.707902, 39.15086 ], [ -90.705168, 39.143152 ], [ -90.702923, 39.138749 ], [ -90.700464, 39.135439 ], [ -90.694945, 39.12968 ], [ -90.686051, 39.117785 ], [ -90.681086, 39.10059 ], [ -90.681994, 39.090066 ], [ -90.682744, 39.088348 ], [ -90.700424, 39.071787 ], [ -90.701187, 39.070408 ], [ -90.702136, 39.065568 ], [ -90.712541, 39.057064 ], [ -90.713585, 39.055567 ], [ -90.713629, 39.053977 ], [ -90.71158, 39.046798 ], [ -90.707885, 39.042262 ], [ -90.700595, 39.029074 ], [ -90.692403, 39.016656 ], [ -90.69, 39.012169 ], [ -90.688813, 39.007342 ], [ -90.687719, 39.005374 ], [ -90.683683, 39.000049 ], [ -90.682068, 38.998778 ], [ -90.678193, 38.991851 ], [ -90.676397, 38.984096 ], [ -90.676417, 38.965812 ], [ -90.675949, 38.96214 ], [ -90.669229, 38.948176 ], [ -90.667183, 38.94036 ], [ -90.663424, 38.935551 ], [ -90.663430838055902, 38.934221323751906 ], [ -90.685863, 38.933932 ], [ -90.691582, 38.934235 ], [ -90.694001, 38.933863 ], [ -90.696582, 38.932784 ], [ -90.698035, 38.930742 ], [ -90.697481, 38.928151 ], [ -90.691632, 38.925235 ], [ -90.689581, 38.923613 ], [ -90.686599, 38.918852 ], [ -90.68434, 38.917139 ], [ -90.684562, 38.9156 ], [ -90.688485, 38.916599 ], [ -90.69115, 38.916388 ], [ -90.693858, 38.915526 ], [ -90.69719, 38.916067 ], [ -90.70094, 38.919818 ], [ -90.703824, 38.921221 ], [ -90.707322, 38.92149 ], [ -90.714309, 38.918164 ], [ -90.717502, 38.915376 ], [ -90.717413, 38.913653 ], [ -90.715738, 38.912327 ], [ -90.713819, 38.912079 ], [ -90.709923, 38.913602 ], [ -90.70623, 38.913506 ], [ -90.703291, 38.912239 ], [ -90.700329, 38.90965 ], [ -90.699324, 38.907881 ], [ -90.700517, 38.906522 ], [ -90.703881, 38.905626 ], [ -90.70604, 38.903428 ], [ -90.708149, 38.902591 ], [ -90.709285, 38.903093 ], [ -90.709422, 38.90618 ], [ -90.710648, 38.908106 ], [ -90.714198, 38.909892 ], [ -90.717551, 38.910316 ], [ -90.721215, 38.908688 ], [ -90.723898, 38.90871 ], [ -90.72452, 38.909786 ], [ -90.72286, 38.912055 ], [ -90.723217, 38.91407 ], [ -90.724578, 38.915181 ], [ -90.726232, 38.915207 ], [ -90.729603, 38.914183 ], [ -90.73367, 38.914272 ], [ -90.735737, 38.916177 ], [ -90.735913, 38.918321 ], [ -90.734616, 38.919709 ], [ -90.726076, 38.922632 ], [ -90.724129, 38.924362 ], [ -90.723701, 38.925932 ], [ -90.724722, 38.928249 ], [ -90.728841, 38.931141 ], [ -90.735822, 38.931141 ], [ -90.742997, 38.930368 ], [ -90.745151, 38.929489 ], [ -90.746642, 38.92801 ], [ -90.749175, 38.924183 ], [ -90.754113, 38.920747 ], [ -90.756746, 38.919811 ], [ -90.760382, 38.919805 ], [ -90.767792, 38.922329 ], [ -90.776406, 38.923016 ], [ -90.77821, 38.922488 ], [ -90.782006, 38.918559 ], [ -90.783868, 38.918115 ], [ -90.78922, 38.918361 ], [ -90.791344, 38.917895 ], [ -90.804418, 38.911139 ], [ -90.80267, 38.909165 ], [ -90.798168, 38.906302 ], [ -90.797499, 38.905145 ], [ -90.797935, 38.903098 ], [ -90.799154, 38.901421 ], [ -90.800153, 38.901072 ], [ -90.802558, 38.901672 ], [ -90.805944, 38.901733 ], [ -90.807199, 38.901147 ], [ -90.808333, 38.899553 ], [ -90.806926, 38.895244 ], [ -90.809961, 38.888922 ], [ -90.810213, 38.885605 ], [ -90.806213, 38.879016 ], [ -90.807577, 38.87766 ], [ -90.809166, 38.877803 ], [ -90.811182, 38.878999 ], [ -90.813244, 38.878954 ], [ -90.817827, 38.875966 ], [ -90.821147, 38.875884 ], [ -90.822724, 38.876392 ], [ -90.826982, 38.878964 ], [ -90.829801, 38.878045 ], [ -90.831097, 38.878212 ], [ -90.835088, 38.883531 ], [ -90.836594, 38.884118 ], [ -90.837831, 38.883632 ], [ -90.837983, 38.882325 ], [ -90.834727, 38.881326 ], [ -90.835431, 38.879968 ], [ -90.839266, 38.87964 ], [ -90.839152, 38.881426 ], [ -90.841977, 38.882004 ], [ -90.842953, 38.883455 ], [ -90.844673, 38.883965 ], [ -90.845044, 38.883005 ], [ -90.847385, 38.883699 ], [ -90.851301, 38.883574 ], [ -90.849557, 38.880674 ], [ -90.850189, 38.880124 ], [ -90.852578, 38.881057 ], [ -90.854767, 38.884353 ], [ -90.855845, 38.884722 ], [ -90.859305, 38.881857 ], [ -90.860366, 38.881932 ], [ -90.861487, 38.883399 ], [ -90.861142, 38.885131 ], [ -90.86291, 38.887263 ], [ -90.864535, 38.887872 ], [ -90.870425, 38.888675 ], [ -90.87466, 38.888271 ], [ -90.880745, 38.888523 ], [ -90.883206, 38.886748 ], [ -90.892463, 38.886457 ], [ -90.893819, 38.887443 ], [ -90.894677, 38.886313 ], [ -90.897301, 38.886053 ], [ -90.898381, 38.886507 ], [ -90.900496, 38.885993 ], [ -90.900015, 38.887435 ], [ -90.901219, 38.889324 ], [ -90.903748, 38.890319 ], [ -90.907772, 38.890871 ], [ -90.912352, 38.890577 ], [ -90.91389, 38.888883 ], [ -90.922121, 38.887426 ], [ -90.925191, 38.888631 ], [ -90.925664, 38.887118 ], [ -90.927061, 38.886587 ], [ -90.928041, 38.887524 ], [ -90.932831, 38.885903 ], [ -90.933455, 38.885049 ], [ -90.934392, 38.886458 ], [ -90.937278, 38.888086 ], [ -90.940172, 38.886472 ], [ -90.94439, 38.890317 ], [ -90.944515, 38.891109 ], [ -90.949305, 38.893788 ], [ -90.950643, 38.894988 ], [ -90.951183, 38.894114 ], [ -90.954226, 38.893148 ], [ -90.95645, 38.894164 ], [ -90.957555, 38.893285 ], [ -90.958536, 38.870865 ], [ -91.059818, 38.872635 ], [ -91.090347, 38.872356 ], [ -91.111251, 38.872709 ], [ -91.110187, 38.931901 ], [ -91.189348, 38.932151 ], [ -91.188396, 38.991798 ], [ -91.264287, 38.992762 ], [ -91.262466, 39.052814 ], [ -91.262877, 39.052944 ], [ -91.262564, 39.070021 ], [ -91.260232, 39.139845 ], [ -91.409033, 39.142542 ], [ -91.484936, 39.144857 ], [ -91.629598, 39.147853 ], [ -91.633998, 39.059057 ], [ -91.745579, 39.059991 ], [ -91.774466, 39.060786 ], [ -91.976453, 39.062044 ], [ -92.091254, 39.064297 ], [ -92.110387, 39.064204 ], [ -92.109876, 39.086498 ], [ -92.106359, 39.159813 ], [ -92.105973, 39.198924 ], [ -92.104374, 39.239809 ], [ -92.19863, 39.242346 ], [ -92.314471, 39.246454 ], [ -92.430229, 39.248795 ], [ -92.753727, 39.333677 ], [ -92.790369, 39.343586 ], [ -92.841761, 39.240017 ], [ -92.849224, 39.226218 ], [ -92.84907, 39.230612 ], [ -92.850702, 39.233142 ], [ -92.854935, 39.235537 ], [ -92.86015, 39.236502 ], [ -92.862851, 39.236437 ], [ -92.870294, 39.234197 ], [ -92.88414, 39.225195 ], [ -92.886552, 39.224257 ], [ -92.896194, 39.221897 ], [ -92.906142, 39.222339 ], [ -92.911669, 39.223946 ], [ -92.915197, 39.226262 ], [ -92.919572, 39.231615 ], [ -92.919969, 39.240208 ], [ -92.917194, 39.245143 ], [ -92.915681, 39.250031 ], [ -92.915469, 39.253379 ], [ -92.916749, 39.25794 ], [ -92.918446, 39.259769 ], [ -92.923617, 39.263376 ], [ -92.926623, 39.264458 ], [ -92.936659, 39.266522 ], [ -92.947403, 39.270094 ], [ -92.95047, 39.271993 ], [ -92.956121, 39.277163 ], [ -92.957766, 39.279336 ], [ -92.958978, 39.283041 ], [ -92.957986, 39.288063 ], [ -92.954925, 39.293817 ], [ -92.953273, 39.298457 ], [ -92.953402, 39.302752 ], [ -92.954289, 39.306346 ], [ -92.959801, 39.312526 ], [ -92.968462, 39.31518 ], [ -92.971592, 39.3156 ], [ -92.976803, 39.31548 ], [ -93.001933, 39.312995 ], [ -93.007306, 39.313342 ], [ -93.014919, 39.312875 ], [ -93.023776, 39.313115 ], [ -93.03101, 39.314382 ], [ -93.044755, 39.317666 ], [ -93.052043, 39.320725 ], [ -93.061533, 39.325566 ], [ -93.067996, 39.330294 ], [ -93.072915, 39.33552 ], [ -93.074438, 39.337965 ], [ -93.076948, 39.342506 ], [ -93.078053, 39.347977 ], [ -93.076361, 39.36069 ], [ -93.077083, 39.3655 ], [ -93.080289, 39.371752 ], [ -93.087759, 39.378912 ], [ -93.092577, 39.38156 ], [ -93.098584, 39.383174 ], [ -93.106071, 39.383724 ], [ -93.125199, 39.377675 ], [ -93.131868, 39.377328 ], [ -93.135507, 39.377654 ], [ -93.139631, 39.378643 ], [ -93.146082, 39.381997 ], [ -93.151992, 39.387158 ], [ -93.15653, 39.392947 ], [ -93.159482, 39.398952 ], [ -93.164322, 39.405007 ], [ -93.167221, 39.407253 ], [ -93.174465, 39.411026 ], [ -93.177451, 39.411714 ], [ -93.184755, 39.411348 ], [ -93.189435, 39.410486 ], [ -93.193101, 39.409278 ], [ -93.196746, 39.406836 ], [ -93.199282, 39.404312 ], [ -93.200708, 39.401787 ], [ -93.200951, 39.398891 ], [ -93.200028, 39.395991 ], [ -93.197088, 39.390434 ], [ -93.190199, 39.381792 ], [ -93.188909, 39.377698 ], [ -93.1888, 39.375023 ], [ -93.189569, 39.370383 ], [ -93.192037, 39.365705 ], [ -93.206753, 39.35239 ], [ -93.209536, 39.348573 ], [ -93.215349, 39.338107 ], [ -93.221669, 39.331326 ], [ -93.225221, 39.328863 ], [ -93.230079, 39.327877 ], [ -93.240283, 39.336394 ], [ -93.242857, 39.337617 ], [ -93.247776, 39.338669 ], [ -93.252726, 39.338784 ], [ -93.255922, 39.337837 ], [ -93.263813, 39.331009 ], [ -93.267795, 39.325117 ], [ -93.266488, 39.320149 ], [ -93.266853, 39.319261 ], [ -93.269393, 39.31655 ], [ -93.277725, 39.311549 ], [ -93.283404, 39.309904 ], [ -93.294161, 39.309214 ], [ -93.310473, 39.310744 ], [ -93.324764, 39.310615 ], [ -93.332252, 39.309606 ], [ -93.336856, 39.307032 ], [ -93.340312, 39.303353 ], [ -93.344109, 39.297179 ], [ -93.34443, 39.289364 ], [ -93.341996, 39.283648 ], [ -93.337763, 39.2769 ], [ -93.332624, 39.271305 ], [ -93.328962, 39.265483 ], [ -93.328335, 39.256998 ], [ -93.329121, 39.255081 ], [ -93.333337, 39.250012 ], [ -93.33673, 39.248079 ], [ -93.344522, 39.246031 ], [ -93.353637, 39.242763 ], [ -93.357548, 39.240698 ], [ -93.368136, 39.23331 ], [ -93.373137, 39.231331 ], [ -93.388411, 39.227426 ], [ -93.396335, 39.22634 ], [ -93.401877, 39.226905 ], [ -93.406401, 39.228394 ], [ -93.411414, 39.231058 ], [ -93.415226, 39.234923 ], [ -93.415882, 39.237824 ], [ -93.41523, 39.241797 ], [ -93.413381, 39.244556 ], [ -93.40764, 39.250021 ], [ -93.404498, 39.254222 ], [ -93.403013, 39.25803 ], [ -93.402903, 39.260054 ], [ -93.404775, 39.263274 ], [ -93.407143, 39.26511 ], [ -93.411449, 39.267152 ], [ -93.413924, 39.267753 ], [ -93.419441, 39.267917 ], [ -93.43296, 39.267262 ], [ -93.440554, 39.267821 ], [ -93.444231, 39.268525 ], [ -93.450714, 39.272975 ], [ -93.455873, 39.285332 ], [ -93.459908, 39.289375 ], [ -93.464985, 39.29237 ], [ -93.473272, 39.293296 ], [ -93.478254, 39.292666 ], [ -93.483999, 39.290038 ], [ -93.489889, 39.285145 ], [ -93.492018, 39.282938 ], [ -93.49334, 39.28067 ], [ -93.495377, 39.275459 ], [ -93.496323, 39.270022 ], [ -93.496221, 39.264891 ], [ -93.494173, 39.255737 ], [ -93.487611, 39.238338 ], [ -93.486573, 39.233861 ], [ -93.487885, 39.228875 ], [ -93.489284, 39.226297 ], [ -93.49196, 39.223461 ], [ -93.498663, 39.219514 ], [ -93.500211, 39.218005 ], [ -93.505836, 39.216712 ], [ -93.516063, 39.215289 ], [ -93.529631, 39.214996 ], [ -93.544047, 39.215762 ], [ -93.551528, 39.217017 ], [ -93.563192, 39.22002 ], [ -93.565778, 39.222503 ], [ -93.567707, 39.227174 ], [ -93.568926, 39.228605 ], [ -93.578088, 39.236136 ], [ -93.583556, 39.238965 ], [ -93.58495, 39.240431 ], [ -93.589967, 39.24167 ], [ -93.595939, 39.242062 ], [ -93.605188, 39.240844 ], [ -93.613419, 39.24252 ], [ -93.628359, 39.243164 ], [ -93.631395, 39.24539 ], [ -93.636381, 39.247172 ], [ -93.640584, 39.247306 ], [ -93.643351, 39.245391 ], [ -93.646739, 39.245862 ], [ -93.650526, 39.248214 ], [ -93.653777, 39.248011 ], [ -93.657469, 39.245525 ], [ -93.656093, 39.241004 ], [ -93.658009, 39.238478 ], [ -93.661378, 39.237089 ], [ -93.661901, 39.235782 ], [ -93.666473, 39.235477 ], [ -93.674332, 39.233966 ], [ -93.681595, 39.231235 ], [ -93.687497, 39.22686 ], [ -93.689411, 39.224716 ], [ -93.693857, 39.215858 ], [ -93.696968, 39.211874 ], [ -93.700057, 39.209725 ], [ -93.70781, 39.206895 ], [ -93.71121, 39.206262 ], [ -93.719246, 39.206396 ], [ -93.728851, 39.208437 ], [ -93.738956, 39.209655 ], [ -93.746, 39.209487 ], [ -93.760358, 39.206637 ], [ -93.774095, 39.201682 ], [ -93.778523, 39.200574 ], [ -93.784391, 39.200209 ], [ -93.788494, 39.20103 ], [ -93.794502, 39.202984 ], [ -93.799775, 39.205206 ], [ -93.802519, 39.207271 ], [ -93.810917, 39.210937 ], [ -93.818513, 39.213655 ], [ -93.824172, 39.214897 ], [ -93.840147, 39.215467 ], [ -93.848971, 39.214541 ], [ -93.855434, 39.212874 ], [ -93.872089, 39.205937 ], [ -93.87522, 39.20408 ], [ -93.899417, 39.184539 ], [ -93.901461, 39.184502 ], [ -93.904311, 39.183465 ], [ -93.909131, 39.182504 ], [ -93.92783, 39.184386 ], [ -93.932291, 39.183757 ], [ -93.940043, 39.17969 ], [ -93.940718, 39.178743 ], [ -93.941451, 39.174973 ], [ -93.943323, 39.173825 ], [ -93.944358, 39.170222 ], [ -93.944128, 39.161889 ], [ -93.942411, 39.158083 ], [ -93.950458, 39.150845 ], [ -93.958327, 39.145168 ], [ -93.961155, 39.143563 ], [ -93.968748, 39.142293 ], [ -93.973544, 39.143272 ], [ -93.979091, 39.145466 ], [ -93.984713, 39.148989 ], [ -93.988892, 39.152786 ], [ -93.986692, 39.155817 ], [ -93.98626, 39.161261 ], [ -93.983361, 39.168524 ], [ -93.981175, 39.170284 ], [ -93.975348, 39.172737 ], [ -93.967863, 39.178134 ], [ -93.962442, 39.183369 ], [ -93.961479, 39.187525 ], [ -93.961779, 39.19212 ], [ -93.966768, 39.198266 ], [ -93.971971, 39.202176 ], [ -93.977402, 39.205491 ], [ -93.978963, 39.206046 ], [ -93.980088, 39.205874 ], [ -93.988664, 39.201639 ], [ -94.028822, 39.191595 ], [ -94.032046, 39.189961 ], [ -94.034494, 39.187945 ], [ -94.036047, 39.184969 ], [ -94.035474, 39.177502 ], [ -94.025711, 39.165001 ], [ -94.024206, 39.154537 ], [ -94.036782, 39.14732 ], [ -94.045566, 39.14084 ], [ -94.056638, 39.135544 ], [ -94.058975, 39.134824 ], [ -94.062463, 39.13428 ], [ -94.078607, 39.134247 ], [ -94.087135, 39.135543 ], [ -94.092047, 39.137191 ], [ -94.096815, 39.139159 ], [ -94.104823, 39.143507 ], [ -94.106764, 39.091703 ], [ -94.199822, 39.094585 ], [ -94.200445, 39.076299 ], [ -94.190968, 39.078751 ], [ -94.191081, 39.071863 ], [ -94.200607, 39.07216 ], [ -94.201157, 39.064995 ], [ -94.269547, 39.067304 ], [ -94.269308, 39.070925 ], [ -94.271607, 39.071036 ], [ -94.271436, 39.074651 ], [ -94.273832, 39.074843 ], [ -94.273425, 39.082223 ], [ -94.276662, 39.082284 ], [ -94.278253, 39.081773 ], [ -94.280675, 39.083599 ], [ -94.284961, 39.084974 ], [ -94.288171, 39.090414 ], [ -94.289942, 39.090653 ], [ -94.29368, 39.089861 ], [ -94.302407, 39.089999 ], [ -94.305712, 39.089624 ], [ -94.307765, 39.090136 ], [ -94.309271, 39.091932 ], [ -94.307167, 39.094414 ], [ -94.303344, 39.097374 ], [ -94.299522, 39.098382 ], [ -94.300703, 39.100305 ], [ -94.295929, 39.101152 ], [ -94.291176, 39.103318 ], [ -94.287338, 39.104114 ], [ -94.283162, 39.104148 ], [ -94.282337, 39.103734 ], [ -94.281639, 39.104853 ], [ -94.281527, 39.109761 ], [ -94.293779, 39.118831 ], [ -94.3044, 39.118934 ], [ -94.304039, 39.126403 ], [ -94.313314, 39.133284 ], [ -94.313731, 39.136653 ], [ -94.317227, 39.136737 ], [ -94.32078, 39.13624 ], [ -94.326085, 39.134384 ], [ -94.336984, 39.134626 ], [ -94.345762, 39.134292 ], [ -94.355423, 39.128624 ], [ -94.379228, 39.128904 ], [ -94.385269, 39.129567 ], [ -94.384685, 39.13282 ], [ -94.391147, 39.145021 ], [ -94.394218, 39.143993 ], [ -94.395123, 39.142187 ], [ -94.400772, 39.140298 ], [ -94.401978, 39.137027 ], [ -94.400724, 39.13625 ], [ -94.400386, 39.134697 ], [ -94.40142, 39.134013 ], [ -94.401892, 39.1303 ], [ -94.406649, 39.130404 ], [ -94.407294, 39.130513 ], [ -94.40659, 39.131181 ], [ -94.406295, 39.134685 ], [ -94.415631, 39.135104 ], [ -94.415254, 39.141671 ], [ -94.419453, 39.141671 ], [ -94.419855, 39.142573 ], [ -94.419475, 39.149318 ], [ -94.423485, 39.144069 ], [ -94.430365, 39.138026 ], [ -94.440642, 39.13078 ], [ -94.455429, 39.123104 ], [ -94.46159, 39.120372 ], [ -94.465792, 39.123302 ], [ -94.467546, 39.12478 ], [ -94.469318, 39.128839 ], [ -94.46933, 39.130704 ], [ -94.47633, 39.137004 ], [ -94.484112, 39.145009 ], [ -94.476912, 39.150443 ], [ -94.477214, 39.15695 ], [ -94.47531, 39.157735 ], [ -94.475188, 39.194837 ], [ -94.484583, 39.194969 ], [ -94.484314, 39.198502 ], [ -94.492588, 39.198555 ], [ -94.49254, 39.202504 ], [ -94.479785, 39.207597 ], [ -94.477643, 39.208907 ], [ -94.474864, 39.216348 ], [ -94.475949, 39.216354 ], [ -94.47441, 39.218415 ], [ -94.479409, 39.219007 ], [ -94.479433, 39.216402 ], [ -94.491523, 39.216538 ], [ -94.492984, 39.220681 ], [ -94.491977, 39.31794 ], [ -94.555863, 39.318626 ], [ -94.555853, 39.322289 ], [ -94.560612, 39.322284 ], [ -94.560573, 39.332642 ], [ -94.561186, 39.33314 ], [ -94.600765, 39.333149 ], [ -94.60038, 39.289436 ], [ -94.600977, 39.246375 ], [ -94.601372, 39.244399 ], [ -94.600945, 39.24256 ], [ -94.600945, 39.234467 ], [ -94.601733, 39.159603 ], [ -94.608657, 39.161044 ], [ -94.615834, 39.160003 ], [ -94.623934, 39.156603 ], [ -94.639779, 39.153707 ], [ -94.650735, 39.154103 ], [ -94.655787, 39.15568 ], [ -94.65921, 39.157841 ], [ -94.661397, 39.162742 ], [ -94.659162, 39.174126 ], [ -94.663835, 39.179103 ], [ -94.669135, 39.182003 ], [ -94.680336, 39.184303 ], [ -94.687236, 39.183503 ], [ -94.696332, 39.178563 ], [ -94.714137, 39.170403 ], [ -94.723637, 39.169003 ], [ -94.736537, 39.169203 ], [ -94.741938, 39.170203 ], [ -94.752338, 39.173203 ], [ -94.763138, 39.179903 ], [ -94.770338, 39.190002 ], [ -94.775538, 39.200602 ], [ -94.777838, 39.203522 ], [ -94.781518, 39.206146 ], [ -94.783838, 39.207154 ], [ -94.787343, 39.207666 ], [ -94.799663, 39.206018 ], [ -94.811663, 39.206594 ], [ -94.820687, 39.208626 ], [ -94.823791, 39.209874 ], [ -94.831679, 39.215938 ], [ -94.833552, 39.217794 ], [ -94.835056, 39.220658 ], [ -94.834896, 39.223842 ], [ -94.827791, 39.234001 ], [ -94.826111, 39.238289 ], [ -94.825663, 39.241729 ], [ -94.827487, 39.249889 ], [ -94.831471, 39.256273 ], [ -94.837855, 39.262417 ], [ -94.84632, 39.268481 ], [ -94.857072, 39.273825 ], [ -94.867568, 39.277841 ], [ -94.87832, 39.281136 ], [ -94.882576, 39.283328 ], [ -94.887056, 39.28648 ], [ -94.895217, 39.294208 ], [ -94.900049, 39.300192 ], [ -94.905329, 39.311952 ], [ -94.908065, 39.323663 ], [ -94.910641, 39.348335 ], [ -94.910017, 39.352543 ], [ -94.909409, 39.354255 ], [ -94.907297, 39.356735 ], [ -94.902497, 39.360383 ], [ -94.899024, 39.362431 ], [ -94.896832, 39.363135 ], [ -94.890928, 39.364031 ], [ -94.885216, 39.366911 ], [ -94.88136, 39.370383 ], [ -94.879088, 39.375703 ], [ -94.879281, 39.37978 ], [ -94.880979, 39.383899 ], [ -94.885026, 39.389801 ], [ -94.888972, 39.392432 ], [ -94.891845, 39.393313 ], [ -94.894979, 39.393565 ], [ -94.901823, 39.392798 ], [ -94.909581, 39.388865 ], [ -94.915859, 39.386348 ], [ -94.919225, 39.385174 ], [ -94.92311, 39.384492 ], [ -94.933652, 39.385546 ], [ -94.937158, 39.386531 ], [ -94.942039, 39.389499 ], [ -94.945577, 39.393851 ], [ -94.946227, 39.395648 ], [ -94.946662, 39.399717 ], [ -94.946293, 39.405646 ], [ -94.947864, 39.408604 ], [ -94.951209, 39.411707 ], [ -94.954817, 39.413844 ], [ -94.966066, 39.417288 ], [ -94.972952, 39.421705 ], [ -94.976606, 39.426701 ], [ -94.978798, 39.436241 ], [ -94.982144, 39.440552 ], [ -94.990172, 39.446192 ], [ -94.995768, 39.448174 ], [ -95.015825, 39.452809 ], [ -95.028498, 39.458287 ], [ -95.033408, 39.460876 ], [ -95.04078, 39.466387 ], [ -95.045716, 39.472459 ], [ -95.047133, 39.474971 ], [ -95.04837, 39.48042 ], [ -95.049845, 39.494415 ], [ -95.050552, 39.497514 ], [ -95.052177, 39.499996 ], [ -95.05638, 39.503972 ], [ -95.059461, 39.506143 ], [ -95.077441, 39.513552 ], [ -95.082714, 39.516712 ], [ -95.092704, 39.524241 ], [ -95.102888, 39.533347 ], [ -95.106596, 39.537657 ], [ -95.109304, 39.542285 ], [ -95.113557, 39.553941 ], [ -95.113077, 39.559133 ], [ -95.107454, 39.573843 ], [ -95.106406, 39.575252 ], [ -95.103228, 39.577783 ], [ -95.099095, 39.579691 ], [ -95.095736, 39.580618 ], [ -95.089515, 39.581028 ], [ -95.076688, 39.576764 ], [ -95.07216, 39.576122 ], [ -95.069315, 39.576218 ], [ -95.064519, 39.577115 ], [ -95.059519, 39.579132 ], [ -95.056897, 39.580567 ], [ -95.054804, 39.582488 ], [ -95.049277, 39.589583 ], [ -95.047165, 39.595117 ], [ -95.046361, 39.599557 ], [ -95.046445, 39.601606 ], [ -95.047911, 39.606288 ], [ -95.053012, 39.613965 ], [ -95.055152, 39.621657 ], [ -95.054925, 39.624995 ], [ -95.053367, 39.630347 ], [ -95.049518, 39.637876 ], [ -95.044554, 39.64437 ], [ -95.039049, 39.649639 ], [ -95.037464, 39.652905 ], [ -95.027644, 39.665454 ], [ -95.024595, 39.668485 ], [ -95.018318, 39.672869 ], [ -95.01531, 39.674262 ], [ -95.009023, 39.675765 ], [ -95.001379, 39.676479 ], [ -94.993557, 39.67657 ], [ -94.984149, 39.67785 ], [ -94.981557, 39.678634 ], [ -94.976325, 39.68137 ], [ -94.971317, 39.68641 ], [ -94.969909, 39.68905 ], [ -94.968981, 39.692954 ], [ -94.968453, 39.707402 ], [ -94.971078, 39.723146 ], [ -94.971206, 39.729305 ], [ -94.970422, 39.732121 ], [ -94.965318, 39.739065 ], [ -94.960086, 39.743065 ], [ -94.955286, 39.745689 ], [ -94.95263, 39.745961 ], [ -94.948726, 39.745593 ], [ -94.944741, 39.744377 ], [ -94.939221, 39.741578 ], [ -94.930005, 39.73537 ], [ -94.918324, 39.728794 ], [ -94.910068, 39.725786 ], [ -94.902612, 39.724202 ], [ -94.899316, 39.724042 ], [ -94.891744, 39.724894 ], [ -94.884143, 39.726794 ], [ -94.875643, 39.730494 ], [ -94.870143, 39.734594 ], [ -94.862943, 39.742994 ], [ -94.860371, 39.74953 ], [ -94.859443, 39.753694 ], [ -94.860743, 39.763094 ], [ -94.863143, 39.767294 ], [ -94.865243, 39.770094 ], [ -94.867143, 39.771694 ], [ -94.869644, 39.772894 ], [ -94.871144, 39.772994 ], [ -94.88146, 39.771258 ], [ -94.899156, 39.761258 ], [ -94.906244, 39.759418 ], [ -94.912293, 39.759338 ], [ -94.916789, 39.760938 ], [ -94.926229, 39.76649 ], [ -94.929653, 39.769098 ], [ -94.934262, 39.773642 ], [ -94.935302, 39.77561 ], [ -94.935782, 39.778906 ], [ -94.935206, 39.78313 ], [ -94.932726, 39.786282 ], [ -94.929654, 39.788282 ], [ -94.925605, 39.789754 ], [ -94.892965, 39.791098 ], [ -94.890292, 39.791626 ], [ -94.884084, 39.794234 ], [ -94.880932, 39.797338 ], [ -94.876344, 39.806894 ], [ -94.875944, 39.813294 ], [ -94.876544, 39.820594 ], [ -94.877044, 39.823754 ], [ -94.878677, 39.826522 ], [ -94.881013, 39.828922 ], [ -94.886933, 39.833098 ], [ -94.889493, 39.834026 ], [ -94.892677, 39.834378 ], [ -94.903157, 39.83385 ], [ -94.909942, 39.834426 ], [ -94.916918, 39.836138 ], [ -94.92615, 39.841322 ], [ -94.937655, 39.849786 ], [ -94.939767, 39.85193 ], [ -94.942567, 39.856602 ], [ -94.942407, 39.861066 ], [ -94.940743, 39.86441 ], [ -94.938791, 39.866954 ], [ -94.931463, 39.872602 ], [ -94.928466, 39.876344 ], [ -94.927252, 39.880258 ], [ -94.927359, 39.883966 ], [ -94.927897, 39.886112 ], [ -94.929574, 39.888754 ], [ -94.934493, 39.893366 ], [ -94.943867, 39.89813 ], [ -94.95154, 39.900533 ], [ -94.959276, 39.901671 ], [ -94.963345, 39.901136 ], [ -94.977749, 39.897472 ], [ -94.986975, 39.89667 ], [ -94.990284, 39.89701 ], [ -95.003819, 39.900401 ], [ -95.00844, 39.900596 ], [ -95.013152, 39.899953 ], [ -95.018743, 39.897372 ], [ -95.024389, 39.891202 ], [ -95.02524, 39.8897 ], [ -95.025947, 39.886747 ], [ -95.025119, 39.878833 ], [ -95.025422, 39.876711 ], [ -95.027931, 39.871522 ], [ -95.032053, 39.868337 ], [ -95.037767, 39.865542 ], [ -95.042142, 39.864805 ], [ -95.052535, 39.864374 ], [ -95.081534, 39.861718 ], [ -95.085003, 39.861883 ], [ -95.090158, 39.86314 ], [ -95.105912, 39.869164 ], [ -95.128166, 39.874165 ], [ -95.134747, 39.876852 ], [ -95.137092, 39.878351 ], [ -95.140601, 39.881688 ], [ -95.142718, 39.885889 ], [ -95.143403, 39.889356 ], [ -95.142445, 39.89542 ], [ -95.142563, 39.897992 ], [ -95.143802, 39.901918 ], [ -95.146055, 39.904183 ], [ -95.149657, 39.905948 ], [ -95.156024, 39.907243 ], [ -95.159834, 39.906984 ], [ -95.172296, 39.902026 ], [ -95.179453, 39.900062 ], [ -95.189565, 39.899959 ], [ -95.193816, 39.90069 ], [ -95.201935, 39.904053 ], [ -95.205733, 39.908275 ], [ -95.206196, 39.909557 ], [ -95.205745, 39.915169 ], [ -95.20201, 39.922438 ], [ -95.20069, 39.928155 ], [ -95.201277, 39.934194 ], [ -95.204428, 39.938949 ], [ -95.213737, 39.943206 ], [ -95.21644, 39.943953 ], [ -95.220212, 39.944433 ], [ -95.231114, 39.943784 ], [ -95.236761, 39.943931 ], [ -95.241383, 39.944949 ], [ -95.250254, 39.948644 ], [ -95.257652, 39.954886 ], [ -95.261854, 39.960618 ], [ -95.269886, 39.969396 ], [ -95.274757, 39.972115 ], [ -95.289715, 39.977706 ], [ -95.302507, 39.984357 ], [ -95.307111, 39.989114 ], [ -95.308404, 39.993758 ], [ -95.308469, 40.002194 ], [ -95.312211, 40.009395 ], [ -95.315271, 40.01207 ], [ -95.318015, 40.013216 ], [ -95.328501, 40.015657 ], [ -95.336242, 40.019104 ], [ -95.346573, 40.028272 ], [ -95.348777, 40.029297 ], [ -95.356876, 40.031522 ], [ -95.363983, 40.031498 ], [ -95.382957, 40.027112 ], [ -95.387195, 40.02677 ], [ -95.391527, 40.027058 ], [ -95.395858, 40.028038 ], [ -95.402665, 40.030567 ], [ -95.40726, 40.033112 ], [ -95.413588, 40.038424 ], [ -95.416824, 40.043235 ], [ -95.41932, 40.048442 ], [ -95.42164, 40.058952 ], [ -95.420643, 40.062599 ], [ -95.418345, 40.066509 ], [ -95.409856, 40.07432 ], [ -95.408455, 40.079158 ], [ -95.410643, 40.091531 ], [ -95.407591, 40.09803 ], [ -95.397146, 40.105183 ], [ -95.394216, 40.108263 ], [ -95.393062, 40.111175 ], [ -95.39284, 40.115887 ], [ -95.393347, 40.119212 ], [ -95.395369, 40.122811 ], [ -95.398667, 40.126419 ], [ -95.404395, 40.129018 ], [ -95.409481, 40.130052 ], [ -95.419186, 40.130586 ], [ -95.42478, 40.132765 ], [ -95.428749, 40.135577 ], [ -95.431022, 40.138411 ], [ -95.432165, 40.141025 ], [ -95.433374, 40.146114 ], [ -95.433822, 40.152935 ], [ -95.436348, 40.15872 ], [ -95.440694, 40.162282 ], [ -95.442818, 40.163261 ], [ -95.454919, 40.166577 ], [ -95.460746, 40.169173 ], [ -95.471054, 40.17691 ], [ -95.476301, 40.181988 ], [ -95.479193, 40.185652 ], [ -95.48254, 40.192283 ], [ -95.482319, 40.200667 ], [ -95.477948, 40.208643 ], [ -95.473469, 40.213482 ], [ -95.471393, 40.217333 ], [ -95.470061, 40.221507 ], [ -95.469718, 40.227908 ], [ -95.470349, 40.230819 ], [ -95.472548, 40.236078 ], [ -95.477501, 40.24272 ], [ -95.482778, 40.246273 ], [ -95.485994, 40.247825 ], [ -95.493405, 40.24956 ], [ -95.50026, 40.249629 ], [ -95.507295, 40.248888 ], [ -95.516107, 40.249187 ], [ -95.521035, 40.250083 ], [ -95.524172, 40.251129 ], [ -95.534626, 40.256953 ], [ -95.543737, 40.260687 ], [ -95.552473, 40.261904 ], [ -95.554324, 40.263395 ], [ -95.556325, 40.267714 ], [ -95.556275, 40.270761 ], [ -95.551488, 40.281061 ], [ -95.550966, 40.285947 ], [ -95.55162, 40.288666 ], [ -95.553292, 40.291158 ], [ -95.558732, 40.295774 ], [ -95.562157, 40.297359 ], [ -95.56814, 40.299129 ], [ -95.581787, 40.29958 ], [ -95.587371, 40.301649 ], [ -95.590165, 40.303199 ], [ -95.598657, 40.309809 ], [ -95.60511, 40.312559 ], [ -95.610439, 40.31397 ], [ -95.613479, 40.314233 ], [ -95.617931, 40.313728 ], [ -95.623213, 40.312469 ], [ -95.63631, 40.307675 ], [ -95.642262, 40.306025 ], [ -95.645329, 40.305693 ], [ -95.651507, 40.306684 ], [ -95.654294, 40.307906 ], [ -95.657328, 40.310856 ], [ -95.658025, 40.3127 ], [ -95.657764, 40.315788 ], [ -95.656612, 40.319465 ], [ -95.653729, 40.322582 ], [ -95.647931, 40.325556 ], [ -95.633807, 40.329297 ], [ -95.629936, 40.330994 ], [ -95.625204, 40.334288 ], [ -95.623182, 40.338367 ], [ -95.622704, 40.340856 ], [ -95.623728, 40.346567 ], [ -95.627124, 40.3528 ], [ -95.631481, 40.35731 ], [ -95.636991, 40.36136 ], [ -95.641027, 40.366399 ], [ -95.642414, 40.369829 ], [ -95.642679, 40.375001 ], [ -95.642147, 40.378243 ], [ -95.643934, 40.386849 ], [ -95.649418, 40.396149 ], [ -95.659134, 40.40869 ], [ -95.661463, 40.415947 ], [ -95.660721, 40.418841 ], [ -95.656288, 40.428765 ], [ -95.65563, 40.434736 ], [ -95.65819, 40.44188 ], [ -95.665413, 40.451182 ], [ -95.671742, 40.456695 ], [ -95.677174, 40.460158 ], [ -95.684363, 40.463366 ], [ -95.693133, 40.469396 ], [ -95.694651, 40.471452 ], [ -95.696365, 40.475897 ], [ -95.696756, 40.478849 ], [ -95.695247, 40.486587 ], [ -95.694726, 40.493602 ], [ -95.695945, 40.499051 ], [ -95.699969, 40.505275 ], [ -95.695604, 40.506473 ], [ -95.692083, 40.508133 ], [ -95.667981, 40.51496 ], [ -95.661687, 40.517309 ], [ -95.655674, 40.523557 ], [ -95.652262, 40.538114 ], [ -95.65341, 40.541893 ], [ -95.655848, 40.546609 ], [ -95.662097, 40.549959 ], [ -95.665486, 40.556686 ], [ -95.671754, 40.562626 ], [ -95.678718, 40.56256 ], [ -95.687109, 40.560664 ], [ -95.694147, 40.556942 ], [ -95.694881, 40.55072 ], [ -95.696673, 40.545137 ], [ -95.697281, 40.536985 ], [ -95.69505, 40.533124 ], [ -95.69721, 40.528477 ], [ -95.708591, 40.521551 ], [ -95.709974, 40.523798 ], [ -95.714291, 40.527208 ], [ -95.722444, 40.528118 ], [ -95.725214, 40.527773 ], [ -95.731179, 40.525436 ], [ -95.73725, 40.52393 ], [ -95.74868, 40.524275 ], [ -95.75711, 40.52599 ], [ -95.762857, 40.528371 ], [ -95.76692, 40.531563 ], [ -95.768693, 40.534106 ], [ -95.769281, 40.536656 ], [ -95.768412, 40.540347 ], [ -95.764696, 40.545721 ], [ -95.763624, 40.548298 ], [ -95.763366, 40.550797 ], [ -95.763833, 40.553873 ], [ -95.76503, 40.556921 ], [ -95.771776, 40.566133 ], [ -95.774704, 40.573574 ], [ -95.773549, 40.578205 ] ] ] } },
{ "type": "Feature", "properties": { "district": 7 }, "geometry": { "type": "Polygon", "coordinates": [ [ [ -94.618658, 36.880064 ], [ -94.618243, 36.897027 ], [ -94.617875, 37.056798 ], [ -94.618505, 37.181184 ], [ -94.617537717162008, 37.36416710356329 ], [ -94.589771, 37.363813 ], [ -94.516871, 37.361243 ], [ -94.456002, 37.358322 ], [ -94.392821, 37.35688 ], [ -94.392845, 37.35643 ], [ -94.082083, 37.349291 ], [ -94.083833, 37.290851 ], [ -93.951587, 37.287822 ], [ -93.837305, 37.286432 ], [ -93.625844, 37.282011 ], [ -93.621153, 37.427423 ], [ -93.520777, 37.425284 ], [ -93.461929, 37.42447 ], [ -93.27354, 37.41925 ], [ -93.239088, 37.418943 ], [ -93.119348, 37.415622 ], [ -93.07338, 37.414989 ], [ -93.076771, 37.270745 ], [ -93.06845, 37.270935 ], [ -93.06832, 37.276417 ], [ -93.068127, 37.274403 ], [ -93.065386, 37.274338 ], [ -93.065402, 37.271379 ], [ -93.058127, 37.272813 ], [ -93.058057, 37.272197 ], [ -93.048357, 37.274128 ], [ -93.04525, 37.275875 ], [ -93.043762, 37.27954 ], [ -93.039683, 37.278379 ], [ -93.037327, 37.278392 ], [ -93.036983, 37.276885 ], [ -93.038302, 37.275836 ], [ -93.03836, 37.272928 ], [ -93.040724, 37.272307 ], [ -93.041073, 37.270727 ], [ -93.046247, 37.270818 ], [ -93.038421, 37.265185 ], [ -93.033429, 37.265633 ], [ -93.030254, 37.264329 ], [ -93.017045, 37.263145 ], [ -93.017067, 37.256622 ], [ -93.013959, 37.257126 ], [ -93.012372, 37.25596 ], [ -93.011306, 37.257191 ], [ -93.009845, 37.262212 ], [ -93.008036, 37.264014 ], [ -93.005561, 37.263024 ], [ -93.001739, 37.262643 ], [ -92.998081, 37.26344 ], [ -92.995813, 37.265326 ], [ -92.997493, 37.267424 ], [ -92.997012, 37.268325 ], [ -92.99398, 37.269036 ], [ -92.992036, 37.270344 ], [ -92.989931, 37.269521 ], [ -92.986306, 37.266401 ], [ -92.983088, 37.266606 ], [ -92.978489, 37.26858 ], [ -92.97113, 37.268234 ], [ -92.971553, 37.248018 ], [ -92.974218, 37.248118 ], [ -92.980946, 37.2439 ], [ -92.975427, 37.239209 ], [ -92.971782, 37.237148 ], [ -92.971861, 37.233506 ], [ -92.95392, 37.233413 ], [ -92.953973, 37.236026 ], [ -92.950925, 37.235623 ], [ -92.949709, 37.234779 ], [ -92.94405, 37.233866 ], [ -92.943761, 37.243555 ], [ -92.935007, 37.243181 ], [ -92.934851, 37.247102 ], [ -92.916573, 37.246122 ], [ -92.916752, 37.242487 ], [ -92.898646, 37.241851 ], [ -92.898488, 37.245527 ], [ -92.879809, 37.244672 ], [ -92.807215, 37.24324 ], [ -92.679659, 37.242363 ], [ -92.681883, 37.169243 ], [ -92.685867, 37.067051 ], [ -92.849076, 37.068763 ], [ -92.857042, 37.069335 ], [ -92.903273, 37.070651 ], [ -92.903051, 37.056048 ], [ -92.909336, 36.809178 ], [ -92.764869, 36.806097 ], [ -92.772333, 36.497772 ], [ -93.087635, 36.498239 ], [ -93.125969, 36.497851 ], [ -93.906128, 36.498718 ], [ -94.110673, 36.498587 ], [ -94.361203, 36.4996 ], [ -94.519478, 36.499214 ], [ -94.617919, 36.499414 ], [ -94.618658, 36.880064 ] ] ] } },
{ "type": "Feature", "properties": { "district": 8 }, "geometry": { "type": "Polygon", "coordinates": [ [ [ -92.908987, 36.819885 ], [ -92.903051, 37.056048 ], [ -92.903273, 37.070651 ], [ -92.857042, 37.069335 ], [ -92.849076, 37.068763 ], [ -92.685867, 37.067051 ], [ -92.681883, 37.169243 ], [ -92.67897, 37.263149 ], [ -92.692303, 37.263514 ], [ -92.690471, 37.350647 ], [ -92.689571, 37.350647 ], [ -92.689006, 37.396881 ], [ -92.686671, 37.481545 ], [ -92.587208, 37.479132 ], [ -92.543168, 37.478545 ], [ -92.511031, 37.476676 ], [ -92.371535, 37.473643 ], [ -92.35969, 37.473856 ], [ -92.306163, 37.472945 ], [ -92.305963, 37.473645 ], [ -92.252261, 37.472944 ], [ -92.249463, 37.604543 ], [ -92.183261, 37.605243 ], [ -92.029258, 37.602542 ], [ -92.02856, 37.706841 ], [ -92.026822, 37.707047 ], [ -92.02556, 37.75004 ], [ -92.022863, 37.88074 ], [ -92.022463, 37.88074 ], [ -92.021165, 38.010639 ], [ -91.984815, 38.009622 ], [ -91.966333, 38.009683 ], [ -91.96378, 38.015396 ], [ -91.963168, 38.022743 ], [ -91.958301, 38.036319 ], [ -91.953704, 38.040155 ], [ -91.951911, 38.04109 ], [ -91.949089, 38.041872 ], [ -91.945536, 38.042179 ], [ -91.941852, 38.041592 ], [ -91.93844, 38.036752 ], [ -91.937294, 38.032099 ], [ -91.936029, 38.03088 ], [ -91.935247, 38.03087 ], [ -91.924722, 38.035224 ], [ -91.917847, 38.040122 ], [ -91.917023, 38.041484 ], [ -91.913885, 38.042982 ], [ -91.907202, 38.044859 ], [ -91.90606, 38.045882 ], [ -91.901088, 38.047389 ], [ -91.896944, 38.047864 ], [ -91.895132, 38.051199 ], [ -91.822594, 38.051549 ], [ -91.780681, 38.052567 ], [ -91.774464, 38.052389 ], [ -91.747389, 38.05332 ], [ -91.632431, 38.050951 ], [ -91.630554, 38.153519 ], [ -91.525025, 38.152433 ], [ -91.526392, 37.941426 ], [ -91.528797, 37.788989 ], [ -91.418759, 37.788452 ], [ -91.308311, 37.787186 ], [ -91.310655, 37.700048 ], [ -91.146972, 37.697198 ], [ -91.146521, 37.740811 ], [ -91.085973, 37.739628 ], [ -91.000686, 37.738733 ], [ -90.982499, 37.74033 ], [ -90.98265, 37.738999 ], [ -90.96527, 37.738524 ], [ -90.892849, 37.734871 ], [ -90.875129, 37.736109 ], [ -90.874051, 37.736028 ], [ -90.874134, 37.734196 ], [ -90.83965, 37.734774 ], [ -90.783124, 37.736635 ], [ -90.762091, 37.738517 ], [ -90.76195, 37.737185 ], [ -90.738383, 37.737188 ], [ -90.645135, 37.734813 ], [ -90.644501, 37.750049 ], [ -90.643306, 37.851955 ], [ -90.641593, 37.935731 ], [ -90.63998, 38.076548 ], [ -90.636477, 38.076162 ], [ -90.632542, 38.07406 ], [ -90.627138, 38.075884 ], [ -90.625212, 38.076036 ], [ -90.619854, 38.072779 ], [ -90.618065, 38.073322 ], [ -90.61754, 38.089872 ], [ -90.603546, 38.088237 ], [ -90.603789, 38.084593 ], [ -90.599209, 38.084074 ], [ -90.599022, 38.086969 ], [ -90.597782, 38.087337 ], [ -90.592933, 38.086838 ], [ -90.593155, 38.083138 ], [ -90.584592, 38.082487 ], [ -90.584595, 38.086176 ], [ -90.585998, 38.086682 ], [ -90.585745, 38.091088 ], [ -90.57954, 38.096489 ], [ -90.577331, 38.099042 ], [ -90.575917, 38.098769 ], [ -90.573714, 38.09905 ], [ -90.572, 38.09852 ], [ -90.57139, 38.09938 ], [ -90.567899, 38.099096 ], [ -90.567671, 38.102761 ], [ -90.5615, 38.10209 ], [ -90.55981, 38.105 ], [ -90.56055, 38.1068 ], [ -90.56347, 38.108 ], [ -90.56384, 38.10975 ], [ -90.560006, 38.114652 ], [ -90.556095, 38.114307 ], [ -90.553645, 38.113252 ], [ -90.552515, 38.111228 ], [ -90.550427, 38.110177 ], [ -90.54266, 38.10761 ], [ -90.54277, 38.10806 ], [ -90.5378, 38.10752 ], [ -90.537373, 38.119494 ], [ -90.53813, 38.12412 ], [ -90.53971, 38.1246 ], [ -90.54111, 38.12655 ], [ -90.5447, 38.12943 ], [ -90.54366, 38.13126 ], [ -90.52742, 38.130936 ], [ -90.527723, 38.133356 ], [ -90.529863, 38.135943 ], [ -90.529729, 38.138617 ], [ -90.528782, 38.141 ], [ -90.532584, 38.144378 ], [ -90.532659, 38.144899 ], [ -90.52927, 38.14269 ], [ -90.50263, 38.13829 ], [ -90.4919, 38.13862 ], [ -90.49211, 38.13977 ], [ -90.49867, 38.13894 ], [ -90.50513, 38.1401 ], [ -90.50812, 38.14321 ], [ -90.5099, 38.14386 ], [ -90.51742, 38.15023 ], [ -90.51813, 38.15206 ], [ -90.51782, 38.15387 ], [ -90.518651, 38.155677 ], [ -90.514224, 38.155628 ], [ -90.514266, 38.154484 ], [ -90.50967, 38.15447 ], [ -90.509838, 38.161219 ], [ -90.51095, 38.16207 ], [ -90.51019, 38.16293 ], [ -90.50971, 38.16553 ], [ -90.509478, 38.175576 ], [ -90.516827, 38.175971 ], [ -90.518168, 38.183826 ], [ -90.519062, 38.183721 ], [ -90.515486, 38.248389 ], [ -90.515791, 38.250592 ], [ -90.514628, 38.27132 ], [ -90.514375, 38.304639 ], [ -90.512839, 38.306731 ], [ -90.514146, 38.307199 ], [ -90.513472, 38.400162 ], [ -90.51413, 38.40092 ], [ -90.513425, 38.404384 ], [ -90.513062, 38.424597 ], [ -90.512523, 38.501344 ], [ -90.405335, 38.500598 ], [ -90.405603, 38.498586 ], [ -90.407619, 38.496353 ], [ -90.407419, 38.491652 ], [ -90.405311, 38.487981 ], [ -90.405636, 38.486542 ], [ -90.407949, 38.483328 ], [ -90.411805, 38.480988 ], [ -90.414513, 38.480821 ], [ -90.420057, 38.483725 ], [ -90.422231, 38.483359 ], [ -90.422609, 38.482056 ], [ -90.421889, 38.479985 ], [ -90.422, 38.478166 ], [ -90.418928, 38.470969 ], [ -90.416434, 38.467084 ], [ -90.41501, 38.46294 ], [ -90.414408, 38.456971 ], [ -90.411214, 38.453438 ], [ -90.408658, 38.452536 ], [ -90.404236, 38.452871 ], [ -90.400331, 38.454212 ], [ -90.397408, 38.457477 ], [ -90.39471, 38.458486 ], [ -90.391631, 38.457329 ], [ -90.390702, 38.455369 ], [ -90.392643, 38.451713 ], [ -90.391031, 38.450561 ], [ -90.376459, 38.452912 ], [ -90.364893, 38.455408 ], [ -90.358158, 38.457613 ], [ -90.353631, 38.458217 ], [ -90.347633, 38.457648 ], [ -90.338918, 38.455347 ], [ -90.336135, 38.453491 ], [ -90.335745, 38.448195 ], [ -90.340875, 38.440875 ], [ -90.346917, 38.436153 ], [ -90.348122, 38.430592 ], [ -90.34712, 38.419488 ], [ -90.346336, 38.417076 ], [ -90.347992, 38.410057 ], [ -90.347939, 38.405357 ], [ -90.344307, 38.396568 ], [ -90.344162, 38.391491 ], [ -90.341330986556102, 38.388214588664908 ], [ -90.349132, 38.377458 ], [ -90.356318, 38.360354 ], [ -90.368219, 38.340254 ], [ -90.370819, 38.333554 ], [ -90.372519, 38.323354 ], [ -90.371719, 38.304354 ], [ -90.372659, 38.28623 ], [ -90.368131, 38.260184 ], [ -90.366388, 38.245874 ], [ -90.359559, 38.224525 ], [ -90.356176, 38.217501 ], [ -90.353902, 38.213855 ], [ -90.334258, 38.189932 ], [ -90.331554, 38.18758 ], [ -90.322353, 38.181593 ], [ -90.316839, 38.179456 ], [ -90.31063, 38.178572 ], [ -90.30049, 38.175246 ], [ -90.290765, 38.170453 ], [ -90.274928, 38.157615 ], [ -90.252484, 38.127571 ], [ -90.250118, 38.125054 ], [ -90.243116, 38.112669 ], [ -90.218708, 38.094365 ], [ -90.17716, 38.071152 ], [ -90.17222, 38.069636 ], [ -90.163411, 38.074347 ], [ -90.161562, 38.07489 ], [ -90.157855, 38.074798 ], [ -90.144553, 38.069023 ], [ -90.130788, 38.062341 ], [ -90.128159, 38.059644 ], [ -90.126396, 38.054897 ], [ -90.126006, 38.05057 ], [ -90.126612, 38.043981 ], [ -90.126194, 38.040702 ], [ -90.117423, 38.031708 ], [ -90.11052, 38.026547 ], [ -90.093774, 38.017833 ], [ -90.08826, 38.015772 ], [ -90.080959, 38.015428 ], [ -90.072283, 38.017001 ], [ -90.065045, 38.016875 ], [ -90.059367, 38.015543 ], [ -90.057269, 38.014362 ], [ -90.055399, 38.011953 ], [ -90.052433, 38.006152 ], [ -90.049157, 38.004178 ], [ -90.035612, 37.9977 ], [ -90.03169, 37.995028 ], [ -90.021588, 37.9854 ], [ -90.005331, 37.968007 ], [ -90.00011, 37.964563 ], [ -89.997103, 37.963225 ], [ -89.988664, 37.961809 ], [ -89.978919, 37.962791 ], [ -89.964204, 37.964574 ], [ -89.940754, 37.971038 ], [ -89.939308, 37.96647 ], [ -89.936756, 37.962869 ], [ -89.937001, 37.961388 ], [ -89.93586, 37.959574 ], [ -89.933727, 37.959149 ], [ -89.925085, 37.960021 ], [ -89.924811, 37.955823 ], [ -89.925389, 37.95413 ], [ -89.932467, 37.947497 ], [ -89.937927, 37.946193 ], [ -89.947429, 37.940336 ], [ -89.959646, 37.940196 ], [ -89.962273, 37.934363 ], [ -89.968365, 37.931456 ], [ -89.974918, 37.926719 ], [ -89.974221, 37.919217 ], [ -89.973642, 37.917661 ], [ -89.971649, 37.91526 ], [ -89.952499, 37.883218 ], [ -89.950594, 37.881526 ], [ -89.937383, 37.874693 ], [ -89.923185, 37.870672 ], [ -89.913317, 37.869641 ], [ -89.901832, 37.869822 ], [ -89.897301, 37.871605 ], [ -89.881475, 37.879591 ], [ -89.876594, 37.883294 ], [ -89.866988, 37.893519 ], [ -89.862949, 37.896906 ], [ -89.851048, 37.90398 ], [ -89.844786, 37.905572 ], [ -89.842649, 37.905196 ], [ -89.836254, 37.901802 ], [ -89.813647, 37.88771 ], [ -89.803913, 37.882985 ], [ -89.799333, 37.881517 ], [ -89.798041, 37.879655 ], [ -89.797678, 37.874202 ], [ -89.799835, 37.871367 ], [ -89.80036, 37.868625 ], [ -89.796087, 37.859505 ], [ -89.793718, 37.857054 ], [ -89.786369, 37.851734 ], [ -89.782035, 37.855092 ], [ -89.779828, 37.853896 ], [ -89.774306, 37.852123 ], [ -89.765222, 37.851782 ], [ -89.761992, 37.850657 ], [ -89.757363, 37.847613 ], [ -89.754104, 37.846358 ], [ -89.749961, 37.846984 ], [ -89.739873, 37.84693 ], [ -89.729426, 37.835081 ], [ -89.71748, 37.825724 ], [ -89.702844, 37.816812 ], [ -89.696559, 37.814337 ], [ -89.68285, 37.807789 ], [ -89.677605, 37.805066 ], [ -89.669644, 37.799922 ], [ -89.663982, 37.790801 ], [ -89.66132, 37.788204 ], [ -89.66038, 37.786296 ], [ -89.660227, 37.781032 ], [ -89.66119, 37.775732 ], [ -89.66413, 37.76851 ], [ -89.666474, 37.764195 ], [ -89.667993, 37.759484 ], [ -89.665546, 37.752095 ], [ -89.663352, 37.750052 ], [ -89.658455, 37.74771 ], [ -89.64953, 37.745498 ], [ -89.645429, 37.746108 ], [ -89.63337, 37.745782 ], [ -89.62801, 37.748135 ], [ -89.624023, 37.74912 ], [ -89.617278, 37.74972 ], [ -89.615933, 37.748184 ], [ -89.616194, 37.744283 ], [ -89.615586, 37.74235 ], [ -89.612478, 37.740036 ], [ -89.608757, 37.739684 ], [ -89.602406, 37.736492 ], [ -89.596566, 37.732886 ], [ -89.587213, 37.71751 ], [ -89.583316, 37.713261 ], [ -89.573516, 37.709065 ], [ -89.566704, 37.707189 ], [ -89.538652, 37.701054 ], [ -89.531427, 37.700334 ], [ -89.52573, 37.698441 ], [ -89.521948, 37.696475 ], [ -89.516685, 37.692762 ], [ -89.514255, 37.689923 ], [ -89.512009, 37.685525 ], [ -89.51204, 37.680985 ], [ -89.513927, 37.676575 ], [ -89.516146, 37.667975 ], [ -89.516827, 37.656089 ], [ -89.515903, 37.650803 ], [ -89.51586, 37.645555 ], [ -89.517136, 37.643789 ], [ -89.517718, 37.641217 ], [ -89.515649, 37.636446 ], [ -89.510526, 37.631755 ], [ -89.506563, 37.62505 ], [ -89.485792, 37.607157 ], [ -89.478399, 37.598869 ], [ -89.476514, 37.595554 ], [ -89.475932, 37.592998 ], [ -89.47603, 37.590226 ], [ -89.477548, 37.585885 ], [ -89.481118, 37.582973 ], [ -89.486062, 37.580853 ], [ -89.494051, 37.580116 ], [ -89.509542, 37.584147 ], [ -89.513943, 37.584815 ], [ -89.516538, 37.584504 ], [ -89.519808, 37.582748 ], [ -89.520804, 37.581155 ], [ -89.521274, 37.578971 ], [ -89.521925, 37.560735 ], [ -89.521093, 37.553805 ], [ -89.517051, 37.537278 ], [ -89.516447, 37.535558 ], [ -89.5124, 37.52981 ], [ -89.507459, 37.524322 ], [ -89.502917, 37.51787 ], [ -89.500231, 37.512954 ], [ -89.497689, 37.504948 ], [ -89.492051, 37.494008 ], [ -89.475525, 37.471388 ], [ -89.471201, 37.466473 ], [ -89.450969, 37.450069 ], [ -89.443493, 37.442129 ], [ -89.439769, 37.4372 ], [ -89.43413, 37.426847 ], [ -89.42594, 37.407471 ], [ -89.422465, 37.397132 ], [ -89.42132, 37.392077 ], [ -89.421054, 37.387668 ], [ -89.422037, 37.38053 ], [ -89.428185, 37.356158 ], [ -89.429738, 37.351956 ], [ -89.432836, 37.347056 ], [ -89.43604, 37.344441 ], [ -89.447556, 37.340475 ], [ -89.454723, 37.339283 ], [ -89.474569, 37.338165 ], [ -89.484211, 37.335646 ], [ -89.489005, 37.333368 ], [ -89.491194, 37.331361 ], [ -89.49516, 37.324795 ], [ -89.49909, 37.32149 ], [ -89.508174, 37.315662 ], [ -89.509699, 37.31426 ], [ -89.511842, 37.310825 ], [ -89.514042, 37.303776 ], [ -89.515741, 37.295362 ], [ -89.517692, 37.29204 ], [ -89.518393, 37.289354 ], [ -89.51834, 37.285497 ], [ -89.517032, 37.28192 ], [ -89.513905, 37.277164 ], [ -89.506773, 37.268537 ], [ -89.502303, 37.263738 ], [ -89.496386, 37.258474 ], [ -89.489915, 37.251315 ], [ -89.479205, 37.253052 ], [ -89.470525, 37.253357 ], [ -89.46266, 37.25152 ], [ -89.460692, 37.250577 ], [ -89.458827, 37.248661 ], [ -89.457832, 37.242594 ], [ -89.458302, 37.240368 ], [ -89.4675, 37.221844 ], [ -89.467631, 37.2182 ], [ -89.462676, 37.203351 ], [ -89.461862, 37.199517 ], [ -89.456105, 37.18812 ], [ -89.438275, 37.161287 ], [ -89.435202, 37.15209 ], [ -89.42558, 37.138235 ], [ -89.414471, 37.12505 ], [ -89.41173, 37.122507 ], [ -89.407451, 37.119307 ], [ -89.393427, 37.111197 ], [ -89.38805, 37.107481 ], [ -89.384175, 37.103267 ], [ -89.37871, 37.094586 ], [ -89.375615, 37.085936 ], [ -89.375712, 37.080505 ], [ -89.378889, 37.070499 ], [ -89.385186, 37.057748 ], [ -89.385434, 37.05513 ], [ -89.384681, 37.048251 ], [ -89.383937, 37.046441 ], [ -89.381644, 37.04301 ], [ -89.378277, 37.039605 ], [ -89.362397, 37.030156 ], [ -89.345996, 37.025521 ], [ -89.331164, 37.019936 ], [ -89.322982, 37.01609 ], [ -89.317168, 37.012767 ], [ -89.29213, 36.992189 ], [ -89.278628, 36.98867 ], [ -89.274198, 36.990495 ], [ -89.269564, 36.993401 ], [ -89.266242, 36.996302 ], [ -89.263527, 37.00005 ], [ -89.257608, 37.015496 ], [ -89.260003, 37.023288 ], [ -89.266286, 37.028683 ], [ -89.277715, 37.03614 ], [ -89.291185, 37.040408 ], [ -89.301368, 37.044982 ], [ -89.304752, 37.047565 ], [ -89.307397, 37.050432 ], [ -89.309401, 37.053769 ], [ -89.310819, 37.057897 ], [ -89.30829, 37.068371 ], [ -89.307726, 37.069654 ], [ -89.294036, 37.067345 ], [ -89.283685, 37.066736 ], [ -89.283488, 37.065811 ], [ -89.280375, 37.065224 ], [ -89.264484, 37.064814 ], [ -89.259936, 37.064071 ], [ -89.25493, 37.072014 ], [ -89.245648, 37.057783 ], [ -89.238253, 37.042853 ], [ -89.234053, 37.037277 ], [ -89.225482, 37.031077 ], [ -89.205038, 37.020047 ], [ -89.200793, 37.016164 ], [ -89.198488, 37.011723 ], [ -89.195029, 37.000051 ], [ -89.195039, 36.989768 ], [ -89.192097, 36.979995 ], [ -89.185491, 36.973518 ], [ -89.177235, 36.970885 ], [ -89.170008, 36.970298 ], [ -89.161767, 36.972768 ], [ -89.149882, 36.977636 ], [ -89.14411, 36.979133 ], [ -89.140814, 36.979416 ], [ -89.128868, 36.983265 ], [ -89.125069, 36.983499 ], [ -89.1183, 36.981879 ], [ -89.11503, 36.980335 ], [ -89.109498, 36.976563 ], [ -89.102879, 36.9697 ], [ -89.099594, 36.964543 ], [ -89.098843, 36.95785 ], [ -89.100766, 36.943973 ], [ -89.102137, 36.939154 ], [ -89.109377, 36.920066 ], [ -89.117567, 36.887356 ], [ -89.119813, 36.882792 ], [ -89.126702, 36.872073 ], [ -89.131944, 36.857437 ], [ -89.137969, 36.847349 ], [ -89.153513, 36.8466 ], [ -89.15733, 36.843305 ], [ -89.159466, 36.842505 ], [ -89.166841, 36.842529 ], [ -89.1704, 36.841522 ], [ -89.173419, 36.839806 ], [ -89.177177, 36.835779 ], [ -89.178153, 36.834586 ], [ -89.178888, 36.831368 ], [ -89.178574, 36.816554 ], [ -89.179229, 36.812915 ], [ -89.178749, 36.809928 ], [ -89.177417, 36.807269 ], [ -89.171069, 36.798119 ], [ -89.168458, 36.795571 ], [ -89.160877, 36.790914 ], [ -89.155891, 36.789126 ], [ -89.144208, 36.788353 ], [ -89.13321, 36.788228 ], [ -89.128923, 36.787677 ], [ -89.12353, 36.785309 ], [ -89.120437, 36.782071 ], [ -89.116847, 36.775607 ], [ -89.116067, 36.772423 ], [ -89.116563, 36.767557 ], [ -89.119198, 36.759802 ], [ -89.12243, 36.754844 ], [ -89.126134, 36.751735 ], [ -89.135518, 36.751956 ], [ -89.142313, 36.755369 ], [ -89.151756, 36.756264 ], [ -89.15699, 36.755968 ], [ -89.166888, 36.759633 ], [ -89.169106, 36.759473 ], [ -89.179545, 36.756132 ], [ -89.184523, 36.753638 ], [ -89.191553, 36.747217 ], [ -89.197808, 36.739412 ], [ -89.199798, 36.734217 ], [ -89.201047, 36.725772 ], [ -89.200732, 36.720141 ], [ -89.19948, 36.716045 ], [ -89.19604, 36.712017 ], [ -89.184356, 36.701238 ], [ -89.174836, 36.69396 ], [ -89.169522, 36.688878 ], [ -89.168016, 36.685514 ], [ -89.167961, 36.678189 ], [ -89.169467, 36.674596 ], [ -89.171882, 36.672526 ], [ -89.168723, 36.671892 ], [ -89.15908, 36.666352 ], [ -89.164601, 36.660132 ], [ -89.174741, 36.650416 ], [ -89.183321, 36.644694 ], [ -89.187749, 36.641115 ], [ -89.192542, 36.635997 ], [ -89.197654, 36.628936 ], [ -89.199136, 36.625649 ], [ -89.200902, 36.618177 ], [ -89.202607, 36.601576 ], [ -89.213563, 36.580119 ], [ -89.217447, 36.576159 ], [ -89.227319, 36.569375 ], [ -89.236542, 36.566824 ], [ -89.258318, 36.564948 ], [ -89.259994, 36.565149 ], [ -89.268057, 36.568908 ], [ -89.27171, 36.571387 ], [ -89.278935, 36.577699 ], [ -89.294637, 36.593729 ], [ -89.301502, 36.604138 ], [ -89.313405, 36.62012 ], [ -89.318154, 36.625059 ], [ -89.326731, 36.632186 ], [ -89.334046, 36.63225 ], [ -89.343753, 36.630991 ], [ -89.35651, 36.628439 ], [ -89.365548, 36.625059 ], [ -89.371002, 36.62084 ], [ -89.375453, 36.615719 ], [ -89.376367, 36.613868 ], [ -89.378012, 36.608096 ], [ -89.380643, 36.59113 ], [ -89.382762, 36.583603 ], [ -89.395909, 36.559649 ], [ -89.398685, 36.542329 ], [ -89.405654, 36.528165 ], [ -89.417275, 36.499011 ], [ -89.41977, 36.493896 ], [ -89.422942, 36.489381 ], [ -89.429311, 36.481875 ], [ -89.436763, 36.474432 ], [ -89.448468, 36.46442 ], [ -89.453081, 36.461285 ], [ -89.460436, 36.45814 ], [ -89.464153, 36.457189 ], [ -89.471718, 36.457001 ], [ -89.476532, 36.457846 ], [ -89.486215, 36.46162 ], [ -89.49067, 36.465528 ], [ -89.493198, 36.470124 ], [ -89.494074, 36.473225 ], [ -89.494248, 36.475972 ], [ -89.493495, 36.4787 ], [ -89.48671, 36.494954 ], [ -89.482474, 36.502131 ], [ -89.477186, 36.50707 ], [ -89.47246, 36.513741 ], [ -89.468668, 36.521291 ], [ -89.465888, 36.529946 ], [ -89.465445, 36.536163 ], [ -89.467761, 36.546847 ], [ -89.473341, 36.559918 ], [ -89.479093, 36.568206 ], [ -89.480893, 36.569771 ], [ -89.484836, 36.571821 ], [ -89.500076, 36.576305 ], [ -89.514468, 36.577803 ], [ -89.518702, 36.578698 ], [ -89.522338, 36.58018 ], [ -89.527583, 36.581147 ], [ -89.542459, 36.580566 ], [ -89.546113, 36.579989 ], [ -89.55264, 36.577178 ], [ -89.558089, 36.573514 ], [ -89.563185, 36.568749 ], [ -89.566817, 36.564216 ], [ -89.569807, 36.558119 ], [ -89.571509, 36.552569 ], [ -89.571241, 36.547343 ], [ -89.560344, 36.525436 ], [ -89.558349, 36.522099 ], [ -89.554321, 36.517022 ], [ -89.542955, 36.504957 ], [ -89.539232, 36.497934 ], [ -89.534524, 36.491432 ], [ -89.522674, 36.481305 ], [ -89.520642, 36.478668 ], [ -89.519501, 36.475419 ], [ -89.51972, 36.467002 ], [ -89.521021, 36.461934 ], [ -89.523427, 36.456572 ], [ -89.527274, 36.451545 ], [ -89.540868, 36.441559 ], [ -89.543406, 36.43877 ], [ -89.545061, 36.434915 ], [ -89.545503, 36.4307 ], [ -89.545255, 36.427079 ], [ -89.544221, 36.423684 ], [ -89.542337, 36.420103 ], [ -89.525293, 36.400446 ], [ -89.513956, 36.384891 ], [ -89.51038, 36.378356 ], [ -89.509558, 36.375065 ], [ -89.509722, 36.373626 ], [ -89.513178, 36.359897 ], [ -89.519, 36.3486 ], [ -89.522695, 36.344789 ], [ -89.527029, 36.341679 ], [ -89.531822, 36.339246 ], [ -89.538079, 36.337496 ], [ -89.545006, 36.336809 ], [ -89.560439, 36.337746 ], [ -89.581636, 36.342357 ], [ -89.600544, 36.342985 ], [ -89.605668, 36.342234 ], [ -89.610689, 36.340442 ], [ -89.615841, 36.336085 ], [ -89.6198, 36.329546 ], [ -89.620255, 36.323006 ], [ -89.611819, 36.309088 ], [ -89.58982, 36.296814 ], [ -89.584337, 36.29334 ], [ -89.578492, 36.288317 ], [ -89.554289, 36.277751 ], [ -89.549219, 36.27875 ], [ -89.546577, 36.280439 ], [ -89.544797, 36.280458 ], [ -89.539487, 36.277368 ], [ -89.537675, 36.275279 ], [ -89.535529, 36.270541 ], [ -89.534507, 36.261802 ], [ -89.534745, 36.252576 ], [ -89.539229, 36.248821 ], [ -89.541621, 36.247891 ], [ -89.544743, 36.247484 ], [ -89.548952, 36.2482 ], [ -89.553563, 36.250341 ], [ -89.557991, 36.251037 ], [ -89.562206, 36.250909 ], [ -89.564997, 36.250067 ], [ -89.573928, 36.243843 ], [ -89.577544, 36.242262 ], [ -89.587326, 36.239484 ], [ -89.602374, 36.238106 ], [ -89.60651, 36.238328 ], [ -89.611145, 36.239271 ], [ -89.624416, 36.243305 ], [ -89.63679, 36.248079 ], [ -89.642182, 36.249486 ], [ -89.652518, 36.250692 ], [ -89.678046, 36.248284 ], [ -89.686229, 36.249507 ], [ -89.691308, 36.252079 ], [ -89.695235, 36.252766 ], [ -89.698568, 36.250591 ], [ -89.703511, 36.243412 ], [ -89.705328, 36.239898 ], [ -89.70525, 36.236568 ], [ -89.699677, 36.230821 ], [ -89.69263, 36.224959 ], [ -89.679548, 36.215911 ], [ -89.664144, 36.20652 ], [ -89.654876, 36.20153 ], [ -89.64479, 36.194101 ], [ -89.636893, 36.188951 ], [ -89.623804, 36.183128 ], [ -89.618228, 36.179966 ], [ -89.607004, 36.171179 ], [ -89.600871, 36.164558 ], [ -89.594397, 36.155457 ], [ -89.592206, 36.15012 ], [ -89.591605, 36.144096 ], [ -89.592102, 36.135637 ], [ -89.59307, 36.129699 ], [ -89.594, 36.12719 ], [ -89.598946, 36.121778 ], [ -89.601936, 36.11947 ], [ -89.615128, 36.113816 ], [ -89.625078, 36.108131 ], [ -89.628305, 36.106853 ], [ -89.64302, 36.10362 ], [ -89.657709, 36.099128 ], [ -89.666598, 36.095802 ], [ -89.672463, 36.091837 ], [ -89.678821, 36.084636 ], [ -89.680029, 36.082494 ], [ -89.681946, 36.072336 ], [ -89.684439, 36.051719 ], [ -89.687254, 36.034048 ], [ -89.688577, 36.029238 ], [ -89.692437, 36.020507 ], [ -89.703571, 36.00804 ], [ -89.705677, 36.005018 ], [ -89.706932, 36.000981 ], [ -89.961075, 35.999135 ], [ -89.965327, 35.998813 ], [ -90.37789, 35.995683 ], [ -90.36443, 36.013625 ], [ -90.35739, 36.01825 ], [ -90.351732, 36.025347 ], [ -90.35131, 36.02688 ], [ -90.351818, 36.028436 ], [ -90.350974, 36.031572 ], [ -90.348297, 36.035074 ], [ -90.34909, 36.040131 ], [ -90.347908, 36.041939 ], [ -90.339343, 36.047112 ], [ -90.337146, 36.047754 ], [ -90.335466, 36.061714 ], [ -90.333261, 36.067504 ], [ -90.320746, 36.071326 ], [ -90.318491, 36.075514 ], [ -90.318378, 36.076658 ], [ -90.318745, 36.079313 ], [ -90.32007, 36.081234 ], [ -90.320662, 36.087138 ], [ -90.319168, 36.089976 ], [ -90.312373, 36.094507 ], [ -90.306255, 36.094758 ], [ -90.29991, 36.098236 ], [ -90.297991, 36.103201 ], [ -90.298413, 36.106748 ], [ -90.294492, 36.112949 ], [ -90.293109, 36.114368 ], [ -90.278724, 36.117406 ], [ -90.272378, 36.11809 ], [ -90.266256, 36.120559 ], [ -90.260645, 36.127409 ], [ -90.258755, 36.127591 ], [ -90.255596, 36.127086 ], [ -90.253198, 36.127383 ], [ -90.248808, 36.129835 ], [ -90.245961, 36.132857 ], [ -90.244317, 36.136502 ], [ -90.240887, 36.137321 ], [ -90.235585, 36.139474 ], [ -90.231386, 36.147348 ], [ -90.231445, 36.153868 ], [ -90.23537, 36.159153 ], [ -90.230324, 36.167072 ], [ -90.231284, 36.169246 ], [ -90.229339, 36.17364 ], [ -90.220425, 36.184764 ], [ -90.21574, 36.184582 ], [ -90.213509, 36.183232 ], [ -90.21128, 36.183392 ], [ -90.204449, 36.18694 ], [ -90.200582, 36.192181 ], [ -90.201712, 36.193187 ], [ -90.201655, 36.19607 ], [ -90.199905, 36.196848 ], [ -90.197167, 36.196002 ], [ -90.195247, 36.200257 ], [ -90.194259, 36.200692 ], [ -90.193017, 36.20044 ], [ -90.190053, 36.201493 ], [ -90.188189, 36.20536 ], [ -90.18579, 36.204674 ], [ -90.182853, 36.205108 ], [ -90.179695, 36.208262 ], [ -90.173281, 36.210301 ], [ -90.167745, 36.21332 ], [ -90.161166, 36.215767 ], [ -90.159415, 36.215424 ], [ -90.157383, 36.213821 ], [ -90.15614, 36.213706 ], [ -90.152497, 36.215582 ], [ -90.151422, 36.219174 ], [ -90.14224, 36.227522 ], [ -90.138089, 36.227245 ], [ -90.134785, 36.226397 ], [ -90.132356, 36.226442 ], [ -90.126366, 36.229367 ], [ -90.124673, 36.233787 ], [ -90.12466, 36.235549 ], [ -90.127264, 36.236347 ], [ -90.130114, 36.240307 ], [ -90.130565, 36.242092 ], [ -90.129716, 36.243235 ], [ -90.125958, 36.243416 ], [ -90.124476, 36.244198 ], [ -90.118219, 36.253491 ], [ -90.114922, 36.265595 ], [ -90.112945, 36.266557 ], [ -90.110317, 36.26697 ], [ -90.105231, 36.266835 ], [ -90.100175, 36.268988 ], [ -90.091247, 36.271256 ], [ -90.086471, 36.271531 ], [ -90.083731, 36.272332 ], [ -90.075934, 36.281485 ], [ -90.0778, 36.288349 ], [ -90.070085, 36.29471 ], [ -90.06398, 36.303038 ], [ -90.069266, 36.313152 ], [ -90.076504, 36.319237 ], [ -90.077296, 36.319329 ], [ -90.079077, 36.318414 ], [ -90.079981, 36.318619 ], [ -90.081961, 36.322097 ], [ -90.081425, 36.325644 ], [ -90.07888, 36.327977 ], [ -90.075572, 36.33404 ], [ -90.075884, 36.335184 ], [ -90.078231, 36.336511 ], [ -90.077185, 36.341339 ], [ -90.075064, 36.341774 ], [ -90.074074, 36.342895 ], [ -90.074668, 36.344794 ], [ -90.077695, 36.348478 ], [ -90.077723, 36.349484 ], [ -90.075376, 36.350148 ], [ -90.070653, 36.356097 ], [ -90.066297, 36.3593 ], [ -90.063891, 36.372982 ], [ -90.064514, 36.382085 ], [ -90.068907, 36.38866 ], [ -90.072897, 36.393007 ], [ -90.074227, 36.393304 ], [ -90.076689, 36.395867 ], [ -90.078671, 36.399116 ], [ -90.080426, 36.400763 ], [ -90.094353, 36.403963 ], [ -90.103644, 36.40472 ], [ -90.109495, 36.404073 ], [ -90.114677, 36.406039 ], [ -90.115839, 36.408235 ], [ -90.121445, 36.410931 ], [ -90.128719, 36.411659 ], [ -90.131038, 36.415069 ], [ -90.135002, 36.413721 ], [ -90.138512, 36.413952 ], [ -90.138653, 36.414547 ], [ -90.136218, 36.415346 ], [ -90.134915, 36.416902 ], [ -90.134231, 36.422827 ], [ -90.134797, 36.42324 ], [ -90.13559, 36.422897 ], [ -90.137771, 36.421205 ], [ -90.139499, 36.421457 ], [ -90.143743, 36.424433 ], [ -90.144139, 36.425806 ], [ -90.143798, 36.428483 ], [ -90.14272, 36.43116 ], [ -90.139039, 36.431273 ], [ -90.137565, 36.431913 ], [ -90.134136, 36.436602 ], [ -90.133993, 36.437906 ], [ -90.136029, 36.442941 ], [ -90.137323, 36.455411 ], [ -90.140041, 36.457883 ], [ -90.141399, 36.459874 ], [ -90.141101, 36.461791 ], [ -90.14153, 36.462993 ], [ -90.142475, 36.463422 ], [ -90.143162, 36.46368 ], [ -90.14462, 36.462789 ], [ -90.155804, 36.463555 ], [ -90.1557, 36.466103 ], [ -90.152888, 36.47093 ], [ -90.146327, 36.46952 ], [ -90.142222, 36.470554 ], [ -90.142269, 36.472138 ], [ -90.143683, 36.476029 ], [ -90.145382, 36.47651 ], [ -90.148329, 36.476168 ], [ -90.158838, 36.479558 ], [ -90.159376, 36.480084 ], [ -90.15946, 36.481343 ], [ -90.157136, 36.484317 ], [ -90.159305, 36.485834 ], [ -90.159462, 36.487609 ], [ -90.156369, 36.487748 ], [ -90.155997, 36.490385 ], [ -90.158568, 36.491574 ], [ -90.159305, 36.492446 ], [ -90.159048, 36.493734 ], [ -90.157358, 36.494223 ], [ -90.155012, 36.493648 ], [ -90.153871, 36.495344 ], [ -90.154409, 36.496832 ], [ -90.152481, 36.497952 ], [ -90.228943, 36.497771 ], [ -90.711226, 36.498318 ], [ -90.850434, 36.498548 ], [ -90.873775, 36.498074 ], [ -90.876867, 36.498423 ], [ -91.126529, 36.497712 ], [ -91.407137, 36.497112 ], [ -91.446284, 36.497469 ], [ -91.50014, 36.498812 ], [ -91.601317, 36.499343 ], [ -91.985802, 36.498431 ], [ -92.120306, 36.498864 ], [ -92.350277, 36.497787 ], [ -92.375159, 36.497199 ], [ -92.384927, 36.497845 ], [ -92.420383, 36.497914 ], [ -92.444129, 36.498526 ], [ -92.516836, 36.498738 ], [ -92.564238, 36.49824 ], [ -92.772333, 36.497772 ], [ -92.764869, 36.806097 ], [ -92.909336, 36.809178 ], [ -92.908987, 36.819885 ] ] ] } }
]
}
