{
"type": "FeatureCollection",
"name": "mo_cd_2025",
"crs": { "type": "name", "properties": { "name": "urn:ogc:def:crs:OGC:1.3:CRS84" } },
"features": [
{ "type": "Feature", "properties": { "district": 1 }, "geometry": { "type": "Polygon", "coordinates": [ [ [ -90.482299000281628, 38.764347999995977 ], [ -90.435327000314473, 38.74703999941535 ], [ -90.439321000348542, 38.743930999954721 ], [ -90.439485999238684, 38.74292300029142 ], [ -90.438754000913747, 38.743068000410155 ], [ -90.438034999374153, 38.742392000170589 ], [ -90.438401000462022, 38.742135999707607 ], [ -90.435992000118304, 38.740284000077992 ], [ -90.435606999705442, 38.740601000216941 ], [ -90.434750999235078, 38.739955000027422 ], [ -90.434439000767142, 38.740229999997034 ], [ -90.432885000682532, 38.739267000004084 ], [ -90.433160999168123, 38.738819000206398 ], [ -90.432002000529863, 38.738411000286419 ], [ -90.43200299965909, 38.737540999775149 ], [ -90.429800000010502, 38.737441999592122 ], [ -90.429740000477281, 38.73671600041375 ], [ -90.430510000606276, 38.736716999938928 ], [ -90.430515000611209, 38.735604999981597 ], [ -90.429612999692182, 38.735602000192387 ], [ -90.429599999447078, 38.734763999898703 ], [ -90.430511000529307, 38.734765000118792 ], [ -90.430501999557507, 38.733967999294173 ], [ -90.429507999880443, 38.733966999305402 ], [ -90.42980000016118, 38.731314999664335 ], [ -90.429254000131465, 38.729038000015464 ], [ -90.420720000454111, 38.729046000245042 ], [ -90.420751000192666, 38.727033999367372 ], [ -90.419473999848236, 38.727032999278393 ], [ -90.417932000278597, 38.725268000123947 ], [ -90.41831399983711, 38.724870000614921 ], [ -90.415448000094813, 38.723500000014454 ], [ -90.41447200029009, 38.723454999604428 ], [ -90.414051000135885, 38.722734000487463 ], [ -90.412811000083167, 38.722944999414288 ], [ -90.407295999757423, 38.722292999344894 ], [ -90.408859999569827, 38.707460000173548 ], [ -90.409033000448076, 38.702187999861131 ], [ -90.408464999904794, 38.699214999601921 ], [ -90.408903000132881, 38.692656000214832 ], [ -90.404753000457418, 38.687193000661118 ], [ -90.394015000159783, 38.685988000206756 ], [ -90.394622999929283, 38.661064999927042 ], [ -90.366646000114855, 38.660850000117357 ], [ -90.366612999829357, 38.658135999401544 ], [ -90.354810999668373, 38.657971000487485 ], [ -90.352324999792145, 38.6553750001491 ], [ -90.350586999473464, 38.656381000199943 ], [ -90.348769999982679, 38.656209000292264 ], [ -90.35130900062812, 38.639147999654824 ], [ -90.356870000347328, 38.639917999569477 ], [ -90.361867999778511, 38.641138000097776 ], [ -90.362387000361579, 38.617854000303041 ], [ -90.363349000769148, 38.614009000402774 ], [ -90.371588000022015, 38.614964000344138 ], [ -90.37186400035921, 38.613358000199575 ], [ -90.378901000506403, 38.614092999905012 ], [ -90.380382999860984, 38.60453600031412 ], [ -90.377828000189311, 38.60530100026201 ], [ -90.376977999632345, 38.603830999912745 ], [ -90.376999999473526, 38.602434999892232 ], [ -90.372313999506844, 38.602377000550021 ], [ -90.372263000404232, 38.60174399974963 ], [ -90.375078000183962, 38.586262000097165 ], [ -90.377245000099748, 38.586487000187667 ], [ -90.377267999329376, 38.57365099959808 ], [ -90.37234800055765, 38.568385000146264 ], [ -90.369594000251666, 38.56331399972408 ], [ -90.367483000219707, 38.563380000015769 ], [ -90.368116999761511, 38.56237199924665 ], [ -90.363100999518124, 38.564196999717474 ], [ -90.359160999795193, 38.564850000469598 ], [ -90.357811999164809, 38.56288200010242 ], [ -90.354541999509834, 38.562596000241136 ], [ -90.351695999478821, 38.561654000021392 ], [ -90.349268999972779, 38.559820999786126 ], [ -90.348867000143073, 38.560149999866979 ], [ -90.345869999744821, 38.558994000305709 ], [ -90.346225999830736, 38.558585999313273 ], [ -90.345509999859118, 38.55805099995662 ], [ -90.341867000708476, 38.556118999543436 ], [ -90.341741999861085, 38.55688400034461 ], [ -90.322929000123992, 38.55485100029312 ], [ -90.32184999948781, 38.560248999968252 ], [ -90.316428999694949, 38.559616999917139 ], [ -90.31679999984668, 38.557099999566816 ], [ -90.314796000004634, 38.556884000359332 ], [ -90.31453499950176, 38.55506799990237 ], [ -90.312586999823935, 38.555596999378238 ], [ -90.312944999354343, 38.556693000368689 ], [ -90.311501999934734, 38.556517999543971 ], [ -90.311248000349948, 38.555962000264763 ], [ -90.305103000602813, 38.557715000364553 ], [ -90.301112999578748, 38.559722999365796 ], [ -90.298476999317614, 38.557569999700917 ], [ -90.2975590008556, 38.55818200044915 ], [ -90.294975999533591, 38.556487999802854 ], [ -90.292420999563475, 38.558997000235081 ], [ -90.287184999819004, 38.555561999577442 ], [ -90.277982999395661, 38.550585000180988 ], [ -90.272338000368919, 38.548416000170711 ], [ -90.271716000187638, 38.54454099990798 ], [ -90.270541999697983, 38.54160700006824 ], [ -90.271376000228926, 38.540135999646353 ], [ -90.271035000063009, 38.538680999651845 ], [ -90.268512000413253, 38.536985000029915 ], [ -90.266936999596581, 38.534232000010682 ], [ -90.26532900061035, 38.533690000420435 ], [ -90.263102000390163, 38.534048000433053 ], [ -90.25778200049055, 38.532011999726038 ], [ -90.248905000248271, 38.544781000272195 ], [ -90.22420399946229, 38.575079999519332 ], [ -90.222104000328159, 38.576479999942329 ], [ -90.216703999388614, 38.578779999895552 ], [ -90.210103000471008, 38.583980000334449 ], [ -90.202502999684853, 38.588679999737046 ], [ -90.196002999325117, 38.594480000335594 ], [ -90.191803000207244, 38.598979999985694 ], [ -90.184502000456405, 38.611579999449141 ], [ -90.178811000873822, 38.62915700035218 ], [ -90.178001999735514, 38.633778999491931 ], [ -90.177701999294968, 38.642778999905893 ], [ -90.182602000367012, 38.665379000003512 ], [ -90.186401999614645, 38.674778999697288 ], [ -90.195202000181538, 38.687579000468055 ], [ -90.202201999891429, 38.6934789996345 ], [ -90.20920200052322, 38.70277899987903 ], [ -90.212001999940654, 38.71177899960054 ], [ -90.211909999755591, 38.717950000196062 ], [ -90.20990999940777, 38.726049999821591 ], [ -90.205177000012611, 38.732200000287335 ], [ -90.191300999805605, 38.742978000601468 ], [ -90.183609000039326, 38.746748999803508 ], [ -90.176300999654913, 38.754477999865578 ], [ -90.175101000655403, 38.760278000155608 ], [ -90.171300999807769, 38.766578000055745 ], [ -90.166364000071866, 38.772675000110617 ], [ -90.160407999959773, 38.776148999987427 ], [ -90.14670799969241, 38.783049000101926 ], [ -90.123106999801635, 38.798047999722506 ], [ -90.117706999732761, 38.805747999887018 ], [ -90.12527999996648, 38.819807000338201 ], [ -90.12677999949932, 38.821326000260143 ], [ -90.132811000473254, 38.825086000450355 ], [ -90.141607999769278, 38.829447999739997 ], [ -90.150892999754888, 38.82992499980034 ], [ -90.155109999447859, 38.829722000085091 ], [ -90.158458999730044, 38.828786999339371 ], [ -90.167441999725327, 38.824633000003793 ], [ -90.174138000022282, 38.8200210003642 ], [ -90.177649999446999, 38.81885899947693 ], [ -90.183057999261848, 38.818053000024847 ], [ -90.188926999941827, 38.818510000309253 ], [ -90.195677999563671, 38.821261000292807 ], [ -90.236557000125899, 38.843271999883093 ], [ -90.245071000164259, 38.847447999751402 ], [ -90.256136000000353, 38.852127999736531 ], [ -90.268179999142504, 38.861035999877323 ], [ -90.271673000308624, 38.866869999919118 ], [ -90.275883999539772, 38.872301000366534 ], [ -90.287922999709636, 38.881647000237933 ], [ -90.293712000030311, 38.885547999573802 ], [ -90.298742999884439, 38.887758999957612 ], [ -90.308797999875068, 38.890307000511143 ], [ -90.313422000019443, 38.891093000149951 ], [ -90.320213000281186, 38.891148000193006 ], [ -90.324499999882377, 38.890260999434197 ], [ -90.33019100022581, 38.887675999566632 ], [ -90.334464000683766, 38.884586000126994 ], [ -90.336799000823305, 38.882029999825846 ], [ -90.340765999565036, 38.873484999756187 ], [ -90.342613999810396, 38.866548999377898 ], [ -90.342514000293548, 38.858548999588457 ], [ -90.344965000247015, 38.849371999986687 ], [ -90.350336999200636, 38.840252999834014 ], [ -90.360514000239746, 38.829448999736584 ], [ -90.362163000213641, 38.827860000336862 ], [ -90.364600999938048, 38.826439000275265 ], [ -90.369950999431225, 38.823829999955315 ], [ -90.37378000086872, 38.822714000093562 ], [ -90.382267999535742, 38.821942000743775 ], [ -90.394991999427219, 38.823197000162011 ], [ -90.401913999894958, 38.824799000726465 ], [ -90.415545999567655, 38.828876000085508 ], [ -90.41932000010523, 38.829276999956186 ], [ -90.425116000171997, 38.829149999475 ], [ -90.430974999310266, 38.829805999963888 ], [ -90.433516000686552, 38.829550000269755 ], [ -90.440617000052001, 38.827650000380451 ], [ -90.448117000813596, 38.822049999901111 ], [ -90.473187999439659, 38.790978000140605 ], [ -90.482299000281628, 38.764347999995977 ] ] ] } },
{ "type": "Feature", "properties": { "district": 2 }, "geometry": { "type": "Polygon", "coordinates": [ [ [ -91.640371999537905, 38.703792000361616 ], [ -91.640287000458031, 38.676525999696828 ], [ -91.641374000301411, 38.641081000022872 ], [ -91.641165999658242, 38.62182700035445 ], [ -91.642339000176094, 38.547414000087826 ], [ -91.64239900050633, 38.504654999935909 ], [ -91.644530000642746, 38.375008000226799 ], [ -91.644893000051738, 38.153678999722231 ], [ -91.525024999312734, 38.152432999762084 ], [ -91.526393000013698, 37.940965999695443 ], [ -91.528797000113585, 37.788988999834487 ], [ -91.375206000665656, 37.788181000552754 ], [ -91.30831100036383, 37.787186000048507 ], [ -91.31065500000804, 37.700047999849673 ], [ -91.146972000464785, 37.69719799981759 ], [ -91.146521000130491, 37.740810999642576 ], [ -91.085973000016068, 37.739627999858868 ], [ -91.00068600087323, 37.738733000041101 ], [ -90.98251100011592, 37.740338999369548 ], [ -90.98265000034948, 37.738999000144851 ], [ -90.947181999651022, 37.738059999503662 ], [ -90.892848999534834, 37.734870999917661 ], [ -90.875129000129334, 37.736108999634617 ], [ -90.87405099907545, 37.736028000160076 ], [ -90.874134000187297, 37.734196000315109 ], [ -90.839462000464465, 37.734776999831183 ], [ -90.785810999669863, 37.736513000107877 ], [ -90.76209100013547, 37.738517000151525 ], [ -90.76195000043019, 37.737184999898915 ], [ -90.738383000815247, 37.73718800000723 ], [ -90.645134999872823, 37.734812999895041 ], [ -90.644501000207555, 37.750049000596093 ], [ -90.643391000087163, 37.847771999678891 ], [ -90.641576999694024, 37.936416000278875 ], [ -90.639979999863371, 38.076548000092842 ], [ -90.635968000134227, 38.076017000429154 ], [ -90.634366999635148, 38.07440700048145 ], [ -90.632541999412993, 38.074059999904513 ], [ -90.627138000089857, 38.075884000279146 ], [ -90.625212000492994, 38.076036000030228 ], [ -90.620174999783558, 38.072788999750287 ], [ -90.618064999869702, 38.073322000158726 ], [ -90.617539999484762, 38.089872000661444 ], [ -90.6035459998146, 38.088237000397349 ], [ -90.603788999773926, 38.084593000222185 ], [ -90.5992090008791, 38.084073999526439 ], [ -90.599021999932631, 38.086968999948759 ], [ -90.59781699933751, 38.086893000567905 ], [ -90.597781999499702, 38.08733700026886 ], [ -90.592932999176114, 38.08683800021452 ], [ -90.593155000334889, 38.08313799989385 ], [ -90.584592000625506, 38.082487000180819 ], [ -90.584594999507772, 38.086175999674019 ], [ -90.585998000711186, 38.086681999838611 ], [ -90.585744999479473, 38.091088000210959 ], [ -90.585184000528471, 38.091052999897663 ], [ -90.57799699990079, 38.097720999978804 ], [ -90.577991000003976, 38.098505999994224 ], [ -90.577017999765133, 38.099400000012302 ], [ -90.575600999695823, 38.098696000351822 ], [ -90.575573999993992, 38.099177999611889 ], [ -90.571999999951316, 38.098519999888161 ], [ -90.571389999291554, 38.099380000686558 ], [ -90.567898999804328, 38.099095999888348 ], [ -90.567671000666053, 38.102761000301562 ], [ -90.561300000507131, 38.102080000276636 ], [ -90.560930000226335, 38.103590000573405 ], [ -90.559780000942425, 38.105100000091269 ], [ -90.560070000036674, 38.106190000390676 ], [ -90.560830000037058, 38.106980000161357 ], [ -90.56365000053016, 38.108109999856239 ], [ -90.564020000362163, 38.10876000008809 ], [ -90.563630000170946, 38.110450000288537 ], [ -90.560623999866095, 38.114254999926629 ], [ -90.555970000468136, 38.114301000248219 ], [ -90.554785000436397, 38.113925000103009 ], [ -90.553645000319534, 38.113252000403371 ], [ -90.552515000736378, 38.111227999726751 ], [ -90.551183999766536, 38.110440999409704 ], [ -90.547229999482397, 38.109880000422933 ], [ -90.546626000786375, 38.108996000062227 ], [ -90.542744999466507, 38.107322999904405 ], [ -90.542770000166627, 38.108059999932799 ], [ -90.537799999898482, 38.107519999807508 ], [ -90.537249999488594, 38.120299999649248 ], [ -90.538299999548471, 38.12325000012261 ], [ -90.538130000147277, 38.124119999357944 ], [ -90.539949999173018, 38.124749999868797 ], [ -90.541110000366587, 38.12654999997406 ], [ -90.544699999650078, 38.129430000472688 ], [ -90.543539999828823, 38.13127999974872 ], [ -90.527419999198031, 38.13093600019193 ], [ -90.527722999973534, 38.13335599941238 ], [ -90.529931999952424, 38.136075000251296 ], [ -90.529875000400352, 38.138128999532086 ], [ -90.528720000724036, 38.140862999631295 ], [ -90.532584000390514, 38.144378000654967 ], [ -90.532658999429387, 38.144899000409183 ], [ -90.530589999717606, 38.143329999966312 ], [ -90.528409999497455, 38.142419999719976 ], [ -90.50654000083874, 38.138869999589609 ], [ -90.500670000719282, 38.138170000074368 ], [ -90.491900000378919, 38.138620000477587 ], [ -90.492110000275886, 38.139769999971989 ], [ -90.499169999539333, 38.13891999997071 ], [ -90.505629999761382, 38.140339999743425 ], [ -90.508120000824348, 38.14320999957873 ], [ -90.509900000101297, 38.143859999994433 ], [ -90.517929999875108, 38.150530000309658 ], [ -90.517809999661338, 38.154010000342261 ], [ -90.51865100013822, 38.155677000031041 ], [ -90.514224000103823, 38.155627999954184 ], [ -90.514265999081559, 38.154483999574936 ], [ -90.509670000713683, 38.154469999656847 ], [ -90.50985100008991, 38.161669999968431 ], [ -90.511009999891726, 38.161870000515627 ], [ -90.510190000416941, 38.162929999715701 ], [ -90.509770000218552, 38.164990000531361 ], [ -90.509478000039579, 38.175575999354159 ], [ -90.516826999815976, 38.17597099971649 ], [ -90.518167999935969, 38.183825999820009 ], [ -90.519233000477755, 38.183772000468622 ], [ -90.515421999792849, 38.247881999543104 ], [ -90.515821999725503, 38.250185000075597 ], [ -90.514627999424818, 38.271320000206003 ], [ -90.514375000148348, 38.30463900008408 ], [ -90.512838999727208, 38.306730999962667 ], [ -90.514145999854662, 38.307199000276675 ], [ -90.51354999952791, 38.342120000391667 ], [ -90.513472000156497, 38.400162000367033 ], [ -90.514130000566936, 38.401189999923339 ], [ -90.513425000304707, 38.404383999739665 ], [ -90.512952000114709, 38.429405999348532 ], [ -90.512334999455206, 38.474027999482949 ], [ -90.512522000717951, 38.501454000293087 ], [ -90.491390000414313, 38.501186999698369 ], [ -90.462232000694314, 38.501876999754657 ], [ -90.412518999626201, 38.500853000313555 ], [ -90.405262000446612, 38.501153000266761 ], [ -90.405603000085051, 38.498585999908897 ], [ -90.40761900025214, 38.496352999782964 ], [ -90.407418999985225, 38.491652000376185 ], [ -90.405343000637501, 38.48734999964514 ], [ -90.407948999668989, 38.483328000065711 ], [ -90.411805000375963, 38.480988000081219 ], [ -90.413631999482845, 38.480704000249744 ], [ -90.415093000360514, 38.481040999770045 ], [ -90.420056999194813, 38.483724999468855 ], [ -90.422519000016123, 38.483118000365408 ], [ -90.421455000243341, 38.476485000139562 ], [ -90.415350999334663, 38.464704000253654 ], [ -90.414407999737847, 38.456970999348265 ], [ -90.411793000336218, 38.454286000340559 ], [ -90.409223000378134, 38.453226000421182 ], [ -90.403209999992058, 38.453950999469981 ], [ -90.401721000588026, 38.454407999975849 ], [ -90.396318999932561, 38.458253000476745 ], [ -90.394709999959431, 38.458485999658222 ], [ -90.392939999797534, 38.458092999748267 ], [ -90.390960999346035, 38.456377000549068 ], [ -90.390984999566044, 38.454399999954127 ], [ -90.392642999562369, 38.451713000496376 ], [ -90.392215000353474, 38.451022000013715 ], [ -90.39103100041855, 38.45056100034833 ], [ -90.375244999900886, 38.45311400036055 ], [ -90.364892999798712, 38.455408000187589 ], [ -90.358158000518728, 38.457612999579425 ], [ -90.353631000095206, 38.458216999416834 ], [ -90.348122000225558, 38.457736000468323 ], [ -90.344234999520211, 38.456878999634128 ], [ -90.338917999862588, 38.455346999623394 ], [ -90.336134999770138, 38.453491000656008 ], [ -90.335745000135262, 38.448194999446493 ], [ -90.340874999549399, 38.440875000008759 ], [ -90.34711700031491, 38.435952999465826 ], [ -90.348122000440441, 38.430592000211085 ], [ -90.347120000026891, 38.419488000031052 ], [ -90.346336000695231, 38.417076000141016 ], [ -90.347991999933299, 38.410056999486869 ], [ -90.347938999645592, 38.405356999566337 ], [ -90.344528000241652, 38.397594000080673 ], [ -90.344161999898802, 38.3914909999719 ], [ -90.341445999586028, 38.388297999616761 ], [ -90.337910999900259, 38.390910000027155 ], [ -90.334277000102603, 38.394844000318443 ], [ -90.330017000180462, 38.397417999951365 ], [ -90.325839000782082, 38.400962999945968 ], [ -90.311169999174126, 38.415679000009938 ], [ -90.296869999980345, 38.424808000162471 ], [ -90.293684999352521, 38.427459999869043 ], [ -90.291083999854976, 38.43088999988538 ], [ -90.288541000650611, 38.436860999503111 ], [ -90.284042999923315, 38.45167400047626 ], [ -90.282386999082902, 38.460552999979569 ], [ -90.279190999467801, 38.471871999974468 ], [ -90.278531000504728, 38.477681999891338 ], [ -90.273871000687365, 38.489059000346849 ], [ -90.268760000190838, 38.507189000010939 ], [ -90.266315999605354, 38.512688000217949 ], [ -90.264056000030976, 38.521025000025077 ], [ -90.257412999718952, 38.531852000488541 ], [ -90.263102000390163, 38.534048000433053 ], [ -90.26532900061035, 38.533690000420435 ], [ -90.266936999596581, 38.534232000010682 ], [ -90.268512000413253, 38.536985000029915 ], [ -90.271391999935446, 38.539328000491196 ], [ -90.270541999697983, 38.54160700006824 ], [ -90.271716000187638, 38.54454099990798 ], [ -90.272338000368919, 38.548416000170711 ], [ -90.277982999395661, 38.550585000180988 ], [ -90.287184999819004, 38.555561999577442 ], [ -90.292420999563475, 38.558997000235081 ], [ -90.294975999533591, 38.556487999802854 ], [ -90.2975590008556, 38.55818200044915 ], [ -90.298476999317614, 38.557569999700917 ], [ -90.301112999578748, 38.559722999365796 ], [ -90.305103000602813, 38.557715000364553 ], [ -90.311248000349948, 38.555962000264763 ], [ -90.311501999934734, 38.556517999543971 ], [ -90.312944999354343, 38.556693000368689 ], [ -90.312586999823935, 38.555596999378238 ], [ -90.31453499950176, 38.55506799990237 ], [ -90.314796000004634, 38.556884000359332 ], [ -90.31679999984668, 38.557099999566816 ], [ -90.316428999694949, 38.559616999917139 ], [ -90.32184999948781, 38.560248999968252 ], [ -90.322929000123992, 38.55485100029312 ], [ -90.341741999861085, 38.55688400034461 ], [ -90.341867000708476, 38.556118999543436 ], [ -90.345509999859118, 38.55805099995662 ], [ -90.346225999830736, 38.558585999313273 ], [ -90.345869999744821, 38.558994000305709 ], [ -90.348867000143073, 38.560149999866979 ], [ -90.349268999972779, 38.559820999786126 ], [ -90.351695999478821, 38.561654000021392 ], [ -90.354541999509834, 38.562596000241136 ], [ -90.357811999164809, 38.56288200010242 ], [ -90.359160999795193, 38.564850000469598 ], [ -90.363100999518124, 38.564196999717474 ], [ -90.368116999761511, 38.56237199924665 ], [ -90.367483000219707, 38.563380000015769 ], [ -90.369594000251666, 38.56331399972408 ], [ -90.37234800055765, 38.568385000146264 ], [ -90.377267999329376, 38.57365099959808 ], [ -90.377245000099748, 38.586487000187667 ], [ -90.375078000183962, 38.586262000097165 ], [ -90.372263000404232, 38.60174399974963 ], [ -90.372313999506844, 38.602377000550021 ], [ -90.376999999473526, 38.602434999892232 ], [ -90.376977999632345, 38.603830999912745 ], [ -90.377828000189311, 38.60530100026201 ], [ -90.380382999860984, 38.60453600031412 ], [ -90.378901000506403, 38.614092999905012 ], [ -90.37186400035921, 38.613358000199575 ], [ -90.371588000022015, 38.614964000344138 ], [ -90.363349000769148, 38.614009000402774 ], [ -90.362387000361579, 38.617854000303041 ], [ -90.361867999778511, 38.641138000097776 ], [ -90.356870000347328, 38.639917999569477 ], [ -90.35130900062812, 38.639147999654824 ], [ -90.348769999982679, 38.656209000292264 ], [ -90.350586999473464, 38.656381000199943 ], [ -90.352324999792145, 38.6553750001491 ], [ -90.354810999668373, 38.657971000487485 ], [ -90.366612999829357, 38.658135999401544 ], [ -90.366646000114855, 38.660850000117357 ], [ -90.394622999929283, 38.661064999927042 ], [ -90.394015000159783, 38.685988000206756 ], [ -90.404753000457418, 38.687193000661118 ], [ -90.408903000132881, 38.692656000214832 ], [ -90.408464999904794, 38.699214999601921 ], [ -90.409033000448076, 38.702187999861131 ], [ -90.408859999569827, 38.707460000173548 ], [ -90.407295999757423, 38.722292999344894 ], [ -90.412811000083167, 38.722944999414288 ], [ -90.414051000135885, 38.722734000487463 ], [ -90.41447200029009, 38.723454999604428 ], [ -90.415448000094813, 38.723500000014454 ], [ -90.41831399983711, 38.724870000614921 ], [ -90.417932000278597, 38.725268000123947 ], [ -90.419473999848236, 38.727032999278393 ], [ -90.420751000192666, 38.727033999367372 ], [ -90.420720000454111, 38.729046000245042 ], [ -90.429254000131465, 38.729038000015464 ], [ -90.42980000016118, 38.731314999664335 ], [ -90.429507999880443, 38.733966999305402 ], [ -90.430501999557507, 38.733967999294173 ], [ -90.430511000529307, 38.734765000118792 ], [ -90.429599999447078, 38.734763999898703 ], [ -90.429612999692182, 38.735602000192387 ], [ -90.430515000611209, 38.735604999981597 ], [ -90.430510000606276, 38.736716999938928 ], [ -90.429740000477281, 38.73671600041375 ], [ -90.429800000010502, 38.737441999592122 ], [ -90.43200299965909, 38.737540999775149 ], [ -90.432002000529863, 38.738411000286419 ], [ -90.433160999168123, 38.738819000206398 ], [ -90.432885000682532, 38.739267000004084 ], [ -90.434439000767142, 38.740229999997034 ], [ -90.434750999235078, 38.739955000027422 ], [ -90.435606999705442, 38.740601000216941 ], [ -90.435992000118304, 38.740284000077992 ], [ -90.438401000462022, 38.742135999707607 ], [ -90.438034999374153, 38.742392000170589 ], [ -90.438754000913747, 38.743068000410155 ], [ -90.442243000903872, 38.741578000333725 ], [ -90.44669400015988, 38.740897999638385 ], [ -90.446523000515967, 38.740073999879847 ], [ -90.443978999798247, 38.739826000138883 ], [ -90.444753999731958, 38.737434999576543 ], [ -90.445775000034843, 38.73734000066041 ], [ -90.445775000268014, 38.736463999816934 ], [ -90.450889999615953, 38.735100000341788 ], [ -90.450563999876223, 38.734342999987554 ], [ -90.451993999678564, 38.733945999989253 ], [ -90.452643000735108, 38.733945999802515 ], [ -90.453744999920275, 38.736166000070497 ], [ -90.456436999897136, 38.735270999970794 ], [ -90.458351000382351, 38.738650000073918 ], [ -90.462173999809167, 38.73677700027941 ], [ -90.46493199985251, 38.736044000230393 ], [ -90.468196000318571, 38.735927999874164 ], [ -90.481746000311915, 38.731392000066243 ], [ -90.483516999416651, 38.733103000070479 ], [ -90.49339399932532, 38.750686999456015 ], [ -90.495790000196578, 38.748255999910505 ], [ -90.498290999928145, 38.746852000614972 ], [ -90.528024000552151, 38.733701999817782 ], [ -90.531339999332417, 38.731178000188336 ], [ -90.533637999636667, 38.72687100041221 ], [ -90.533092999673983, 38.721294999426085 ], [ -90.530378000352883, 38.708195000245134 ], [ -90.529902999266682, 38.702036000010985 ], [ -90.530363000627403, 38.698630000159319 ], [ -90.533785000231944, 38.691914999900995 ], [ -90.539287999660459, 38.686777999791381 ], [ -90.540129999919628, 38.687413999732577 ], [ -90.545806000571503, 38.684128999616632 ], [ -90.550678999853119, 38.682353999366626 ], [ -90.554722000402606, 38.681552000584205 ], [ -90.556828000406952, 38.68151799963389 ], [ -90.564646999831069, 38.683358000526376 ], [ -90.569983000091312, 38.684072999687594 ], [ -90.579460999477689, 38.681486000154443 ], [ -90.588613999790965, 38.68050299952138 ], [ -90.595123000306018, 38.681752000279289 ], [ -90.603899999861923, 38.681977000168963 ], [ -90.611442999637106, 38.684239000251921 ], [ -90.621642999555903, 38.689660000012637 ], [ -90.625755000136394, 38.690528000307523 ], [ -90.628409999708524, 38.690409000537649 ], [ -90.63264700037638, 38.691078000079571 ], [ -90.635183999351383, 38.690773999894589 ], [ -90.642550999991968, 38.69094900010375 ], [ -90.660508999540525, 38.688550999497245 ], [ -90.674530999933054, 38.682192999857854 ], [ -90.675163000318804, 38.680964999389182 ], [ -90.675022999880895, 38.677901999809016 ], [ -90.677320000517568, 38.669783999927532 ], [ -90.679252000910907, 38.665601999758906 ], [ -90.683057000169043, 38.6634339996073 ], [ -90.685057999412848, 38.662833000554627 ], [ -90.693919999321409, 38.661530999694691 ], [ -90.697953000276414, 38.660369999888665 ], [ -90.702995000181929, 38.657478999727232 ], [ -90.704536000509577, 38.655519000386512 ], [ -90.70417399974734, 38.649155000610556 ], [ -90.70581100015184, 38.647252999758152 ], [ -90.711060999495672, 38.644741000510372 ], [ -90.733952000338746, 38.639104000211809 ], [ -90.736298999561313, 38.63674400004583 ], [ -90.742412000162687, 38.63456299967519 ], [ -90.74404800026781, 38.630889999774709 ], [ -90.750703000635738, 38.625103000458459 ], [ -90.754757000168354, 38.616107999839912 ], [ -90.755408000540015, 38.612659000063445 ], [ -90.759605999478737, 38.606541000020137 ], [ -90.763340999584301, 38.601949000136166 ], [ -90.768684000834867, 38.597660999913714 ], [ -90.773622000372427, 38.594617000523023 ], [ -90.78122799933675, 38.591958999757956 ], [ -90.789584999651964, 38.590493999642433 ], [ -90.795739999761892, 38.59015299975772 ], [ -90.812988000333874, 38.585554000091953 ], [ -90.825255000480624, 38.57800699990063 ], [ -90.835834000694547, 38.569787999819944 ], [ -90.841932999864866, 38.565955000702843 ], [ -90.854774999395488, 38.560347999860689 ], [ -90.873267999689844, 38.553893000149259 ], [ -90.894921999877411, 38.540962999258014 ], [ -90.904851000084705, 38.537488000279275 ], [ -90.910886000459087, 38.535923999957888 ], [ -90.916554000161966, 38.534725000128915 ], [ -90.92330299949424, 38.534133999830104 ], [ -90.934697000499142, 38.535378999987216 ], [ -90.947720999694127, 38.538940000334549 ], [ -90.954039000072783, 38.541560999292841 ], [ -90.9667499996945, 38.548608000517618 ], [ -90.972318999974959, 38.550437000327726 ], [ -90.989270999693133, 38.554059000032517 ], [ -90.996802000159761, 38.556847000351624 ], [ -91.005406000475091, 38.561081999770991 ], [ -91.014132000152088, 38.566013000705766 ], [ -91.021430000002951, 38.573520000362699 ], [ -91.024469000413305, 38.578397999755474 ], [ -91.029305999890497, 38.588684000221043 ], [ -91.032325000206498, 38.593490000322866 ], [ -91.037222000144112, 38.598575999824931 ], [ -91.046567999612108, 38.60487999955965 ], [ -91.055898000166422, 38.608266999672367 ], [ -91.068888000574759, 38.609898000060454 ], [ -91.077323999759145, 38.609343000193235 ], [ -91.086893999314299, 38.607493000500106 ], [ -91.096117000613916, 38.605082000017454 ], [ -91.115773000057473, 38.598885000086675 ], [ -91.125148000026854, 38.597703999669768 ], [ -91.132534999982695, 38.598278999709237 ], [ -91.152537000979578, 38.603691999473867 ], [ -91.182956999779819, 38.607896000020894 ], [ -91.20293299952138, 38.614706000481682 ], [ -91.21635700047166, 38.617701999949325 ], [ -91.221491999342831, 38.619740999816024 ], [ -91.223682999214191, 38.620148999951766 ], [ -91.226547000093561, 38.621566999696412 ], [ -91.228443999925204, 38.629822999908299 ], [ -91.226538000304373, 38.636648000023477 ], [ -91.227035000020152, 38.641709999717072 ], [ -91.230425000327912, 38.648137999318088 ], [ -91.232985999793726, 38.651339999530045 ], [ -91.237423000258858, 38.654965999531441 ], [ -91.241345999635442, 38.657310999608761 ], [ -91.259812999553631, 38.666600999987828 ], [ -91.266633999621945, 38.671753000392698 ], [ -91.274742999123546, 38.678990000472311 ], [ -91.291119999595765, 38.689181000319408 ], [ -91.310540000026904, 38.70510800021659 ], [ -91.313092999501663, 38.706715000159932 ], [ -91.319022000206573, 38.708367999841229 ], [ -91.324375999763504, 38.70841399991275 ], [ -91.327974000339779, 38.707266000249277 ], [ -91.341681999075391, 38.697415000005726 ], [ -91.349120000020818, 38.69543500051671 ], [ -91.352986000362989, 38.695634999668506 ], [ -91.367338000285002, 38.698735000007019 ], [ -91.382346999391089, 38.704043999774704 ], [ -91.395133999928632, 38.7079900000262 ], [ -91.399551000493588, 38.708762000398963 ], [ -91.416419999541574, 38.709726000417668 ], [ -91.435220000376191, 38.709643000363229 ], [ -91.44562299916096, 38.708808999835682 ], [ -91.457600000159545, 38.706270000225068 ], [ -91.457954999723455, 38.708063999936876 ], [ -91.452690999729299, 38.709487000198905 ], [ -91.455193999894945, 38.70962399985028 ], [ -91.454640000491779, 38.710141000362867 ], [ -91.455664000087282, 38.710344000452729 ], [ -91.460080000165803, 38.709375999738057 ], [ -91.4625889993996, 38.708101999738219 ], [ -91.468176000205034, 38.708023999813093 ], [ -91.470103000084634, 38.707478999549338 ], [ -91.471771000743203, 38.707528000083414 ], [ -91.479281000746099, 38.711722000062011 ], [ -91.484869000772065, 38.713273999809658 ], [ -91.487792000105543, 38.713114000029023 ], [ -91.490596000355325, 38.712294000644256 ], [ -91.494245999265161, 38.709771999347808 ], [ -91.496532999823202, 38.709464000073446 ], [ -91.498229000203168, 38.707925000104133 ], [ -91.499527999870963, 38.705496000117947 ], [ -91.501073999332803, 38.704686999777394 ], [ -91.503335000435698, 38.700634000299345 ], [ -91.502601999761566, 38.695000000269395 ], [ -91.522724999956083, 38.688240999280403 ], [ -91.545313000242132, 38.676881999699546 ], [ -91.550639999987851, 38.676266999596756 ], [ -91.558185000685384, 38.676634999824429 ], [ -91.575974999479484, 38.680842999947167 ], [ -91.587664999760833, 38.68218499990882 ], [ -91.593041999417096, 38.684062000449337 ], [ -91.606557000253645, 38.690159999848966 ], [ -91.619734000493921, 38.698536000531021 ], [ -91.62516900007752, 38.700730000031854 ], [ -91.633861999991083, 38.702810000072773 ], [ -91.640371999537905, 38.703792000361616 ] ] ] } },
{ "type": "Feature", "properties": { "district": 3 }, "geometry": { "type": "Polygon", "coordinates": [ [ [ -91.306693000679076, 39.684865000132788 ], [ -91.379398000253033, 39.685513000026951 ], [ -91.445084000247803, 39.685160000191232 ], [ -91.556731999488065, 39.685328000545837 ], [ -91.715497000553526, 39.686492000015676 ], [ -91.715581999493992, 39.671598000078767 ], [ -91.714470000035263, 39.665848000239187 ], [ -91.714172000685522, 39.657470999614432 ], [ -91.729125999664475, 39.657926000084352 ], [ -91.734620999315283, 39.65736500022323 ], [ -91.74906699992971, 39.657729000116689 ], [ -91.750119000547429, 39.657807999975198 ], [ -91.750749999563212, 39.658414999864327 ], [ -91.753372000407495, 39.658024000353613 ], [ -91.763194999775493, 39.657915999784819 ], [ -91.839893000525151, 39.658431000350475 ], [ -91.898574999953894, 39.659286000018739 ], [ -91.966519000394541, 39.659505000094207 ], [ -92.075585999972873, 39.660908000131151 ], [ -92.156743000208763, 39.662702999779739 ], [ -92.184985999458192, 39.662931999746476 ], [ -92.186690999813848, 39.604081999556975 ], [ -92.300870999741889, 39.605347999793459 ], [ -92.309317999563206, 39.360573000175599 ], [ -92.313164999616831, 39.275516000064798 ], [ -92.313706000463313, 39.25240799958101 ], [ -92.314471000439113, 39.246454000293269 ], [ -92.19822900007523, 39.242326999383501 ], [ -92.104373999548386, 39.239809000681149 ], [ -92.10597299998912, 39.198924000074896 ], [ -92.106359000363597, 39.159812999215951 ], [ -92.107442999680472, 39.145151000446532 ], [ -92.110387000071199, 39.064204000241482 ], [ -92.146059999828282, 39.064759999693301 ], [ -92.14609999963082, 39.068350000169517 ], [ -92.180199999652515, 39.069029999673923 ], [ -92.18087999994691, 39.069639999801623 ], [ -92.183909999168378, 39.070089999810619 ], [ -92.18835999978387, 39.072830000045137 ], [ -92.201238000127788, 39.073258000355672 ], [ -92.201507000407901, 39.065929000132151 ], [ -92.206192000335491, 39.066037999980928 ], [ -92.206669999514233, 39.049234999513288 ], [ -92.206324999685791, 39.046763000563665 ], [ -92.207730999830048, 39.021544999878891 ], [ -92.244956999845854, 39.021635000411756 ], [ -92.246533999701555, 39.022940000017215 ], [ -92.244759999397758, 39.02650000070858 ], [ -92.244759999521193, 39.028890000621608 ], [ -92.248678000346274, 39.028937000539585 ], [ -92.248457000328983, 39.027078000623092 ], [ -92.25104099976744, 39.027106999948366 ], [ -92.252217999794127, 39.028027000087995 ], [ -92.252200000577275, 39.028960000509755 ], [ -92.26630999989662, 39.029119999796819 ], [ -92.266989999478042, 39.025230000239894 ], [ -92.268671999554726, 39.021971000249884 ], [ -92.276927999468541, 39.021948999607638 ], [ -92.278086999561452, 39.022071000165042 ], [ -92.278020999418288, 39.024256999642887 ], [ -92.275785999737991, 39.024206999569969 ], [ -92.275599999252989, 39.026759999981486 ], [ -92.274580000845631, 39.029290000216896 ], [ -92.282827999883366, 39.02944299950412 ], [ -92.282873000274307, 39.020364999386452 ], [ -92.29231499982815, 39.02026700017376 ], [ -92.292320999664511, 39.019729000417641 ], [ -92.289291999660989, 39.019709999980613 ], [ -92.289311000139222, 39.018362000262591 ], [ -92.287662999789333, 39.018360999458089 ], [ -92.28763899995171, 39.016166000132387 ], [ -92.288551999940253, 39.016155000188178 ], [ -92.288561000306146, 39.015572999883879 ], [ -92.292417999550366, 39.0156029993883 ], [ -92.292397000277134, 39.017761999717834 ], [ -92.296813999436523, 39.018227000084416 ], [ -92.296915999381952, 39.015602000034171 ], [ -92.296458000598179, 39.015599000021197 ], [ -92.29648300031289, 39.014696000381655 ], [ -92.297108000386118, 39.014703000136635 ], [ -92.297257000076371, 39.007372999616585 ], [ -92.292547999747924, 39.007376000135878 ], [ -92.292756000141267, 39.000068000413783 ], [ -92.302206999507703, 39.000293000131776 ], [ -92.302036999928404, 39.004371999920131 ], [ -92.302292999795313, 39.003259000074543 ], [ -92.30340199997741, 39.00518500072873 ], [ -92.304853000057136, 39.014485999377314 ], [ -92.30285199956792, 39.014602999826209 ], [ -92.303488999294927, 39.014785000289329 ], [ -92.30340799939863, 39.016507000239628 ], [ -92.304390999454824, 39.01654600003944 ], [ -92.306375000265646, 39.014874999692978 ], [ -92.306644999710244, 39.022341999439917 ], [ -92.311113999754369, 39.022408000619656 ], [ -92.311101000362697, 39.018284000161309 ], [ -92.315401999973005, 39.020598000195385 ], [ -92.315532000965362, 39.015121000098141 ], [ -92.311309999937635, 39.015010000399194 ], [ -92.311373999385808, 39.007507999673081 ], [ -92.313420999667116, 39.007500999345815 ], [ -92.313360999142731, 39.01423300032031 ], [ -92.31997899923455, 39.014309999807921 ], [ -92.320127000119115, 39.016954999465419 ], [ -92.320649000221479, 39.016970000168321 ], [ -92.320328999353023, 39.014373999616161 ], [ -92.323026000328696, 39.01409199999781 ], [ -92.323519999533758, 39.000800000575829 ], [ -92.331520999722471, 39.001065999771519 ], [ -92.33140899998763, 39.00486800043435 ], [ -92.328149999866795, 39.00479999961469 ], [ -92.328139999792285, 39.005181999770024 ], [ -92.32980899997554, 39.005178000421346 ], [ -92.330019999523429, 39.005693999936796 ], [ -92.33092900004668, 39.005798999560412 ], [ -92.33050699954363, 39.006781000360263 ], [ -92.331330000685782, 39.006793000469443 ], [ -92.331307000303411, 39.007711000082033 ], [ -92.329439999701805, 39.007688000772838 ], [ -92.329253999631334, 39.008497000263219 ], [ -92.333153999581171, 39.008573000534156 ], [ -92.3335010000106, 39.009075999917407 ], [ -92.33548000050223, 39.009044000169915 ], [ -92.335718999378543, 39.009348999646669 ], [ -92.336927000841371, 39.009093000106475 ], [ -92.337481000644885, 39.005505000253244 ], [ -92.339168000150607, 39.005568000128164 ], [ -92.339223000455448, 39.004690000173369 ], [ -92.339632999876727, 39.004706999979156 ], [ -92.338575999955367, 39.004260000216888 ], [ -92.339291000255201, 39.001385999463011 ], [ -92.341760000422312, 39.001459999937843 ], [ -92.341876999307573, 38.997900000512416 ], [ -92.344202000389672, 38.998085000344773 ], [ -92.344757000334198, 38.995981000640356 ], [ -92.341941000550293, 38.99573000016813 ], [ -92.342057000175146, 38.992428000494407 ], [ -92.350885999188336, 38.993162000441224 ], [ -92.351090000342069, 38.98745000046582 ], [ -92.37734999982176, 38.989901999946369 ], [ -92.376937999701781, 38.992770999841767 ], [ -92.378653999969728, 38.992803999869047 ], [ -92.378604999532484, 38.994291999411743 ], [ -92.381321000249997, 38.992347999572225 ], [ -92.382292000684899, 38.99287799961504 ], [ -92.382514999734894, 38.994260000370929 ], [ -92.383138999786212, 38.994383999660648 ], [ -92.383268999544725, 38.990537000279879 ], [ -92.387882999725079, 38.990960000467361 ], [ -92.388102000537444, 38.986422000436058 ], [ -92.391305999778382, 38.986422000184128 ], [ -92.391281000178225, 38.987656999723562 ], [ -92.392684999327088, 38.987782000258754 ], [ -92.392802999422855, 38.984190999965932 ], [ -92.389086000482152, 38.983842999762388 ], [ -92.389510999930863, 38.970401000464506 ], [ -92.398674000853148, 38.970962999399063 ], [ -92.398692999350899, 38.969638999410932 ], [ -92.404859999242632, 38.96890000049175 ], [ -92.406350000585519, 38.96907999935538 ], [ -92.405859999824614, 38.967590000481827 ], [ -92.398569999321964, 38.961430000093678 ], [ -92.396140000311433, 38.955989999891543 ], [ -92.39609999971087, 38.955639999564184 ], [ -92.398139999036246, 38.955259999311608 ], [ -92.399050000342442, 38.954249999927981 ], [ -92.399168999994586, 38.941689000026258 ], [ -92.400245999522738, 38.941786999837788 ], [ -92.40042100001348, 38.937170000422526 ], [ -92.408762000381188, 38.937934000477426 ], [ -92.4087469997894, 38.938921000084463 ], [ -92.413616000020582, 38.939378999719807 ], [ -92.414017000045391, 38.939770000254754 ], [ -92.413418000190589, 38.940079999990722 ], [ -92.413907999960401, 38.940394000030707 ], [ -92.413715000174236, 38.941333000216424 ], [ -92.413134999707381, 38.941323000777686 ], [ -92.4127409995439, 38.942991000328014 ], [ -92.417069000087068, 38.943466999902178 ], [ -92.416735999457387, 38.940888999712925 ], [ -92.419586999756518, 38.938164000207351 ], [ -92.419666999381647, 38.937167000240798 ], [ -92.41734899921579, 38.935462000418738 ], [ -92.417486999358061, 38.933807000265638 ], [ -92.41654000002471, 38.932732000074559 ], [ -92.413339000161855, 38.933384999596605 ], [ -92.411739000053032, 38.931994999992327 ], [ -92.416427000676137, 38.932273000090184 ], [ -92.417136999870095, 38.928727999877516 ], [ -92.422843999342973, 38.928897000064509 ], [ -92.423164000107164, 38.91903499993299 ], [ -92.42739100020502, 38.918696000055597 ], [ -92.42903899981799, 38.916000000024653 ], [ -92.429971000206123, 38.916220999978158 ], [ -92.431310999967749, 38.917417000226017 ], [ -92.431261000244277, 38.919417999953446 ], [ -92.43301000061787, 38.919249999673006 ], [ -92.43358400056448, 38.918806999777601 ], [ -92.433409000504412, 38.914670000114263 ], [ -92.430533999407061, 38.91176999974995 ], [ -92.431977000407585, 38.910644000595845 ], [ -92.437881000131185, 38.902563000263271 ], [ -92.439641000208709, 38.901251000141343 ], [ -92.474259000466205, 38.901596000144131 ], [ -92.475300000403635, 38.895334000220871 ], [ -92.479982999305037, 38.883154999492518 ], [ -92.480316999870567, 38.88130599984617 ], [ -92.479639999392901, 38.877439000049556 ], [ -92.477793999974537, 38.874107000436268 ], [ -92.474520000242393, 38.871775999679052 ], [ -92.465122000069528, 38.866530999612287 ], [ -92.45671700077142, 38.860268999914283 ], [ -92.450230999145461, 38.849607000233178 ], [ -92.446086000966844, 38.840459000060441 ], [ -92.439906000461519, 38.831346000253355 ], [ -92.432078999619947, 38.825069000523875 ], [ -92.421179999888807, 38.819753999856211 ], [ -92.416871999324457, 38.8188690001993 ], [ -92.400822999882209, 38.819722999724029 ], [ -92.394088999917443, 38.819575999823151 ], [ -92.38791000060543, 38.817934000472967 ], [ -92.384390999836, 38.81548799938313 ], [ -92.381304000469669, 38.808732000180932 ], [ -92.379579999788277, 38.801546000153792 ], [ -92.380150000131707, 38.797915999233076 ], [ -92.382980000375284, 38.789725000156082 ], [ -92.386335000682578, 38.784579000020571 ], [ -92.390781999354388, 38.780611999721195 ], [ -92.404943000150908, 38.774257000158968 ], [ -92.407078000829912, 38.772598000208895 ], [ -92.408567000245483, 38.770195000190753 ], [ -92.409321000615165, 38.766760000034047 ], [ -92.408635999269947, 38.758242999519801 ], [ -92.404737999323004, 38.748190000656585 ], [ -92.40143299978989, 38.743615000465525 ], [ -92.397455999365789, 38.740523000328359 ], [ -92.387808000475474, 38.735432999959713 ], [ -92.381948999726916, 38.733872999603832 ], [ -92.376898999960687, 38.733806999563839 ], [ -92.364143999171887, 38.731666000291725 ], [ -92.360216000082815, 38.730132999454504 ], [ -92.345721999780167, 38.71767400002085 ], [ -92.34266500040529, 38.711769000203084 ], [ -92.342461999979989, 38.708279000726208 ], [ -92.343264999980079, 38.705073000027618 ], [ -92.34566700048957, 38.703058999695777 ], [ -92.354968000396909, 38.697093000114052 ], [ -92.361429999981127, 38.692039999270065 ], [ -92.362993000139184, 38.688652999690071 ], [ -92.363606000151108, 38.686210000439523 ], [ -92.362542999802642, 38.683981000128981 ], [ -92.360909999476092, 38.681848000575386 ], [ -92.357813000124366, 38.679516999765774 ], [ -92.350605000266455, 38.676397999830243 ], [ -92.33928499951476, 38.673541999888414 ], [ -92.317823999859726, 38.670781000049111 ], [ -92.293369999633683, 38.666564000281454 ], [ -92.285187000404022, 38.663138000063903 ], [ -92.275806000006313, 38.658215000352087 ], [ -92.267660000013777, 38.650566000379555 ], [ -92.262194000458194, 38.646405000121263 ], [ -92.259091000817421, 38.645346999760044 ], [ -92.25152300021135, 38.644189999758417 ], [ -92.245995999532354, 38.644007000621706 ], [ -92.229401000667139, 38.646027000093305 ], [ -92.225129000342179, 38.644982999976484 ], [ -92.215745999186367, 38.641285000539376 ], [ -92.209828999481445, 38.637219000751422 ], [ -92.208365000507698, 38.635636000530013 ], [ -92.204750999917437, 38.630279000490006 ], [ -92.203071999762216, 38.626638999928467 ], [ -92.202184999640011, 38.62024600039922 ], [ -92.20349199984625, 38.611753999228235 ], [ -92.203491999712782, 38.608348000022382 ], [ -92.203038000744201, 38.605272000049531 ], [ -92.200721000534145, 38.60166799977064 ], [ -92.185812000135911, 38.591283000786895 ], [ -92.175635999823839, 38.585830000225712 ], [ -92.169327999539036, 38.581659999996859 ], [ -92.164064999534872, 38.580051999753145 ], [ -92.161662999468803, 38.578057000166545 ], [ -92.158596999904034, 38.576778999258025 ], [ -92.144453000509856, 38.572286999688536 ], [ -92.139025000041485, 38.569407000694085 ], [ -92.115497000136642, 38.56269499993099 ], [ -92.107210999694104, 38.561053999968863 ], [ -92.098096000028463, 38.559853999909734 ], [ -92.06809900024075, 38.557412000007822 ], [ -92.063906000688206, 38.557396000365706 ], [ -92.058876000189343, 38.557740000523822 ], [ -92.025773999583336, 38.564564999423403 ], [ -92.015616999943134, 38.567397999736038 ], [ -92.005643000247247, 38.572663000231692 ], [ -91.991718000541269, 38.582272000601051 ], [ -91.982024999602245, 38.587638000169818 ], [ -91.977453999687171, 38.589616000669842 ], [ -91.967735000425819, 38.592601999842643 ], [ -91.94923499948861, 38.595123000608247 ], [ -91.943935999536322, 38.597074999634486 ], [ -91.932193000744491, 38.60592000016139 ], [ -91.920620000429352, 38.615423999950906 ], [ -91.913012999717211, 38.619893000008943 ], [ -91.893749000696531, 38.634086999633354 ], [ -91.891493000570875, 38.636490000057542 ], [ -91.885225999270816, 38.648216999721903 ], [ -91.877356000945255, 38.657743000117641 ], [ -91.869489000364624, 38.663939999536851 ], [ -91.860570000710069, 38.668174000167966 ], [ -91.854867000111781, 38.670336000182175 ], [ -91.841696000222797, 38.673461999684875 ], [ -91.822207999689681, 38.679852000755702 ], [ -91.8144360003309, 38.681834999301422 ], [ -91.801410999939549, 38.683100999991417 ], [ -91.781862999348746, 38.682146999796267 ], [ -91.777984999848329, 38.682300000537374 ], [ -91.760234000418876, 38.684999999738324 ], [ -91.757929000138816, 38.686091999863393 ], [ -91.751946000026209, 38.690212000699262 ], [ -91.74124899939244, 38.699310999464991 ], [ -91.736565999268052, 38.702571000041885 ], [ -91.734356000272854, 38.704878999750207 ], [ -91.732285999968084, 38.705891000666668 ], [ -91.717560999367805, 38.707439000580067 ], [ -91.702038999912006, 38.707770000038764 ], [ -91.691392999836992, 38.707155999411185 ], [ -91.682681000044639, 38.704601999747815 ], [ -91.676470000257396, 38.7033769998826 ], [ -91.665498000779024, 38.70198299983813 ], [ -91.656301000422701, 38.70177399982768 ], [ -91.645546000323478, 38.703677999796525 ], [ -91.641376000030675, 38.703939000266551 ], [ -91.637982000552299, 38.703541000093935 ], [ -91.62516900007752, 38.700730000031854 ], [ -91.619734000493921, 38.698536000531021 ], [ -91.606557000253645, 38.690159999848966 ], [ -91.593041999417096, 38.684062000449337 ], [ -91.587664999760833, 38.68218499990882 ], [ -91.575974999479484, 38.680842999947167 ], [ -91.558185000685384, 38.676634999824429 ], [ -91.550639999987851, 38.676266999596756 ], [ -91.545313000242132, 38.676881999699546 ], [ -91.522724999956083, 38.688240999280403 ], [ -91.502601999761566, 38.695000000269395 ], [ -91.503335000435698, 38.700634000299345 ], [ -91.501073999332803, 38.704686999777394 ], [ -91.499527999870963, 38.705496000117947 ], [ -91.498229000203168, 38.707925000104133 ], [ -91.496532999823202, 38.709464000073446 ], [ -91.494245999265161, 38.709771999347808 ], [ -91.490596000355325, 38.712294000644256 ], [ -91.487792000105543, 38.713114000029023 ], [ -91.484869000772065, 38.713273999809658 ], [ -91.479281000746099, 38.711722000062011 ], [ -91.471771000743203, 38.707528000083414 ], [ -91.470103000084634, 38.707478999549338 ], [ -91.468176000205034, 38.708023999813093 ], [ -91.4625889993996, 38.708101999738219 ], [ -91.460080000165803, 38.709375999738057 ], [ -91.455664000087282, 38.710344000452729 ], [ -91.454640000491779, 38.710141000362867 ], [ -91.455193999894945, 38.70962399985028 ], [ -91.452690999729299, 38.709487000198905 ], [ -91.457954999723455, 38.708063999936876 ], [ -91.457600000159545, 38.706270000225068 ], [ -91.44562299916096, 38.708808999835682 ], [ -91.435220000376191, 38.709643000363229 ], [ -91.416419999541574, 38.709726000417668 ], [ -91.399551000493588, 38.708762000398963 ], [ -91.395133999928632, 38.7079900000262 ], [ -91.382346999391089, 38.704043999774704 ], [ -91.367338000285002, 38.698735000007019 ], [ -91.352986000362989, 38.695634999668506 ], [ -91.349120000020818, 38.69543500051671 ], [ -91.341681999075391, 38.697415000005726 ], [ -91.327974000339779, 38.707266000249277 ], [ -91.324375999763504, 38.70841399991275 ], [ -91.319022000206573, 38.708367999841229 ], [ -91.313092999501663, 38.706715000159932 ], [ -91.310540000026904, 38.70510800021659 ], [ -91.291119999595765, 38.689181000319408 ], [ -91.274742999123546, 38.678990000472311 ], [ -91.266633999621945, 38.671753000392698 ], [ -91.259812999553631, 38.666600999987828 ], [ -91.241345999635442, 38.657310999608761 ], [ -91.237423000258858, 38.654965999531441 ], [ -91.232985999793726, 38.651339999530045 ], [ -91.230425000327912, 38.648137999318088 ], [ -91.227035000020152, 38.641709999717072 ], [ -91.226538000304373, 38.636648000023477 ], [ -91.228443999925204, 38.629822999908299 ], [ -91.226547000093561, 38.621566999696412 ], [ -91.223682999214191, 38.620148999951766 ], [ -91.221491999342831, 38.619740999816024 ], [ -91.21635700047166, 38.617701999949325 ], [ -91.20293299952138, 38.614706000481682 ], [ -91.182956999779819, 38.607896000020894 ], [ -91.152537000979578, 38.603691999473867 ], [ -91.132534999982695, 38.598278999709237 ], [ -91.125148000026854, 38.597703999669768 ], [ -91.115773000057473, 38.598885000086675 ], [ -91.096117000613916, 38.605082000017454 ], [ -91.086893999314299, 38.607493000500106 ], [ -91.077323999759145, 38.609343000193235 ], [ -91.068888000574759, 38.609898000060454 ], [ -91.055898000166422, 38.608266999672367 ], [ -91.046567999612108, 38.60487999955965 ], [ -91.037222000144112, 38.598575999824931 ], [ -91.032325000206498, 38.593490000322866 ], [ -91.029305999890497, 38.588684000221043 ], [ -91.024469000413305, 38.578397999755474 ], [ -91.021430000002951, 38.573520000362699 ], [ -91.014132000152088, 38.566013000705766 ], [ -91.005406000475091, 38.561081999770991 ], [ -90.996802000159761, 38.556847000351624 ], [ -90.989270999693133, 38.554059000032517 ], [ -90.972318999974959, 38.550437000327726 ], [ -90.9667499996945, 38.548608000517618 ], [ -90.954039000072783, 38.541560999292841 ], [ -90.947720999694127, 38.538940000334549 ], [ -90.934697000499142, 38.535378999987216 ], [ -90.92330299949424, 38.534133999830104 ], [ -90.916554000161966, 38.534725000128915 ], [ -90.910886000459087, 38.535923999957888 ], [ -90.904851000084705, 38.537488000279275 ], [ -90.894921999877411, 38.540962999258014 ], [ -90.873267999689844, 38.553893000149259 ], [ -90.854774999395488, 38.560347999860689 ], [ -90.841932999864866, 38.565955000702843 ], [ -90.835834000694547, 38.569787999819944 ], [ -90.825255000480624, 38.57800699990063 ], [ -90.812988000333874, 38.585554000091953 ], [ -90.795739999761892, 38.59015299975772 ], [ -90.789584999651964, 38.590493999642433 ], [ -90.78122799933675, 38.591958999757956 ], [ -90.773622000372427, 38.594617000523023 ], [ -90.768684000834867, 38.597660999913714 ], [ -90.763340999584301, 38.601949000136166 ], [ -90.759605999478737, 38.606541000020137 ], [ -90.755408000540015, 38.612659000063445 ], [ -90.754757000168354, 38.616107999839912 ], [ -90.750703000635738, 38.625103000458459 ], [ -90.74404800026781, 38.630889999774709 ], [ -90.742412000162687, 38.63456299967519 ], [ -90.736298999561313, 38.63674400004583 ], [ -90.733952000338746, 38.639104000211809 ], [ -90.711060999495672, 38.644741000510372 ], [ -90.70581100015184, 38.647252999758152 ], [ -90.704403000457575, 38.648736999653465 ], [ -90.703983999652422, 38.650221000677995 ], [ -90.704536000509577, 38.655519000386512 ], [ -90.701890999494452, 38.65835399938868 ], [ -90.696127000595681, 38.660960000343756 ], [ -90.683057000169043, 38.6634339996073 ], [ -90.679252000910907, 38.665601999758906 ], [ -90.677320000517568, 38.669783999927532 ], [ -90.675022999880895, 38.677901999809016 ], [ -90.675163000318804, 38.680964999389182 ], [ -90.674530999933054, 38.682192999857854 ], [ -90.669721000390439, 38.684685999509746 ], [ -90.660508999540525, 38.688550999497245 ], [ -90.656756999498029, 38.689223000262388 ], [ -90.642550999991968, 38.69094900010375 ], [ -90.635183999351383, 38.690773999894589 ], [ -90.63264700037638, 38.691078000079571 ], [ -90.628409999708524, 38.690409000537649 ], [ -90.623804999036409, 38.690280000055957 ], [ -90.621642999555903, 38.689660000012637 ], [ -90.611442999637106, 38.684239000251921 ], [ -90.603899999861923, 38.681977000168963 ], [ -90.595123000306018, 38.681752000279289 ], [ -90.587426000299445, 38.680511999878796 ], [ -90.579460999477689, 38.681486000154443 ], [ -90.569983000091312, 38.684072999687594 ], [ -90.564646999831069, 38.683358000526376 ], [ -90.556828000406952, 38.68151799963389 ], [ -90.550678999853119, 38.682353999366626 ], [ -90.544463999756459, 38.684720000147557 ], [ -90.540129999919628, 38.687413999732577 ], [ -90.539287999660459, 38.686777999791381 ], [ -90.538742999683734, 38.687116000039858 ], [ -90.533785000231944, 38.691914999900995 ], [ -90.5317299993673, 38.695302000473433 ], [ -90.530363000627403, 38.698630000159319 ], [ -90.529902999266682, 38.702036000010985 ], [ -90.530378000352883, 38.708195000245134 ], [ -90.533092999673983, 38.721294999426085 ], [ -90.533637999636667, 38.72687100041221 ], [ -90.531339999332417, 38.731178000188336 ], [ -90.528024000552151, 38.733701999817782 ], [ -90.498290999928145, 38.746852000614972 ], [ -90.495790000196578, 38.748255999910505 ], [ -90.49339399932532, 38.750686999456015 ], [ -90.483516999416651, 38.733103000070479 ], [ -90.481746000311915, 38.731392000066243 ], [ -90.468196000318571, 38.735927999874164 ], [ -90.46493199985251, 38.736044000230393 ], [ -90.462173999809167, 38.73677700027941 ], [ -90.458351000382351, 38.738650000073918 ], [ -90.456436999897136, 38.735270999970794 ], [ -90.453744999920275, 38.736166000070497 ], [ -90.452643000735108, 38.733945999802515 ], [ -90.450563999876223, 38.734342999987554 ], [ -90.450889999615953, 38.735100000341788 ], [ -90.445775000268014, 38.736463999816934 ], [ -90.445775000034843, 38.73734000066041 ], [ -90.444753999731958, 38.737434999576543 ], [ -90.443978999798247, 38.739826000138883 ], [ -90.446523000515967, 38.740073999879847 ], [ -90.44669400015988, 38.740897999638385 ], [ -90.442243000903872, 38.741578000333725 ], [ -90.439214000149732, 38.742805999875678 ], [ -90.439321000348542, 38.743930999954721 ], [ -90.435327000314473, 38.74703999941535 ], [ -90.482299000281628, 38.764347999995977 ], [ -90.473187999439659, 38.790978000140605 ], [ -90.468641000527754, 38.796762000166851 ], [ -90.448117000813596, 38.822049999901111 ], [ -90.440617000052001, 38.827650000380451 ], [ -90.433516000686552, 38.829550000269755 ], [ -90.430974999310266, 38.829805999963888 ], [ -90.425116000171997, 38.829149999475 ], [ -90.41932000010523, 38.829276999956186 ], [ -90.415545999567655, 38.828876000085508 ], [ -90.401913999894958, 38.824799000726465 ], [ -90.394991999427219, 38.823197000162011 ], [ -90.382267999535742, 38.821942000743775 ], [ -90.37378000086872, 38.822714000093562 ], [ -90.369950999431225, 38.823829999955315 ], [ -90.362163000213641, 38.827860000336862 ], [ -90.349112999674418, 38.841695000036708 ], [ -90.344965000247015, 38.849371999986687 ], [ -90.342514000293548, 38.858548999588457 ], [ -90.342613999810396, 38.866548999377898 ], [ -90.340765999565036, 38.873484999756187 ], [ -90.336799000823305, 38.882029999825846 ], [ -90.332022000366337, 38.88651600017711 ], [ -90.324499999882377, 38.890260999434197 ], [ -90.320213000281186, 38.891148000193006 ], [ -90.312108999847368, 38.89094799992754 ], [ -90.300345000856396, 38.888231999839377 ], [ -90.293712000030311, 38.885547999573802 ], [ -90.287922999709636, 38.881647000237933 ], [ -90.275883999539772, 38.872301000366534 ], [ -90.271673000308624, 38.866869999919118 ], [ -90.268179999142504, 38.861035999877323 ], [ -90.256136000000353, 38.852127999736531 ], [ -90.245071000164259, 38.847447999751402 ], [ -90.236510999884473, 38.843249000060617 ], [ -90.195677999563671, 38.821261000292807 ], [ -90.188926999941827, 38.818510000309253 ], [ -90.183057999261848, 38.818053000024847 ], [ -90.177649999446999, 38.81885899947693 ], [ -90.174138000022282, 38.8200210003642 ], [ -90.167441999725327, 38.824633000003793 ], [ -90.158458999730044, 38.828786999339371 ], [ -90.155109999447859, 38.829722000085091 ], [ -90.150892999754888, 38.82992499980034 ], [ -90.141607999769278, 38.829447999739997 ], [ -90.132811000473254, 38.825086000450355 ], [ -90.12677999949932, 38.821326000260143 ], [ -90.12527999996648, 38.819807000338201 ], [ -90.12306399941393, 38.816035000157839 ], [ -90.117706999732761, 38.805747999887018 ], [ -90.114707000001957, 38.815048000247273 ], [ -90.109107000337829, 38.837448000299098 ], [ -90.109406999439969, 38.843547999721821 ], [ -90.113326999698828, 38.84930600013589 ], [ -90.131907000524976, 38.857948000440381 ], [ -90.140107999425751, 38.862747999827803 ], [ -90.14480799927874, 38.864247999639069 ], [ -90.151507999718177, 38.86714799990385 ], [ -90.166408999243671, 38.876348000194724 ], [ -90.186908999733916, 38.88504799981456 ], [ -90.190309000312126, 38.886247999958371 ], [ -90.195210000267522, 38.886747999991748 ], [ -90.197609999967383, 38.887647999459119 ], [ -90.213519000018536, 38.90045399983979 ], [ -90.223040999123228, 38.907388999496327 ], [ -90.230335999611682, 38.910860000460495 ], [ -90.24170300070196, 38.914828000427136 ], [ -90.250247999904829, 38.9193440006324 ], [ -90.254033000155175, 38.920489000263728 ], [ -90.256993000249565, 38.920763000050655 ], [ -90.262792000226469, 38.920343999529464 ], [ -90.269872000022431, 38.922556000454435 ], [ -90.277470999765356, 38.923716000426019 ], [ -90.283712000635816, 38.924048000370377 ], [ -90.298711000262301, 38.923395000193509 ], [ -90.306112999859025, 38.923524999650247 ], [ -90.309454000325815, 38.924120000437775 ], [ -90.319051999773166, 38.92866700035831 ], [ -90.324179000372098, 38.929827000391455 ], [ -90.333533000378239, 38.933489000221329 ], [ -90.346442000143554, 38.940790000149093 ], [ -90.383125999645031, 38.95545300009195 ], [ -90.395816000370914, 38.960036999961538 ], [ -90.406367000207993, 38.962553999812123 ], [ -90.419268999679005, 38.963654000114687 ], [ -90.429779999128115, 38.963778000393432 ], [ -90.439202999999807, 38.967287000140523 ], [ -90.445303000240756, 38.966826000211078 ], [ -90.45081299954127, 38.967769000169639 ], [ -90.462411000960884, 38.96432200069907 ], [ -90.469419999777841, 38.960788999958723 ], [ -90.472121999885758, 38.958837999425619 ], [ -90.475836999316783, 38.952798999727143 ], [ -90.482418999391328, 38.944459999905625 ], [ -90.483452000035811, 38.940435999588161 ], [ -90.48272499984904, 38.934711999861761 ], [ -90.486230000337969, 38.928454999911054 ], [ -90.487057999775971, 38.925861999568973 ], [ -90.499672000403592, 38.910604999876497 ], [ -90.507450999758461, 38.902766999615579 ], [ -90.510686000724561, 38.901105999962432 ], [ -90.5169630000876, 38.898817999799419 ], [ -90.51858099918519, 38.896979000284695 ], [ -90.532753999888641, 38.885469999574191 ], [ -90.538587000506382, 38.879741999659487 ], [ -90.546830999776759, 38.874008999580163 ], [ -90.55120500004395, 38.872075000141344 ], [ -90.561021000153914, 38.869475999522905 ], [ -90.573090999784569, 38.868435000172738 ], [ -90.582258999962875, 38.868794000046449 ], [ -90.585401999854454, 38.869769999536921 ], [ -90.586521000981222, 38.871350000246679 ], [ -90.623356000326993, 38.887148999677635 ], [ -90.628485000758985, 38.891616999457995 ], [ -90.636994000147297, 38.905122999927528 ], [ -90.644142999888274, 38.910377999464174 ], [ -90.647290000334124, 38.912095000433048 ], [ -90.659236999797685, 38.923410999488496 ], [ -90.66301799966169, 38.926283000005135 ], [ -90.663653999170634, 38.928715999833749 ], [ -90.662853999492611, 38.933082999691088 ], [ -90.663424000109984, 38.935551000129372 ], [ -90.668089000316456, 38.943002999852773 ], [ -90.669229000456099, 38.948175999637861 ], [ -90.671844000705448, 38.952296000339203 ], [ -90.675948999845147, 38.96213999995792 ], [ -90.676383000241856, 38.975079000199052 ], [ -90.675714999483915, 38.981065999990683 ], [ -90.67819300003498, 38.991850999962175 ], [ -90.682068000138401, 38.998778000398481 ], [ -90.683682999649974, 39.000049000259175 ], [ -90.687719000431443, 39.005373999969081 ], [ -90.688812999652413, 39.007342000221165 ], [ -90.689999999390722, 39.012169000097508 ], [ -90.692403000099603, 39.016656000180141 ], [ -90.700594999092473, 39.029074000221449 ], [ -90.70788500015712, 39.04226200004171 ], [ -90.71157999998141, 39.046797999363669 ], [ -90.712726000005858, 39.049736000025675 ], [ -90.713629000585271, 39.053976999488043 ], [ -90.713584999379435, 39.055566999702613 ], [ -90.712540999855918, 39.05706399996464 ], [ -90.702943000372088, 39.064544999631472 ], [ -90.702135999930803, 39.065567999507145 ], [ -90.701201000889654, 39.070319999715501 ], [ -90.69828200062932, 39.07464899949457 ], [ -90.693551000510439, 39.079237000452565 ], [ -90.686236999445669, 39.084989000373788 ], [ -90.682744000274653, 39.088348000422144 ], [ -90.681994000078703, 39.090066000524132 ], [ -90.681086000058286, 39.100590000428504 ], [ -90.686050999722184, 39.117784999748494 ], [ -90.687390000292012, 39.119909999878367 ], [ -90.692260999985706, 39.125048000162074 ], [ -90.695925999028816, 39.131122000236424 ], [ -90.700463999859224, 39.13543899988337 ], [ -90.702922999929996, 39.138748999675776 ], [ -90.70516800061624, 39.143151999838715 ], [ -90.707901999728946, 39.150860000429304 ], [ -90.709145999987001, 39.155110999774834 ], [ -90.710480000370225, 39.17636600062194 ], [ -90.714370000141429, 39.185307999996411 ], [ -90.717404000095826, 39.197413999454227 ], [ -90.717427000238487, 39.202790999656649 ], [ -90.716596999091792, 39.210413999355929 ], [ -90.717112999919109, 39.213912000306195 ], [ -90.721834999897581, 39.224108000104394 ], [ -90.721187999776404, 39.230175999434294 ], [ -90.721593000237121, 39.23272999985285 ], [ -90.726980999407061, 39.251172999703769 ], [ -90.729960000469603, 39.255894000080239 ], [ -90.733976000251218, 39.25909800008742 ], [ -90.739087000131406, 39.261892999862653 ], [ -90.748876999461814, 39.264126000129259 ], [ -90.751598999890817, 39.265432000510081 ], [ -90.767648000604467, 39.280024999363768 ], [ -90.775673000140287, 39.292810999729824 ], [ -90.783789000609062, 39.297163999798954 ], [ -90.790675000753595, 39.30290799928099 ], [ -90.791688999066864, 39.306957000178713 ], [ -90.793461000098119, 39.309498000089988 ], [ -90.799346000589168, 39.313086999767492 ], [ -90.816851000146585, 39.320495999992986 ], [ -90.82130600020588, 39.323659000711245 ], [ -90.840105999620462, 39.340438000125957 ], [ -90.847500000148486, 39.345271999883259 ], [ -90.859113000580535, 39.351369999919008 ], [ -90.876080000363288, 39.359478000070489 ], [ -90.890490000324789, 39.365523999932023 ], [ -90.893776999555016, 39.367343000644922 ], [ -90.900094999792231, 39.372353999777324 ], [ -90.902655999771554, 39.375366000095944 ], [ -90.902905000240708, 39.377534000082179 ], [ -90.904862000737779, 39.379403000122174 ], [ -90.907999000151108, 39.380811999984104 ], [ -90.914657999562436, 39.381955999871913 ], [ -90.920975999520323, 39.383686999681544 ], [ -90.924601000529677, 39.385135999713839 ], [ -90.928745000292878, 39.387543999921022 ], [ -90.934007000224881, 39.392127000014966 ], [ -90.937418999880066, 39.400802999475509 ], [ -90.940765999821366, 39.403983999671411 ], [ -90.94829899991521, 39.407501999473368 ], [ -90.957458999247123, 39.4089960006025 ], [ -90.967479999201402, 39.411947999764728 ], [ -90.972465000068809, 39.414144000371941 ], [ -90.977617999204554, 39.41829000072476 ], [ -90.983020000260538, 39.420461999655799 ], [ -90.993788999363829, 39.422959000133773 ], [ -90.999688999820648, 39.426377999890811 ], [ -91.003691999881838, 39.42760300018071 ], [ -91.011954000237452, 39.432661000580126 ], [ -91.023609999890326, 39.438693999356204 ], [ -91.038270000127213, 39.448435000666571 ], [ -91.053057999715662, 39.462121999431162 ], [ -91.059439000050602, 39.468860000348812 ], [ -91.062414000273321, 39.474121999541723 ], [ -91.064304999755905, 39.494642999800682 ], [ -91.075308999412627, 39.502845000156384 ], [ -91.079768999138082, 39.507728000021793 ], [ -91.086291999914749, 39.517141000411186 ], [ -91.092869000561322, 39.529274999814781 ], [ -91.100307000399582, 39.538695000584859 ], [ -91.114304999899971, 39.541098000397611 ], [ -91.126638000623714, 39.542227000282494 ], [ -91.13674399958245, 39.544251999462915 ], [ -91.146596000921775, 39.545486000128328 ], [ -91.149218000153382, 39.546098999752985 ], [ -91.153627999957322, 39.548248000163383 ], [ -91.163633999565405, 39.558566000084753 ], [ -91.168418999676362, 39.564927999879252 ], [ -91.169820000023932, 39.569555000259996 ], [ -91.171640999828185, 39.58189900037673 ], [ -91.17465100005559, 39.593312999858234 ], [ -91.178392999728743, 39.598697000116282 ], [ -91.181936000454357, 39.602677000253337 ], [ -91.185920999369358, 39.605119000110633 ], [ -91.201845999222613, 39.610043000018088 ], [ -91.223328000100523, 39.617602999313696 ], [ -91.22931700052591, 39.620852999722956 ], [ -91.241225000062684, 39.630067000143882 ], [ -91.248779000404028, 39.640880000530977 ], [ -91.260474999937031, 39.649024000044868 ], [ -91.264328999842661, 39.654374000520654 ], [ -91.274936000440391, 39.664792000352968 ], [ -91.283328999924137, 39.670133999332769 ], [ -91.29378799915672, 39.67476600020386 ], [ -91.301603000561386, 39.679067999464166 ], [ -91.303388000471855, 39.680460999774013 ], [ -91.304673999692781, 39.683336999409391 ], [ -91.306693000679076, 39.684865000132788 ] ] ] } },
{ "type": "Feature", "properties": { "district": 4 }, "geometry": { "type": "Polygon", "coordinates": [ [ [ -92.021165000395499, 38.010639000273898 ], [ -92.075463999650722, 38.011038999974012 ], [ -92.075502999757205, 38.01138399973658 ], [ -92.086352999862385, 38.011943999439644 ], [ -92.142898000665383, 38.013778000048937 ], [ -92.155181999821991, 38.014667000069714 ], [ -92.185370000490707, 38.015137999496325 ], [ -92.185369999587195, 38.016338000301836 ], [ -92.295672999596974, 38.018435999453928 ], [ -92.295566000369064, 38.018937000334766 ], [ -92.346740999455051, 38.020022999927065 ], [ -92.363497000203239, 38.019973000170708 ], [ -92.365577999922223, 38.020083000185529 ], [ -92.36572200029407, 38.020647000045365 ], [ -92.376754000171147, 38.020667000343821 ], [ -92.380048999197271, 38.020233999534618 ], [ -92.40486200002367, 38.021159999992342 ], [ -92.51597900010556, 38.022335999352578 ], [ -92.515579999142133, 38.036935999841873 ], [ -92.53389500014984, 38.037467000535877 ], [ -92.533554000572167, 38.051808000122335 ], [ -92.552380999829737, 38.052144999979376 ], [ -92.552081000070061, 38.066335000271131 ], [ -92.570280999758396, 38.06663500024893 ], [ -92.569681999964587, 38.095933999932384 ], [ -92.587983999984829, 38.096134000271995 ], [ -92.587687999737398, 38.110635999752439 ], [ -92.596760999728758, 38.110754000226166 ], [ -92.596944000202001, 38.127066000388716 ], [ -92.596374000391279, 38.139787000382043 ], [ -92.605302000147205, 38.139894000224373 ], [ -92.604684000630215, 38.170732999721082 ], [ -92.64138499965145, 38.171632000386587 ], [ -92.640084999440447, 38.213031999456319 ], [ -92.648256999550526, 38.21166400009384 ], [ -92.65241299949929, 38.211750999920518 ], [ -92.657586000968607, 38.212631999769407 ], [ -92.675586000656679, 38.212831000413615 ], [ -92.677658000329117, 38.213305999973201 ], [ -92.679586000217753, 38.214331000035202 ], [ -92.684385999489464, 38.218031000332743 ], [ -92.688887000250304, 38.220031000053375 ], [ -92.695886000427862, 38.222031000119145 ], [ -92.707186999643696, 38.224030999677609 ], [ -92.710205000039792, 38.223131000425496 ], [ -92.715039000451327, 38.22081800038228 ], [ -92.718586999861031, 38.220130999988598 ], [ -92.725602999892828, 38.22043700053937 ], [ -92.731405000157451, 38.221588000123184 ], [ -92.734696000537781, 38.221316999485936 ], [ -92.740828000511769, 38.218860000070933 ], [ -92.749043999562787, 38.217559999575165 ], [ -92.753264000503066, 38.214952000086406 ], [ -92.75598799998474, 38.212464999870591 ], [ -92.758206999981368, 38.205950000141094 ], [ -92.761704000600801, 38.201856999755243 ], [ -92.763152999129474, 38.198612000581413 ], [ -92.764098000163656, 38.196067000247588 ], [ -92.764539000958152, 38.189618999989776 ], [ -92.764963000291914, 38.189534000034222 ], [ -92.962993999888496, 38.197228999836646 ], [ -92.960694000224493, 38.20112899989828 ], [ -92.957892999925406, 38.203328999698378 ], [ -92.946192999835276, 38.205229000042912 ], [ -92.94109299919333, 38.2073290001129 ], [ -92.935992999430596, 38.210129000108196 ], [ -92.933193000818633, 38.213028999848248 ], [ -92.93199300063246, 38.216228999832119 ], [ -92.931993000521459, 38.220229000416076 ], [ -92.937142999290359, 38.224878999268924 ], [ -92.941983000090175, 38.226930000416559 ], [ -92.947682000641009, 38.227876000059823 ], [ -92.951623000254173, 38.229308000075314 ], [ -92.956898000626509, 38.229508000012366 ], [ -92.960592000492383, 38.228358000171141 ], [ -92.963743999713756, 38.225487000458727 ], [ -92.970116000466902, 38.215221999834235 ], [ -92.975699000179446, 38.203481000269321 ], [ -92.979557999851522, 38.197734000334989 ], [ -92.986555000017248, 38.190761000249204 ], [ -92.989903000080474, 38.188375000405394 ], [ -93.000194000637009, 38.18624700024624 ], [ -93.006199999805887, 38.186002000040247 ], [ -93.014990000139676, 38.189774999713009 ], [ -93.01693999943376, 38.191281999654308 ], [ -93.022398999326313, 38.199150000073182 ], [ -93.019999999816349, 38.204796999936576 ], [ -93.018451999972413, 38.206475999768465 ], [ -93.014476999836106, 38.209310000310886 ], [ -93.012039999451815, 38.210224000530495 ], [ -93.009195000243452, 38.210636999645885 ], [ -92.995895000054247, 38.210027999759319 ], [ -92.988293999941831, 38.21042799965268 ], [ -92.985793999954041, 38.21092800021232 ], [ -92.983894000240397, 38.212428000049691 ], [ -92.9831939996416, 38.214428000153525 ], [ -92.983294000174482, 38.217728000033659 ], [ -92.983994999910777, 38.21952799984556 ], [ -92.985094999802328, 38.220427999552903 ], [ -92.987094999122121, 38.220928000170439 ], [ -92.992895000412261, 38.22102800042618 ], [ -92.995895000516001, 38.220328000075114 ], [ -92.999595000632468, 38.220228000176277 ], [ -93.005650000309473, 38.222704999803064 ], [ -93.010499999661718, 38.231611000185652 ], [ -93.013742999949244, 38.241463999940372 ], [ -93.016533999735216, 38.24491199975126 ], [ -93.020638999456963, 38.248154999751577 ], [ -93.034834999632835, 38.257077000236187 ], [ -93.042474999506467, 38.265180000403305 ], [ -93.046306000391724, 38.267756999672955 ], [ -93.051090000738412, 38.270092999487758 ], [ -93.056666000155573, 38.271737000230445 ], [ -93.061136000800417, 38.271615999848009 ], [ -93.066511000076915, 38.270770999427249 ], [ -93.07261099967883, 38.267448999424914 ], [ -93.077692000535023, 38.263091999866901 ], [ -93.072566000129726, 38.375252000058168 ], [ -93.068968999743277, 38.433697000219063 ], [ -93.068762999573508, 38.4422730005342 ], [ -93.07205400067393, 38.442273999799724 ], [ -93.067352000295429, 38.530093999620703 ], [ -93.178542000363223, 38.534059999835691 ], [ -93.29045400023351, 38.535388000471507 ], [ -93.291850999690482, 38.506320999984325 ], [ -93.512742999832668, 38.512476000279015 ], [ -93.511030000748278, 38.556209999973348 ], [ -93.619767999838345, 38.559082999882015 ], [ -93.962207000039669, 38.565010000354881 ], [ -94.11966400037592, 38.568711999577332 ], [ -94.116407999944556, 38.65551799994082 ], [ -94.12937199919854, 38.655861999786389 ], [ -94.125077999267631, 38.744223999971524 ], [ -94.124393000699584, 38.744838999766955 ], [ -94.124053000068685, 38.751839000258585 ], [ -94.122824000042101, 38.757882000313622 ], [ -94.120626000359323, 38.817616999774003 ], [ -94.119577999679237, 38.832872000418121 ], [ -94.11872099997467, 38.833310000212357 ], [ -94.116509999343506, 38.869672999961047 ], [ -94.115959999912846, 38.870997999665683 ], [ -94.113633999662795, 38.916963999454495 ], [ -94.114175000287091, 38.917304000055672 ], [ -94.114269999982682, 38.928569999798754 ], [ -94.112991000168108, 38.960619999972231 ], [ -94.111478000050226, 38.982862000550092 ], [ -94.113101000081244, 38.983183999389787 ], [ -94.116039000906383, 38.98315500010245 ], [ -94.116554000271364, 38.982803000644374 ], [ -94.127866999723352, 38.983099999993385 ], [ -94.12784999999505, 38.981933000540337 ], [ -94.128578000980824, 38.982200999893145 ], [ -94.129174000140139, 38.981077999667846 ], [ -94.12778000049785, 38.98043400018333 ], [ -94.127869999992996, 38.975945999760448 ], [ -94.130487999677314, 38.97597799969467 ], [ -94.130323000431432, 38.979539999425491 ], [ -94.133819999812559, 38.979663999779127 ], [ -94.13378099999376, 38.981666999690738 ], [ -94.135155999822274, 38.981627000112105 ], [ -94.135089999908658, 38.98321199998442 ], [ -94.137820000310469, 38.983291000007789 ], [ -94.1372850004893, 38.984179999709873 ], [ -94.136445000157764, 38.984167000585039 ], [ -94.136404999843819, 38.985089000144214 ], [ -94.134984000419905, 38.985054999777738 ], [ -94.134406000050632, 38.990317999494387 ], [ -94.139000000620257, 38.990445999375503 ], [ -94.138801999980984, 38.993976000306553 ], [ -94.143558999317136, 38.994161999785597 ], [ -94.143581000658813, 38.992997000012899 ], [ -94.145217000432154, 38.993027000298127 ], [ -94.145209000315575, 38.994310999783636 ], [ -94.148226999888919, 38.994382000082283 ], [ -94.148431999632507, 38.99047700018329 ], [ -94.151093999853472, 38.990041999946797 ], [ -94.153010000945287, 38.988186999908834 ], [ -94.152952999992038, 38.99094800000168 ], [ -94.157659000177958, 38.991039000372858 ], [ -94.157362999604601, 38.998305999966036 ], [ -94.152536999299485, 38.998209999737647 ], [ -94.152610000544556, 39.004947999537272 ], [ -94.156484000043832, 39.00609400041445 ], [ -94.159796999348572, 39.00786300049856 ], [ -94.170237999476015, 39.017403000441291 ], [ -94.172705000170311, 39.016832999621755 ], [ -94.178336999967669, 39.018557000499861 ], [ -94.180844000419171, 39.018094999935236 ], [ -94.184620999859277, 39.014019999696885 ], [ -94.186185999936271, 39.013371000322579 ], [ -94.186350000528847, 39.01133899960152 ], [ -94.187352999787095, 39.010158000127333 ], [ -94.189898999020073, 39.010138999520116 ], [ -94.191885000853134, 39.009105999913203 ], [ -94.194608000218096, 39.008821000136884 ], [ -94.196683000207059, 39.007789000041058 ], [ -94.19846800014497, 39.007566999976014 ], [ -94.199038999937699, 38.99241399957932 ], [ -94.208261999864419, 38.992716000148647 ], [ -94.208609999319805, 38.985502000056641 ], [ -94.210948999594635, 38.985587000093872 ], [ -94.210782000734312, 38.989091000219503 ], [ -94.217777999200393, 38.989336000508303 ], [ -94.217736999328707, 38.990531999835326 ], [ -94.21637299959508, 38.990477999804469 ], [ -94.216335999366081, 38.991183000042653 ], [ -94.214202000037076, 38.99111300020612 ], [ -94.214117999629835, 38.992938000587721 ], [ -94.22692700093863, 38.993382000423175 ], [ -94.227089999873456, 38.989766999596931 ], [ -94.231723999958433, 38.989902999307667 ], [ -94.231021000582629, 39.007939000030476 ], [ -94.2403680000413, 39.008084000578421 ], [ -94.240160999498968, 39.011698000088728 ], [ -94.235469999851304, 39.012713000130574 ], [ -94.23535400039431, 39.014348000071124 ], [ -94.231828999445611, 39.01450900010331 ], [ -94.231705000684002, 39.016225999860346 ], [ -94.233816000214802, 39.016147999730961 ], [ -94.233565999941632, 39.017531000295001 ], [ -94.230536999733033, 39.018492999646398 ], [ -94.225951000068321, 39.018433999896729 ], [ -94.225788000899399, 39.022041000073358 ], [ -94.227182999458236, 39.022083999386581 ], [ -94.227052000258652, 39.024484000759962 ], [ -94.221661999539521, 39.023820000514107 ], [ -94.221430000249995, 39.028823000722987 ], [ -94.221032999892529, 39.029159999842392 ], [ -94.225966000155822, 39.029326999623763 ], [ -94.225850000020188, 39.032541000161856 ], [ -94.227771999747446, 39.032861999800069 ], [ -94.227743999792921, 39.033492999916923 ], [ -94.228569999634288, 39.033525000368677 ], [ -94.228541000170296, 39.034169999577955 ], [ -94.229773000108551, 39.034215999833712 ], [ -94.229600000593209, 39.036733000078122 ], [ -94.22509099997427, 39.036573000151506 ], [ -94.225183999711817, 39.038725999590788 ], [ -94.222884000360168, 39.038690999715953 ], [ -94.22286099960408, 39.039497000041621 ], [ -94.225266999938626, 39.040687999889272 ], [ -94.226904999475963, 39.040846000149585 ], [ -94.226900999334802, 39.040266999577781 ], [ -94.229627000302742, 39.040356000650064 ], [ -94.229489999619915, 39.045322999759215 ], [ -94.234132999463526, 39.045585999859874 ], [ -94.233912999412254, 39.051393999901137 ], [ -94.238524000325441, 39.051457999935145 ], [ -94.238547999853154, 39.050670999531569 ], [ -94.240770000341783, 39.050765999461298 ], [ -94.240704000740109, 39.051760999979258 ], [ -94.240904000711609, 39.051358999767025 ], [ -94.241671999284321, 39.051390000446837 ], [ -94.241631000000609, 39.052039000126427 ], [ -94.24312199996892, 39.051939000159564 ], [ -94.24325699945922, 39.048302999520189 ], [ -94.247862999921182, 39.048272999772927 ], [ -94.250454000230448, 39.048372999809892 ], [ -94.250312000049448, 39.052042000099227 ], [ -94.254898000239663, 39.05210000009864 ], [ -94.254925999727206, 39.051469999605359 ], [ -94.256003999954629, 39.051516000117992 ], [ -94.255980000017445, 39.052157000502653 ], [ -94.256859000031994, 39.05221699984255 ], [ -94.257071999710547, 39.048629999966664 ], [ -94.258220000395426, 39.048683000194949 ], [ -94.258043000058279, 39.052325999587389 ], [ -94.261503000516484, 39.05245300029339 ], [ -94.261311000231402, 39.056938000187571 ], [ -94.256700000893971, 39.056764000351976 ], [ -94.25666600056185, 39.05773199983345 ], [ -94.26126899974409, 39.057879000654559 ], [ -94.261219999978323, 39.059711000020421 ], [ -94.263466999565821, 39.059772000041988 ], [ -94.263360000352733, 39.063394000033803 ], [ -94.270252999810793, 39.063734000170214 ], [ -94.270208000192866, 39.065254000195935 ], [ -94.27424000025681, 39.065432999741688 ], [ -94.274198999260463, 39.066149000305685 ], [ -94.277471999618868, 39.066232999563617 ], [ -94.277280000724986, 39.064560000355243 ], [ -94.269809999640586, 39.056561999438458 ], [ -94.269796000054072, 39.053402999773283 ], [ -94.270790999746154, 39.05341200003901 ], [ -94.270812999524466, 39.05282400018131 ], [ -94.29348700044838, 39.053919999771715 ], [ -94.298185000008274, 39.053056000177165 ], [ -94.315304999793838, 39.054104000446209 ], [ -94.315376000570765, 39.05148599991265 ], [ -94.312570999603395, 39.049779000107215 ], [ -94.312661000407914, 39.044615999709329 ], [ -94.30549600028283, 39.03732499988395 ], [ -94.305426000155094, 39.034752999585066 ], [ -94.330689000793456, 39.038042999778234 ], [ -94.330661000343014, 39.037566999765502 ], [ -94.332202000060576, 39.037774000058896 ], [ -94.332359999225787, 39.032992000069683 ], [ -94.337069999454229, 39.032684000410775 ], [ -94.337148999726935, 39.029182999967063 ], [ -94.334265999861771, 39.029108000405259 ], [ -94.334113999381955, 39.028707000471066 ], [ -94.333465000194593, 39.028945000753417 ], [ -94.332728999608008, 39.027995999974237 ], [ -94.331104999818365, 39.028000999856005 ], [ -94.329440999671675, 39.026927000385236 ], [ -94.32781400018736, 39.026951000377288 ], [ -94.327893000228855, 39.025264000589033 ], [ -94.330629000363373, 39.025315000140687 ], [ -94.331442000124554, 39.021524000192045 ], [ -94.332375999413927, 39.021797999786926 ], [ -94.332151000219966, 39.023360000121116 ], [ -94.332938000437665, 39.02348599973952 ], [ -94.332818000889276, 39.024966999337664 ], [ -94.337416000711045, 39.023764999584465 ], [ -94.339804000278221, 39.025614000017718 ], [ -94.36339799958526, 39.026312000210638 ], [ -94.36535100003546, 39.024007000639521 ], [ -94.370301999079118, 39.023968999370993 ], [ -94.371809999658353, 39.022856999594772 ], [ -94.374282999922528, 39.023213999818473 ], [ -94.373652999936255, 39.021813000111713 ], [ -94.374158000255278, 39.020617000080655 ], [ -94.375353999882577, 39.01992800007875 ], [ -94.376849999968613, 39.019849000148668 ], [ -94.377626999307026, 39.019072999711781 ], [ -94.379027999397721, 39.020195000262689 ], [ -94.381764000474988, 39.020684999752227 ], [ -94.383632000224566, 39.018011999434016 ], [ -94.384237999880909, 39.018245999785847 ], [ -94.386944000110304, 39.017623000376737 ], [ -94.385931000701731, 39.015043000303983 ], [ -94.387452999547705, 39.006762999654271 ], [ -94.388265000785694, 39.005027999502865 ], [ -94.387938999768195, 39.00133000051018 ], [ -94.388836999950101, 38.994679999999342 ], [ -94.388439000406393, 38.981481000242098 ], [ -94.389871999788141, 38.972977999712867 ], [ -94.38544799984146, 38.9728389995852 ], [ -94.38609899908964, 38.958146000176043 ], [ -94.395663000737869, 38.958146999507662 ], [ -94.395618000506957, 38.961206999806095 ], [ -94.400147000740375, 38.961290999460275 ], [ -94.400120000252102, 38.962229999784277 ], [ -94.40220800005433, 38.962261999930377 ], [ -94.404704000598173, 38.965741000701207 ], [ -94.406981999906733, 38.965838000310406 ], [ -94.406934000089933, 38.964159000233977 ], [ -94.404682000082104, 38.964073999643837 ], [ -94.404761000211138, 38.962194999665599 ], [ -94.409010999541096, 38.958709000153199 ], [ -94.41009100055048, 38.958612000108239 ], [ -94.41033700006713, 38.955339000499599 ], [ -94.41442100044388, 38.955600999715784 ], [ -94.414806000364706, 38.951128000195396 ], [ -94.412343000445915, 38.949615999841512 ], [ -94.410513999977653, 38.94721400011683 ], [ -94.409508000211403, 38.94251900053024 ], [ -94.410206000192176, 38.94075099934858 ], [ -94.447878999854765, 38.942571999628676 ], [ -94.44877600062874, 38.928063999590123 ], [ -94.449710000064286, 38.928113000028091 ], [ -94.450034000003782, 38.923751000002667 ], [ -94.464526999981075, 38.924361999924876 ], [ -94.469544000514603, 38.923350000473341 ], [ -94.472551999752909, 38.921327999869106 ], [ -94.474063000242552, 38.921354000031123 ], [ -94.475493999576628, 38.922226999366067 ], [ -94.480604000131507, 38.918474000198351 ], [ -94.48169500034146, 38.915899999844086 ], [ -94.483885000389392, 38.915891000080833 ], [ -94.48442400016819, 38.908840999793441 ], [ -94.48631500002972, 38.908902000238356 ], [ -94.48634100009437, 38.909486000434342 ], [ -94.487247999825456, 38.90952699994623 ], [ -94.487428999074268, 38.907188000224373 ], [ -94.505797000610897, 38.907791000095131 ], [ -94.505718000179499, 38.908795999404781 ], [ -94.507425999640319, 38.908951999874098 ], [ -94.5073809997144, 38.90964700001274 ], [ -94.511705999429822, 38.909056000511562 ], [ -94.512351000366536, 38.910835000134533 ], [ -94.514173000481748, 38.910770000710663 ], [ -94.514397000454693, 38.909212999274708 ], [ -94.515518999768091, 38.909270999679698 ], [ -94.515528999675936, 38.911050999874504 ], [ -94.516854000515707, 38.913016999632944 ], [ -94.51329300037159, 38.915457000091344 ], [ -94.514271999733069, 38.915588999955851 ], [ -94.514430000405326, 38.916246000394551 ], [ -94.512355999982276, 38.918775999448364 ], [ -94.511354000356221, 38.92266200003337 ], [ -94.518957000057711, 38.923051000023094 ], [ -94.52089399951511, 38.924568999463112 ], [ -94.523045999810691, 38.924897999760262 ], [ -94.522556000511258, 38.938465999664672 ], [ -94.531643999436625, 38.938826000204472 ], [ -94.53424699989543, 38.940318000376777 ], [ -94.535194000174513, 38.942581000101519 ], [ -94.536230999412041, 38.940478000154705 ], [ -94.53657299976885, 38.941142999937668 ], [ -94.540292000125774, 38.939047000028573 ], [ -94.543913999680001, 38.938549000402233 ], [ -94.582644000572387, 38.940386000638973 ], [ -94.582600999307104, 38.941881000077153 ], [ -94.583848999147321, 38.941197999721943 ], [ -94.587344000533434, 38.941206999444837 ], [ -94.586827000065853, 38.94846300008129 ], [ -94.586923999983114, 38.950294999850179 ], [ -94.587494999570964, 38.950361999407747 ], [ -94.587479999382779, 38.95087200018186 ], [ -94.586663000228867, 38.955557000624424 ], [ -94.582002999990692, 38.955523000370349 ], [ -94.579659000096953, 39.003862999930249 ], [ -94.578073000026848, 39.003814000042397 ], [ -94.578065999655522, 39.005670000524916 ], [ -94.579564000134454, 39.005802000334974 ], [ -94.579517000180743, 39.006961000124235 ], [ -94.577509999660577, 39.008242000098505 ], [ -94.576808000161861, 39.007546000454084 ], [ -94.574890000158675, 39.007326999685191 ], [ -94.570274000876509, 39.0860929999223 ], [ -94.57113999961112, 39.087241000243878 ], [ -94.571906000415268, 39.091415999926802 ], [ -94.571482999744291, 39.097767000356576 ], [ -94.572558000642559, 39.099562999407894 ], [ -94.544466000067402, 39.09861600019179 ], [ -94.544306999312681, 39.101305000033214 ], [ -94.542897999600541, 39.101202999893744 ], [ -94.542844999536769, 39.10174399960389 ], [ -94.544241000141938, 39.102255000721222 ], [ -94.54410300028708, 39.10517399976009 ], [ -94.545954999752695, 39.105229999613542 ], [ -94.545941999444125, 39.1061530003972 ], [ -94.571060999754692, 39.107032000213657 ], [ -94.571873000097469, 39.109503000307278 ], [ -94.57428800030813, 39.109028999650256 ], [ -94.574877000102759, 39.110888999240153 ], [ -94.576099999724917, 39.110654000322 ], [ -94.576838999505256, 39.112867999787866 ], [ -94.577908000635134, 39.112674000298192 ], [ -94.578824999973321, 39.117476000496126 ], [ -94.592248000444286, 39.111173999901098 ], [ -94.595725000054188, 39.110003999911832 ], [ -94.598662999785248, 39.109831000405663 ], [ -94.603901000304333, 39.110915999487908 ], [ -94.607353999748398, 39.113444000534727 ], [ -94.60716699997036, 39.064601000446515 ], [ -94.608457000298884, 38.97929799971638 ], [ -94.60762499989886, 38.827560000237789 ], [ -94.609079999761875, 38.738098999710878 ], [ -94.611584999191706, 38.634738999984506 ], [ -94.612432999839186, 38.500014000131692 ], [ -94.613367999744654, 38.456303000463976 ], [ -94.612463000757046, 38.22395600030088 ], [ -94.613857000134203, 38.149770000234646 ], [ -94.614013999561507, 38.002374999316771 ], [ -94.61415499983346, 37.978564999873115 ], [ -94.614539999843956, 37.978171000317438 ], [ -94.614110999659701, 37.973797000336972 ], [ -94.614554999333066, 37.97060500029648 ], [ -94.615170000254722, 37.906180000200585 ], [ -94.617669000247147, 37.776192999942637 ], [ -94.617966000064939, 37.682217000403206 ], [ -94.616724000422451, 37.506903999755764 ], [ -94.617569999600192, 37.364169999799977 ], [ -94.589771000493485, 37.363812999342954 ], [ -94.52880599987121, 37.361743999717966 ], [ -94.463223000208956, 37.35860199947593 ], [ -94.42593400063582, 37.357382000105346 ], [ -94.392821000002328, 37.356879999895391 ], [ -94.392844999261996, 37.356429999310983 ], [ -94.311092000193526, 37.354849999855297 ], [ -94.267634000321408, 37.353307000342099 ], [ -94.237269000088403, 37.353069000070548 ], [ -94.191832999410551, 37.351703000361432 ], [ -94.082083000167671, 37.349291000508451 ], [ -94.083832999569751, 37.290851000130893 ], [ -93.985825000268164, 37.288458000049516 ], [ -93.953021000350731, 37.288076999993137 ], [ -93.948411999684126, 37.287666000129683 ], [ -93.875210999545303, 37.287100999722391 ], [ -93.626368999740308, 37.281968999798281 ], [ -93.625841999404727, 37.282046999830563 ], [ -93.621153000089365, 37.427422999902404 ], [ -93.511740999328893, 37.425032999989355 ], [ -93.511632999372523, 37.425390000289497 ], [ -93.509344000596741, 37.425380999678381 ], [ -93.462101999761856, 37.424473999729898 ], [ -93.32878399959607, 37.420567999897315 ], [ -93.273540000597762, 37.419249999969615 ], [ -93.239087999995206, 37.418943000622257 ], [ -93.138183999753224, 37.415944000170718 ], [ -93.073379999962583, 37.414989000303443 ], [ -93.074663999672083, 37.375700999817433 ], [ -93.076775000299378, 37.270598999370158 ], [ -93.068450000040315, 37.270935000070232 ], [ -93.068320000044409, 37.27641700003246 ], [ -93.068127000271147, 37.274403000167254 ], [ -93.065386000486427, 37.274337999864777 ], [ -93.065402000347632, 37.271379000355871 ], [ -93.058127000285467, 37.272813000054136 ], [ -93.05805699990826, 37.272196999508999 ], [ -93.047751000145482, 37.27431700025636 ], [ -93.044926000188994, 37.276252999538926 ], [ -93.04376199946681, 37.279540000211391 ], [ -93.039683000172204, 37.278378999799138 ], [ -93.03732699980192, 37.278391999929546 ], [ -93.036654999360763, 37.277516000640624 ], [ -93.038556000634628, 37.275532000128088 ], [ -93.038107999500212, 37.274465000686916 ], [ -93.038501999462156, 37.272743000069262 ], [ -93.040724000373245, 37.272307000422693 ], [ -93.041072999804399, 37.270726999428938 ], [ -93.046246999911759, 37.270817999727988 ], [ -93.038421000191718, 37.265184999760798 ], [ -93.037863999970085, 37.265540000126784 ], [ -93.035959999904307, 37.265225000050684 ], [ -93.033428999739897, 37.265632999947556 ], [ -93.026929000109334, 37.263535000362992 ], [ -93.017045000015514, 37.263144999568524 ], [ -93.017066999942031, 37.25662199978153 ], [ -93.013958999844363, 37.257125999735969 ], [ -93.012371999718439, 37.255960000049534 ], [ -93.011305999780944, 37.25719099996796 ], [ -93.009954999934791, 37.262079999742312 ], [ -93.008186999574662, 37.263930999583188 ], [ -93.005560999926871, 37.263023999908661 ], [ -93.001739000453242, 37.262642999985907 ], [ -92.99832799994573, 37.263297000395511 ], [ -92.995819999909457, 37.265100000129209 ], [ -92.997478999868932, 37.267358000098639 ], [ -92.997011999768461, 37.268325000108135 ], [ -92.993711999508179, 37.269139999780322 ], [ -92.992035999178356, 37.270343999818337 ], [ -92.989731999556994, 37.269466000176756 ], [ -92.986470999687413, 37.26640100017795 ], [ -92.98308800009606, 37.266605999377511 ], [ -92.979849999817574, 37.267646000264463 ], [ -92.978565000434799, 37.268623999734764 ], [ -92.971130000493773, 37.268233999574157 ], [ -92.971553000339924, 37.24801799976553 ], [ -92.974218000160263, 37.248117999869372 ], [ -92.980945999570423, 37.243900000328502 ], [ -92.979418999201982, 37.243426000039783 ], [ -92.979248999830162, 37.242193000044502 ], [ -92.975765999384507, 37.239430000143813 ], [ -92.971782000174542, 37.237147999766286 ], [ -92.971860999635695, 37.233505999779609 ], [ -92.953920000005454, 37.233412999987195 ], [ -92.953973000195234, 37.236026000210096 ], [ -92.952954999325186, 37.236077999873565 ], [ -92.95066399966835, 37.23553100058119 ], [ -92.949187000609911, 37.234602000536029 ], [ -92.944050000454922, 37.233865999837889 ], [ -92.94376099996127, 37.243554999986003 ], [ -92.935006999863205, 37.243181000202348 ], [ -92.934851000811193, 37.247102000072857 ], [ -92.916561999448959, 37.246120999975027 ], [ -92.916751999458143, 37.242487000558448 ], [ -92.898645999774615, 37.241850999862294 ], [ -92.898487999706262, 37.245527000340729 ], [ -92.879809000515891, 37.244671999885391 ], [ -92.797840999350086, 37.243053000059348 ], [ -92.679659000554111, 37.242362999757759 ], [ -92.678969999427053, 37.263149000162642 ], [ -92.692303000327996, 37.263513999839653 ], [ -92.690470999705113, 37.350647000261809 ], [ -92.689571000125085, 37.3506469999638 ], [ -92.688322999340087, 37.429817000365631 ], [ -92.688072000877057, 37.43774599987195 ], [ -92.687572000503422, 37.437745999828621 ], [ -92.686670999551339, 37.481544999700098 ], [ -92.585996000198918, 37.479090999649614 ], [ -92.543168000060007, 37.478545000113918 ], [ -92.522068000474533, 37.477044999898517 ], [ -92.4870989993248, 37.476021000279935 ], [ -92.371534999646556, 37.473643000386751 ], [ -92.359800000023213, 37.473858000077918 ], [ -92.306162999246752, 37.472945000313672 ], [ -92.305963000039853, 37.473645000372287 ], [ -92.252260999815846, 37.472943999795994 ], [ -92.249462999470225, 37.604542999354699 ], [ -92.18326100061735, 37.605242999869049 ], [ -92.029257999513234, 37.602542000364288 ], [ -92.028559999236521, 37.70684099958298 ], [ -92.026828999663323, 37.706840999875176 ], [ -92.025560000561811, 37.750039999875924 ], [ -92.022863000207067, 37.880739999783032 ], [ -92.022463000133143, 37.880740000027181 ], [ -92.02264300016013, 37.896251000022531 ], [ -92.021133999821714, 37.963774000019008 ], [ -92.021165000395499, 38.010639000273898 ] ] ] } },
{ "type": "Feature", "properties": { "district": 5 }, "geometry": { "type": "Polygon", "coordinates": [ [ [ -92.314471000439113, 39.246454000293269 ], [ -92.313706000463313, 39.25240799958101 ], [ -92.313164999616831, 39.275516000064798 ], [ -92.309317999563206, 39.360573000175599 ], [ -92.300927999842088, 39.605458999973713 ], [ -92.493606999829012, 39.607632000210231 ], [ -92.565597999339829, 39.609051999738789 ], [ -92.604020999540964, 39.608998000296317 ], [ -92.696591999787401, 39.610371000011583 ], [ -92.700209000011071, 39.530481000415811 ], [ -92.700458999744995, 39.517826999662205 ], [ -92.699925000176719, 39.517838999572419 ], [ -92.699869000505942, 39.51438299981686 ], [ -92.703143000501427, 39.436798000472336 ], [ -92.704814000769531, 39.375027999726953 ], [ -92.707366999556015, 39.321614000287063 ], [ -92.790368999653396, 39.343586000396066 ], [ -92.835852999346827, 39.251070999892839 ], [ -92.849223999998173, 39.226217999561335 ], [ -92.849070000226618, 39.230611999977917 ], [ -92.85070199965665, 39.233142000320029 ], [ -92.854935000077703, 39.23553700035756 ], [ -92.860149999697569, 39.236501999720254 ], [ -92.862850999738882, 39.236436999982068 ], [ -92.867847999822075, 39.235079999709313 ], [ -92.872606000750991, 39.232980999903617 ], [ -92.884140000479817, 39.225195000633462 ], [ -92.892788000146169, 39.222506999791548 ], [ -92.896193999642776, 39.221896999831877 ], [ -92.906141999387188, 39.22233900015965 ], [ -92.911668999775415, 39.223945999870907 ], [ -92.915197000527755, 39.226261999674492 ], [ -92.919572000689953, 39.231615000263915 ], [ -92.91996800024431, 39.232952999666786 ], [ -92.919968999645249, 39.240208000030648 ], [ -92.917193999840961, 39.245142999967207 ], [ -92.91568099963925, 39.250030999893021 ], [ -92.915468999993067, 39.253378999718471 ], [ -92.91674899958079, 39.257939999390658 ], [ -92.918445999365431, 39.259769000373225 ], [ -92.923616999345413, 39.263375999783911 ], [ -92.926622999511309, 39.264458000160012 ], [ -92.938989999916558, 39.267146999537289 ], [ -92.947402999570841, 39.270094000136069 ], [ -92.950470000100523, 39.271993000770351 ], [ -92.956120999812043, 39.277163000097474 ], [ -92.957766000284806, 39.27933600045121 ], [ -92.958977999477469, 39.283041000533551 ], [ -92.957986000129566, 39.288063000464412 ], [ -92.954924999968981, 39.293816999560526 ], [ -92.953272999782072, 39.298457000036812 ], [ -92.953401999887802, 39.302751999741702 ], [ -92.954288999291066, 39.306345999941108 ], [ -92.956414000105681, 39.309285000061514 ], [ -92.959801000181812, 39.312526000107425 ], [ -92.968462000468037, 39.315179999604581 ], [ -92.971591999950675, 39.315600000142837 ], [ -92.976802999608864, 39.315480000393734 ], [ -93.001932999913677, 39.312994999463172 ], [ -93.007306000689894, 39.313341999552598 ], [ -93.014919000884234, 39.312874999847509 ], [ -93.023775999640293, 39.313115000412864 ], [ -93.031010000580395, 39.314381999325242 ], [ -93.044755000691438, 39.317666000682422 ], [ -93.052043000115304, 39.320724999868425 ], [ -93.061533000251785, 39.32556600009211 ], [ -93.065403000176829, 39.328293000122656 ], [ -93.070590000033192, 39.332794000476824 ], [ -93.074437999186699, 39.337964999787829 ], [ -93.076948000221051, 39.342506000653351 ], [ -93.078053000417782, 39.347976999887521 ], [ -93.076360999606223, 39.360689999367843 ], [ -93.077083000618501, 39.365499999778805 ], [ -93.080289000425651, 39.371752000123159 ], [ -93.087759000790811, 39.378912000593829 ], [ -93.092577000559444, 39.381559999853977 ], [ -93.098584000421454, 39.383173999785747 ], [ -93.106071000582318, 39.383723999681969 ], [ -93.125199000217648, 39.377675000356298 ], [ -93.131867999641059, 39.377328000141745 ], [ -93.135507000335053, 39.377654000154742 ], [ -93.139631000006332, 39.378642999707424 ], [ -93.146081999451496, 39.381997000325704 ], [ -93.151991999532271, 39.387157999571485 ], [ -93.15653000057668, 39.392946999411571 ], [ -93.159481999514568, 39.39895200027668 ], [ -93.164321999548136, 39.40500700009423 ], [ -93.167221000002357, 39.407252999777199 ], [ -93.174464999707297, 39.411025999794241 ], [ -93.177450999532638, 39.411714000088118 ], [ -93.180646000041065, 39.411805000115706 ], [ -93.189435000079371, 39.410486000492199 ], [ -93.193100999732664, 39.409278000171 ], [ -93.196745999421907, 39.4068360003103 ], [ -93.199281999783693, 39.404311999588856 ], [ -93.200707999192829, 39.401787000082358 ], [ -93.200951000599858, 39.398890999752716 ], [ -93.198690000130654, 39.393266000014201 ], [ -93.197088000717187, 39.39043399973346 ], [ -93.191531000511048, 39.38379100008045 ], [ -93.189453000532538, 39.379828000114884 ], [ -93.188799999571202, 39.375023000288891 ], [ -93.189569000064012, 39.370382999771984 ], [ -93.192037000070712, 39.365704999620618 ], [ -93.206753000379337, 39.352390000582446 ], [ -93.209535999626183, 39.348572999515845 ], [ -93.2153489998948, 39.338106999617587 ], [ -93.221204000419746, 39.331656000466744 ], [ -93.225220999830952, 39.328862999500352 ], [ -93.228374000662896, 39.327932999709809 ], [ -93.230079000240963, 39.327876999997677 ], [ -93.241505000157218, 39.337037000302018 ], [ -93.24777600012537, 39.338668999996067 ], [ -93.252565000020581, 39.33887400063329 ], [ -93.255922000048884, 39.337837000185985 ], [ -93.263812999607808, 39.331009000497623 ], [ -93.267794999744581, 39.325116999532149 ], [ -93.266508999757846, 39.319721000126343 ], [ -93.269393000561735, 39.316549999771254 ], [ -93.277725000291852, 39.311548999721325 ], [ -93.283403999128453, 39.309903999994901 ], [ -93.294161000301557, 39.309213999841717 ], [ -93.310472999621922, 39.310744000444757 ], [ -93.324764000194165, 39.310615000722315 ], [ -93.332252000028248, 39.309606000212447 ], [ -93.336856000142419, 39.307031999752994 ], [ -93.340312000280647, 39.303352999428178 ], [ -93.344108999481875, 39.297179000219529 ], [ -93.344429999753984, 39.289363999935766 ], [ -93.341996000140085, 39.283648000031519 ], [ -93.337762999265991, 39.276900000200357 ], [ -93.332623999695471, 39.271305000230797 ], [ -93.328962000167962, 39.265483000150169 ], [ -93.328320000316651, 39.257076999930881 ], [ -93.329121000441006, 39.255081000102955 ], [ -93.333337000618059, 39.25001199985396 ], [ -93.33495700049923, 39.248874999346967 ], [ -93.353636999164678, 39.242763000123794 ], [ -93.357548000666441, 39.240697999883395 ], [ -93.369166000093017, 39.232752000126332 ], [ -93.375228000507335, 39.230727000102696 ], [ -93.388410999691331, 39.227426000329331 ], [ -93.396335000603486, 39.226339999793517 ], [ -93.399133000228417, 39.226436999946841 ], [ -93.403793999093821, 39.227437000346463 ], [ -93.407929000016608, 39.228996000139801 ], [ -93.411414000836942, 39.231057999549755 ], [ -93.415226000427026, 39.234923000435877 ], [ -93.415881999823981, 39.237823999858954 ], [ -93.415229999995347, 39.241796999979989 ], [ -93.413381000113844, 39.244556000297329 ], [ -93.406874000236115, 39.250900999909319 ], [ -93.404497999896961, 39.254222000222754 ], [ -93.403029000228088, 39.257980000247677 ], [ -93.402903000696085, 39.260053999436487 ], [ -93.40344100063426, 39.261432000023028 ], [ -93.405808999824188, 39.264193999821963 ], [ -93.409362000691459, 39.266295000253102 ], [ -93.413923999819957, 39.267752999514947 ], [ -93.418109000388597, 39.268056000150771 ], [ -93.432959999882897, 39.267262000021191 ], [ -93.440554000056792, 39.267821000673216 ], [ -93.444231000039721, 39.268524999772801 ], [ -93.450713999687423, 39.272975000069849 ], [ -93.45587300029635, 39.28533200009187 ], [ -93.459907999419315, 39.289375000024386 ], [ -93.464984999622999, 39.292370000499687 ], [ -93.466503999501157, 39.292767000103559 ], [ -93.473271999427624, 39.293296000245832 ], [ -93.478253999290047, 39.292665999739441 ], [ -93.483700000705028, 39.290248999772508 ], [ -93.489888999775928, 39.285144999390305 ], [ -93.49201800005639, 39.282938000058444 ], [ -93.493340000280654, 39.280669999697061 ], [ -93.495377000448684, 39.275458999887178 ], [ -93.496323000114685, 39.27002200030595 ], [ -93.496220999754811, 39.264890999646155 ], [ -93.49326599930292, 39.252816999806313 ], [ -93.487610999426963, 39.238338000005108 ], [ -93.48657300055757, 39.233860999565636 ], [ -93.487884999909639, 39.228874999764344 ], [ -93.489284000184895, 39.226297000478802 ], [ -93.491960000175027, 39.223460999809674 ], [ -93.498663000231247, 39.219513999922839 ], [ -93.500211000280487, 39.218004999823172 ], [ -93.505069000259454, 39.216819000014304 ], [ -93.516063000489979, 39.215289000642848 ], [ -93.528431999459471, 39.214891999688611 ], [ -93.537166999583306, 39.215653000395491 ], [ -93.544047000301575, 39.215762000063613 ], [ -93.55152800011119, 39.217017000076098 ], [ -93.563191999856656, 39.220019999930216 ], [ -93.565778000152633, 39.222503000666187 ], [ -93.567706999685385, 39.227174000363839 ], [ -93.568926000429428, 39.22860500019528 ], [ -93.57808799988841, 39.236135999686944 ], [ -93.583555999604457, 39.238965000318608 ], [ -93.58582899996992, 39.240759999808795 ], [ -93.592816999841176, 39.242058999430782 ], [ -93.595938999691285, 39.242061999901296 ], [ -93.60518800049887, 39.240843999698811 ], [ -93.607335999879353, 39.242022999615187 ], [ -93.608931999815923, 39.241731000202307 ], [ -93.613418999598025, 39.242520000085364 ], [ -93.627454999742525, 39.242971999559551 ], [ -93.629184999686771, 39.243532999933393 ], [ -93.632291999329723, 39.24582500002019 ], [ -93.636380999749079, 39.247172000485961 ], [ -93.640583999862542, 39.247305999465496 ], [ -93.643135999430825, 39.245498999621418 ], [ -93.644407000674079, 39.245202000088582 ], [ -93.646738999273651, 39.245861999733386 ], [ -93.650152000070477, 39.248115000728497 ], [ -93.652816000433518, 39.248252000205625 ], [ -93.655211000179818, 39.247324999790081 ], [ -93.65755400010076, 39.245361000300761 ], [ -93.656064999981268, 39.241383000107156 ], [ -93.65749299966896, 39.238779999996126 ], [ -93.660983000826334, 39.237494999811069 ], [ -93.661901000415057, 39.235782000471893 ], [ -93.666473000012559, 39.235477000292136 ], [ -93.674331999293543, 39.233966000195196 ], [ -93.68159500009277, 39.231235000587915 ], [ -93.685552999904743, 39.228551999960843 ], [ -93.689410999579991, 39.224716000118043 ], [ -93.693856999539051, 39.215858000463228 ], [ -93.696967999865635, 39.211874000140085 ], [ -93.700126000555699, 39.209683999895603 ], [ -93.702334999464398, 39.208798999752709 ], [ -93.707810000009246, 39.206894999266503 ], [ -93.711210000251498, 39.206261999851186 ], [ -93.71924599957137, 39.206395999374372 ], [ -93.728851000820882, 39.208437000035175 ], [ -93.738955999759767, 39.209654999720151 ], [ -93.745999999732447, 39.20948700011418 ], [ -93.76035800080632, 39.206636999777757 ], [ -93.774095000298928, 39.201681999685874 ], [ -93.778522999852299, 39.200573999554237 ], [ -93.784391000750162, 39.200209000175185 ], [ -93.788493999332189, 39.20103000030678 ], [ -93.794501999556786, 39.202983999779029 ], [ -93.799774999730161, 39.205205999829161 ], [ -93.802519000321595, 39.207271000671362 ], [ -93.810916999660805, 39.210936999827318 ], [ -93.818512999847869, 39.213655000002966 ], [ -93.824171999443877, 39.214896999602722 ], [ -93.84014700017741, 39.215467000421668 ], [ -93.848970999833398, 39.214540999908621 ], [ -93.855434000017581, 39.212874000170437 ], [ -93.872064000608063, 39.205951999765901 ], [ -93.875220000053801, 39.204080000232835 ], [ -93.899417000009052, 39.184538999392942 ], [ -93.901460999967554, 39.184502000304548 ], [ -93.904311000015241, 39.183465000029692 ], [ -93.909131000465507, 39.182504000323227 ], [ -93.927829999795193, 39.184386000372328 ], [ -93.932291000807524, 39.183757000085301 ], [ -93.940043000495848, 39.179689999741711 ], [ -93.940717999381022, 39.17874300006379 ], [ -93.941451000436714, 39.174973000226167 ], [ -93.943323000247872, 39.173825000052013 ], [ -93.944358000850329, 39.170221999514254 ], [ -93.944128000359484, 39.161888999941674 ], [ -93.942410999895785, 39.158082999746313 ], [ -93.951187000779072, 39.150217999812902 ], [ -93.958326999900706, 39.145168000452031 ], [ -93.961154999650518, 39.143562999607212 ], [ -93.969110999894696, 39.142275000286908 ], [ -93.973544000299498, 39.143272000364931 ], [ -93.979090999691238, 39.145465999921761 ], [ -93.984712999543362, 39.148988999906521 ], [ -93.988892000742013, 39.152785999737382 ], [ -93.986692000297879, 39.155817000203825 ], [ -93.986260000561245, 39.16126100019607 ], [ -93.983361000154318, 39.168524000242705 ], [ -93.98036600061603, 39.170820999588848 ], [ -93.975348000495842, 39.172736999424529 ], [ -93.967863000171121, 39.178134000255966 ], [ -93.96263199968179, 39.183084000069172 ], [ -93.961479000822393, 39.187524999510849 ], [ -93.961779000310955, 39.192120000543127 ], [ -93.964543999983803, 39.195986999782789 ], [ -93.966767999398598, 39.198266000364903 ], [ -93.971971000428169, 39.202175999830345 ], [ -93.978962999474149, 39.206046000654027 ], [ -93.98008800018772, 39.205874000339236 ], [ -93.988663999279169, 39.201638999901974 ], [ -94.028821999932788, 39.191594999563293 ], [ -94.032046000678889, 39.189960999417835 ], [ -94.03449400067727, 39.187945000273636 ], [ -94.035694999888861, 39.186185000164649 ], [ -94.036094000385944, 39.184169000427559 ], [ -94.035726999844996, 39.178121000138013 ], [ -94.034814999504079, 39.176393000329099 ], [ -94.028455000519628, 39.169030000339546 ], [ -94.025711000239582, 39.165000999420457 ], [ -94.024206000880213, 39.15453699993008 ], [ -94.036781999946044, 39.147320000242395 ], [ -94.045566000372858, 39.140840000146348 ], [ -94.056637999723833, 39.135543999919271 ], [ -94.062462999265335, 39.134279999917041 ], [ -94.072991000176657, 39.134023999918654 ], [ -94.078607000477618, 39.134246999551081 ], [ -94.087134999934946, 39.13554299978091 ], [ -94.096815000550095, 39.139158999586385 ], [ -94.10339099997401, 39.142422999630163 ], [ -94.114031999409335, 39.149713999556965 ], [ -94.122222999880307, 39.159306999686549 ], [ -94.124303000252837, 39.163286999802736 ], [ -94.126367000288198, 39.165782999894937 ], [ -94.129919000345893, 39.168903000381263 ], [ -94.133663999996656, 39.171239000016435 ], [ -94.138624000123457, 39.173126999982834 ], [ -94.147151999813659, 39.175174999900719 ], [ -94.159104000164263, 39.176838999819559 ], [ -94.176830999995943, 39.178118000310228 ], [ -94.181152000792878, 39.179013999510403 ], [ -94.185839999861685, 39.181030000296012 ], [ -94.186879999864232, 39.182437999976145 ], [ -94.187167999939518, 39.184133999712998 ], [ -94.18505600090954, 39.189285000159728 ], [ -94.181518999965263, 39.19261300024516 ], [ -94.176446999920344, 39.196037999443902 ], [ -94.170239000257766, 39.20448600053124 ], [ -94.169423000922791, 39.210614000028954 ], [ -94.170495000513512, 39.21231000040617 ], [ -94.17225499999283, 39.213382000389323 ], [ -94.176143000207233, 39.214148999396386 ], [ -94.186270999524197, 39.214084999947666 ], [ -94.190142999993114, 39.213012999866443 ], [ -94.199550999706673, 39.208197000525814 ], [ -94.204200000346162, 39.206694999772743 ], [ -94.207253999510712, 39.206323999430126 ], [ -94.211468000008793, 39.206786999538423 ], [ -94.216816000694976, 39.208004000577496 ], [ -94.221275000335723, 39.210133999747868 ], [ -94.228759000509712, 39.214649999763068 ], [ -94.232452999957559, 39.218448999953708 ], [ -94.235456000521154, 39.224427999874663 ], [ -94.238428999674099, 39.22821899964287 ], [ -94.243311000482748, 39.232004000499145 ], [ -94.250045999895107, 39.234845000191811 ], [ -94.255424000301787, 39.236218999881103 ], [ -94.267399999569875, 39.235396000239781 ], [ -94.289872999459206, 39.237107000492976 ], [ -94.301702999613184, 39.23302799963129 ], [ -94.304608999094398, 39.231410999843767 ], [ -94.308931999823486, 39.22735099986425 ], [ -94.311542999916696, 39.223572999393355 ], [ -94.314001999723018, 39.221267000216514 ], [ -94.316770000837138, 39.215731000128962 ], [ -94.319361999657716, 39.204611000405706 ], [ -94.320498000211288, 39.201763000268137 ], [ -94.322300000919284, 39.198665999415041 ], [ -94.328154999770817, 39.191231999723108 ], [ -94.33765900022307, 39.180741999890635 ], [ -94.341475999975344, 39.177471999937147 ], [ -94.346171999863259, 39.173881999858502 ], [ -94.350664000080855, 39.171425000647105 ], [ -94.354132000130846, 39.170450999452669 ], [ -94.36153999979912, 39.164655999472281 ], [ -94.36355600056946, 39.1636559997295 ], [ -94.365980000323589, 39.163226999617827 ], [ -94.369415000126935, 39.163676000400613 ], [ -94.378493999617163, 39.1703650004049 ], [ -94.380098000741825, 39.173450000350911 ], [ -94.384828000019937, 39.187203999999724 ], [ -94.389728000721448, 39.1935030002074 ], [ -94.395027999772239, 39.196303000567461 ], [ -94.401632000170295, 39.196993000172711 ], [ -94.407227999806807, 39.195302999829501 ], [ -94.408628000115172, 39.193602999942115 ], [ -94.40902499984233, 39.192104000144163 ], [ -94.402618999199362, 39.181199999478096 ], [ -94.399928000349618, 39.174803000288286 ], [ -94.402328000526879, 39.164766000190305 ], [ -94.405593000396621, 39.162589999913628 ], [ -94.417963000084967, 39.151144000149301 ], [ -94.423484999836461, 39.144068999572205 ], [ -94.430364999889363, 39.138025999898339 ], [ -94.440642000178528, 39.130779999924066 ], [ -94.455428999621915, 39.123104000632161 ], [ -94.461590000053235, 39.120371999964583 ], [ -94.467896000223774, 39.124954000720031 ], [ -94.469317999913685, 39.128838999896104 ], [ -94.469330000721342, 39.130703999586515 ], [ -94.47632999966666, 39.137004000130744 ], [ -94.484615999786129, 39.145503999429877 ], [ -94.489764000537136, 39.148308000078877 ], [ -94.495411000303861, 39.150393999391859 ], [ -94.506406000072957, 39.15091400045214 ], [ -94.512679000183368, 39.15045099981419 ], [ -94.52346300045015, 39.148771000502947 ], [ -94.529901000062679, 39.147331000116438 ], [ -94.53406099976047, 39.145908000317192 ], [ -94.531678000047293, 39.140820000409562 ], [ -94.515573000050495, 39.122448999629462 ], [ -94.513321999636617, 39.121073999742279 ], [ -94.507876000168466, 39.119607999462481 ], [ -94.50816100014714, 39.115731000078753 ], [ -94.50914899955967, 39.114855999540914 ], [ -94.509348000789188, 39.112125999540112 ], [ -94.512852000688753, 39.112258999681998 ], [ -94.51274699949775, 39.114058999645756 ], [ -94.515081000423038, 39.11413900007058 ], [ -94.515196000076543, 39.112345000114942 ], [ -94.530297999518808, 39.112849999753031 ], [ -94.530709000251107, 39.105622999909158 ], [ -94.545941999444125, 39.1061530003972 ], [ -94.545954999752695, 39.105229999613542 ], [ -94.54410300028708, 39.10517399976009 ], [ -94.544241000141938, 39.102255000721222 ], [ -94.542844999536769, 39.10174399960389 ], [ -94.542897999600541, 39.101202999893744 ], [ -94.544306999312681, 39.101305000033214 ], [ -94.544466000067402, 39.09861600019179 ], [ -94.572558000642559, 39.099562999407894 ], [ -94.571482999744291, 39.097767000356576 ], [ -94.571906000415268, 39.091415999926802 ], [ -94.57113999961112, 39.087241000243878 ], [ -94.570274000876509, 39.0860929999223 ], [ -94.574890000158675, 39.007326999685191 ], [ -94.576808000161861, 39.007546000454084 ], [ -94.577509999660577, 39.008242000098505 ], [ -94.579517000180743, 39.006961000124235 ], [ -94.579564000134454, 39.005802000334974 ], [ -94.578065999655522, 39.005670000524916 ], [ -94.578073000026848, 39.003814000042397 ], [ -94.579659000096953, 39.003862999930249 ], [ -94.582002999990692, 38.955523000370349 ], [ -94.586663000228867, 38.955557000624424 ], [ -94.587479999382779, 38.95087200018186 ], [ -94.587494999570964, 38.950361999407747 ], [ -94.586923999983114, 38.950294999850179 ], [ -94.586827000065853, 38.94846300008129 ], [ -94.587344000533434, 38.941206999444837 ], [ -94.583848999147321, 38.941197999721943 ], [ -94.582600999307104, 38.941881000077153 ], [ -94.582644000572387, 38.940386000638973 ], [ -94.543913999680001, 38.938549000402233 ], [ -94.540292000125774, 38.939047000028573 ], [ -94.53657299976885, 38.941142999937668 ], [ -94.536230999412041, 38.940478000154705 ], [ -94.535194000174513, 38.942581000101519 ], [ -94.53424699989543, 38.940318000376777 ], [ -94.531643999436625, 38.938826000204472 ], [ -94.522556000511258, 38.938465999664672 ], [ -94.523045999810691, 38.924897999760262 ], [ -94.52089399951511, 38.924568999463112 ], [ -94.518957000057711, 38.923051000023094 ], [ -94.511354000356221, 38.92266200003337 ], [ -94.512355999982276, 38.918775999448364 ], [ -94.514430000405326, 38.916246000394551 ], [ -94.514271999733069, 38.915588999955851 ], [ -94.51329300037159, 38.915457000091344 ], [ -94.516854000515707, 38.913016999632944 ], [ -94.515528999675936, 38.911050999874504 ], [ -94.515518999768091, 38.909270999679698 ], [ -94.514397000454693, 38.909212999274708 ], [ -94.514173000481748, 38.910770000710663 ], [ -94.512351000366536, 38.910835000134533 ], [ -94.511705999429822, 38.909056000511562 ], [ -94.5073809997144, 38.90964700001274 ], [ -94.507425999640319, 38.908951999874098 ], [ -94.505718000179499, 38.908795999404781 ], [ -94.505797000610897, 38.907791000095131 ], [ -94.487428999074268, 38.907188000224373 ], [ -94.487247999825456, 38.90952699994623 ], [ -94.48634100009437, 38.909486000434342 ], [ -94.48631500002972, 38.908902000238356 ], [ -94.48442400016819, 38.908840999793441 ], [ -94.483885000389392, 38.915891000080833 ], [ -94.48169500034146, 38.915899999844086 ], [ -94.480604000131507, 38.918474000198351 ], [ -94.475493999576628, 38.922226999366067 ], [ -94.474063000242552, 38.921354000031123 ], [ -94.472551999752909, 38.921327999869106 ], [ -94.469544000514603, 38.923350000473341 ], [ -94.464526999981075, 38.924361999924876 ], [ -94.450034000003782, 38.923751000002667 ], [ -94.449710000064286, 38.928113000028091 ], [ -94.44877600062874, 38.928063999590123 ], [ -94.447878999854765, 38.942571999628676 ], [ -94.410206000192176, 38.94075099934858 ], [ -94.409508000211403, 38.94251900053024 ], [ -94.410513999977653, 38.94721400011683 ], [ -94.412343000445915, 38.949615999841512 ], [ -94.414806000364706, 38.951128000195396 ], [ -94.41442100044388, 38.955600999715784 ], [ -94.41033700006713, 38.955339000499599 ], [ -94.41009100055048, 38.958612000108239 ], [ -94.409010999541096, 38.958709000153199 ], [ -94.404761000211138, 38.962194999665599 ], [ -94.404682000082104, 38.964073999643837 ], [ -94.406934000089933, 38.964159000233977 ], [ -94.406981999906733, 38.965838000310406 ], [ -94.404704000598173, 38.965741000701207 ], [ -94.40220800005433, 38.962261999930377 ], [ -94.400120000252102, 38.962229999784277 ], [ -94.400147000740375, 38.961290999460275 ], [ -94.395618000506957, 38.961206999806095 ], [ -94.395663000737869, 38.958146999507662 ], [ -94.38609899908964, 38.958146000176043 ], [ -94.38544799984146, 38.9728389995852 ], [ -94.389871999788141, 38.972977999712867 ], [ -94.388439000406393, 38.981481000242098 ], [ -94.388800999911908, 38.996265999339094 ], [ -94.387938999768195, 39.00133000051018 ], [ -94.388224000183229, 39.005408999811372 ], [ -94.387452999547705, 39.006762999654271 ], [ -94.385936000355471, 39.014984999763357 ], [ -94.386944000110304, 39.017623000376737 ], [ -94.384237999880909, 39.018245999785847 ], [ -94.383632000224566, 39.018011999434016 ], [ -94.382175000226866, 39.019553999896225 ], [ -94.382662000897909, 39.019745999997092 ], [ -94.38229199972811, 39.020459999641965 ], [ -94.381136999932707, 39.020701999947505 ], [ -94.379204999961601, 39.020248000217421 ], [ -94.377626999307026, 39.019072999711781 ], [ -94.376849999968613, 39.019849000148668 ], [ -94.375353999882577, 39.01992800007875 ], [ -94.374158000255278, 39.020617000080655 ], [ -94.373652999936255, 39.021813000111713 ], [ -94.374282999922528, 39.023213999818473 ], [ -94.371809999658353, 39.022856999594772 ], [ -94.370301999079118, 39.023968999370993 ], [ -94.36535100003546, 39.024007000639521 ], [ -94.36339799958526, 39.026312000210638 ], [ -94.339804000278221, 39.025614000017718 ], [ -94.337416000711045, 39.023764999584465 ], [ -94.332818000889276, 39.024966999337664 ], [ -94.332938000437665, 39.02348599973952 ], [ -94.332151000219966, 39.023360000121116 ], [ -94.332375999413927, 39.021797999786926 ], [ -94.331442000124554, 39.021524000192045 ], [ -94.330629000363373, 39.025315000140687 ], [ -94.327893000228855, 39.025264000589033 ], [ -94.32781400018736, 39.026951000377288 ], [ -94.329440999671675, 39.026927000385236 ], [ -94.331104999818365, 39.028000999856005 ], [ -94.332728999608008, 39.027995999974237 ], [ -94.333465000194593, 39.028945000753417 ], [ -94.334113999381955, 39.028707000471066 ], [ -94.334265999861771, 39.029108000405259 ], [ -94.337148999726935, 39.029182999967063 ], [ -94.337069999454229, 39.032684000410775 ], [ -94.332359999225787, 39.032992000069683 ], [ -94.332202000060576, 39.037774000058896 ], [ -94.330661000343014, 39.037566999765502 ], [ -94.330689000793456, 39.038042999778234 ], [ -94.305426000155094, 39.034752999585066 ], [ -94.30549600028283, 39.03732499988395 ], [ -94.312661000407914, 39.044615999709329 ], [ -94.312570999603395, 39.049779000107215 ], [ -94.315376000570765, 39.05148599991265 ], [ -94.315304999793838, 39.054104000446209 ], [ -94.298185000008274, 39.053056000177165 ], [ -94.29348700044838, 39.053919999771715 ], [ -94.270812999524466, 39.05282400018131 ], [ -94.270790999746154, 39.05341200003901 ], [ -94.269796000054072, 39.053402999773283 ], [ -94.269809999640586, 39.056561999438458 ], [ -94.277280000724986, 39.064560000355243 ], [ -94.277471999618868, 39.066232999563617 ], [ -94.274198999260463, 39.066149000305685 ], [ -94.27424000025681, 39.065432999741688 ], [ -94.270208000192866, 39.065254000195935 ], [ -94.270252999810793, 39.063734000170214 ], [ -94.263360000352733, 39.063394000033803 ], [ -94.263466999565821, 39.059772000041988 ], [ -94.261219999978323, 39.059711000020421 ], [ -94.26126899974409, 39.057879000654559 ], [ -94.25666600056185, 39.05773199983345 ], [ -94.256700000893971, 39.056764000351976 ], [ -94.261311000231402, 39.056938000187571 ], [ -94.261503000516484, 39.05245300029339 ], [ -94.258043000058279, 39.052325999587389 ], [ -94.258220000395426, 39.048683000194949 ], [ -94.257071999710547, 39.048629999966664 ], [ -94.256859000031994, 39.05221699984255 ], [ -94.255980000017445, 39.052157000502653 ], [ -94.256003999954629, 39.051516000117992 ], [ -94.254925999727206, 39.051469999605359 ], [ -94.254898000239663, 39.05210000009864 ], [ -94.250312000049448, 39.052042000099227 ], [ -94.250454000230448, 39.048372999809892 ], [ -94.247862999921182, 39.048272999772927 ], [ -94.24325699945922, 39.048302999520189 ], [ -94.24312199996892, 39.051939000159564 ], [ -94.241631000000609, 39.052039000126427 ], [ -94.241671999284321, 39.051390000446837 ], [ -94.240904000711609, 39.051358999767025 ], [ -94.240704000740109, 39.051760999979258 ], [ -94.240770000341783, 39.050765999461298 ], [ -94.238547999853154, 39.050670999531569 ], [ -94.238524000325441, 39.051457999935145 ], [ -94.233912999412254, 39.051393999901137 ], [ -94.234132999463526, 39.045585999859874 ], [ -94.229489999619915, 39.045322999759215 ], [ -94.229627000302742, 39.040356000650064 ], [ -94.226900999334802, 39.040266999577781 ], [ -94.226904999475963, 39.040846000149585 ], [ -94.225266999938626, 39.040687999889272 ], [ -94.22286099960408, 39.039497000041621 ], [ -94.222884000360168, 39.038690999715953 ], [ -94.225183999711817, 39.038725999590788 ], [ -94.22509099997427, 39.036573000151506 ], [ -94.229600000593209, 39.036733000078122 ], [ -94.229773000108551, 39.034215999833712 ], [ -94.228541000170296, 39.034169999577955 ], [ -94.228569999634288, 39.033525000368677 ], [ -94.227743999792921, 39.033492999916923 ], [ -94.227771999747446, 39.032861999800069 ], [ -94.225850000020188, 39.032541000161856 ], [ -94.225966000155822, 39.029326999623763 ], [ -94.221032999892529, 39.029159999842392 ], [ -94.221430000249995, 39.028823000722987 ], [ -94.221661999539521, 39.023820000514107 ], [ -94.227052000258652, 39.024484000759962 ], [ -94.227182999458236, 39.022083999386581 ], [ -94.225788000899399, 39.022041000073358 ], [ -94.225951000068321, 39.018433999896729 ], [ -94.230536999733033, 39.018492999646398 ], [ -94.233565999941632, 39.017531000295001 ], [ -94.233816000214802, 39.016147999730961 ], [ -94.231705000684002, 39.016225999860346 ], [ -94.231828999445611, 39.01450900010331 ], [ -94.23535400039431, 39.014348000071124 ], [ -94.235469999851304, 39.012713000130574 ], [ -94.240160999498968, 39.011698000088728 ], [ -94.2403680000413, 39.008084000578421 ], [ -94.231021000582629, 39.007939000030476 ], [ -94.231723999958433, 38.989902999307667 ], [ -94.227089999873456, 38.989766999596931 ], [ -94.22692700093863, 38.993382000423175 ], [ -94.214117999629835, 38.992938000587721 ], [ -94.214202000037076, 38.99111300020612 ], [ -94.216335999366081, 38.991183000042653 ], [ -94.21637299959508, 38.990477999804469 ], [ -94.217736999328707, 38.990531999835326 ], [ -94.217777999200393, 38.989336000508303 ], [ -94.210782000734312, 38.989091000219503 ], [ -94.210948999594635, 38.985587000093872 ], [ -94.208609999319805, 38.985502000056641 ], [ -94.208261999864419, 38.992716000148647 ], [ -94.199038999937699, 38.99241399957932 ], [ -94.19846800014497, 39.007566999976014 ], [ -94.196683000207059, 39.007789000041058 ], [ -94.194608000218096, 39.008821000136884 ], [ -94.191885000853134, 39.009105999913203 ], [ -94.189898999020073, 39.010138999520116 ], [ -94.187352999787095, 39.010158000127333 ], [ -94.186350000528847, 39.01133899960152 ], [ -94.186185999936271, 39.013371000322579 ], [ -94.184620999859277, 39.014019999696885 ], [ -94.180844000419171, 39.018094999935236 ], [ -94.178336999967669, 39.018557000499861 ], [ -94.172705000170311, 39.016832999621755 ], [ -94.170237999476015, 39.017403000441291 ], [ -94.159796999348572, 39.00786300049856 ], [ -94.156484000043832, 39.00609400041445 ], [ -94.152610000544556, 39.004947999537272 ], [ -94.152536999299485, 38.998209999737647 ], [ -94.157362999604601, 38.998305999966036 ], [ -94.157659000177958, 38.991039000372858 ], [ -94.152952999992038, 38.99094800000168 ], [ -94.153010000945287, 38.988186999908834 ], [ -94.151093999853472, 38.990041999946797 ], [ -94.148431999632507, 38.99047700018329 ], [ -94.148226999888919, 38.994382000082283 ], [ -94.145209000315575, 38.994310999783636 ], [ -94.145217000432154, 38.993027000298127 ], [ -94.143581000658813, 38.992997000012899 ], [ -94.143558999317136, 38.994161999785597 ], [ -94.138801999980984, 38.993976000306553 ], [ -94.139000000620257, 38.990445999375503 ], [ -94.134406000050632, 38.990317999494387 ], [ -94.134984000419905, 38.985054999777738 ], [ -94.136404999843819, 38.985089000144214 ], [ -94.136445000157764, 38.984167000585039 ], [ -94.1372850004893, 38.984179999709873 ], [ -94.137820000310469, 38.983291000007789 ], [ -94.135089999908658, 38.98321199998442 ], [ -94.135155999822274, 38.981627000112105 ], [ -94.13378099999376, 38.981666999690738 ], [ -94.133819999812559, 38.979663999779127 ], [ -94.130323000431432, 38.979539999425491 ], [ -94.130487999677314, 38.97597799969467 ], [ -94.127869999992996, 38.975945999760448 ], [ -94.12778000049785, 38.98043400018333 ], [ -94.129174000140139, 38.981077999667846 ], [ -94.128578000980824, 38.982200999893145 ], [ -94.12784999999505, 38.981933000540337 ], [ -94.127866999723352, 38.983099999993385 ], [ -94.116554000271364, 38.982803000644374 ], [ -94.116039000906383, 38.98315500010245 ], [ -94.113101000081244, 38.983183999389787 ], [ -94.111478000050226, 38.982862000550092 ], [ -94.112991000168108, 38.960619999972231 ], [ -94.114269999982682, 38.928569999798754 ], [ -94.114175000287091, 38.917304000055672 ], [ -94.113633999662795, 38.916963999454495 ], [ -94.115959999912846, 38.870997999665683 ], [ -94.116509999343506, 38.869672999961047 ], [ -94.11872099997467, 38.833310000212357 ], [ -94.119577999679237, 38.832872000418121 ], [ -94.120626000359323, 38.817616999774003 ], [ -94.122824000042101, 38.757882000313622 ], [ -94.124053000068685, 38.751839000258585 ], [ -94.124393000699584, 38.744838999766955 ], [ -94.125077999267631, 38.744223999971524 ], [ -94.12937199919854, 38.655861999786389 ], [ -94.116407999944556, 38.65551799994082 ], [ -94.11966400037592, 38.568711999577332 ], [ -93.962207000039669, 38.565010000354881 ], [ -93.619767999838345, 38.559082999882015 ], [ -93.511030000748278, 38.556209999973348 ], [ -93.512742999832668, 38.512476000279015 ], [ -93.291850999690482, 38.506320999984325 ], [ -93.29045400023351, 38.535388000471507 ], [ -93.178542000363223, 38.534059999835691 ], [ -93.067352000295429, 38.530093999620703 ], [ -93.07205400067393, 38.442273999799724 ], [ -93.068762999573508, 38.4422730005342 ], [ -93.068968999743277, 38.433697000219063 ], [ -93.072566000129726, 38.375252000058168 ], [ -93.077692000535023, 38.263091999866901 ], [ -93.07261099967883, 38.267448999424914 ], [ -93.066511000076915, 38.270770999427249 ], [ -93.061136000800417, 38.271615999848009 ], [ -93.056666000155573, 38.271737000230445 ], [ -93.051090000738412, 38.270092999487758 ], [ -93.046306000391724, 38.267756999672955 ], [ -93.042474999506467, 38.265180000403305 ], [ -93.034834999632835, 38.257077000236187 ], [ -93.020638999456963, 38.248154999751577 ], [ -93.016533999735216, 38.24491199975126 ], [ -93.013742999949244, 38.241463999940372 ], [ -93.010499999661718, 38.231611000185652 ], [ -93.005650000309473, 38.222704999803064 ], [ -92.999595000632468, 38.220228000176277 ], [ -92.995895000516001, 38.220328000075114 ], [ -92.992895000412261, 38.22102800042618 ], [ -92.987094999122121, 38.220928000170439 ], [ -92.985094999802328, 38.220427999552903 ], [ -92.983994999910777, 38.21952799984556 ], [ -92.983294000174482, 38.217728000033659 ], [ -92.9831939996416, 38.214428000153525 ], [ -92.983894000240397, 38.212428000049691 ], [ -92.985793999954041, 38.21092800021232 ], [ -92.988293999941831, 38.21042799965268 ], [ -92.995895000054247, 38.210027999759319 ], [ -93.009195000243452, 38.210636999645885 ], [ -93.012039999451815, 38.210224000530495 ], [ -93.014476999836106, 38.209310000310886 ], [ -93.018451999972413, 38.206475999768465 ], [ -93.019999999816349, 38.204796999936576 ], [ -93.022398999326313, 38.199150000073182 ], [ -93.01693999943376, 38.191281999654308 ], [ -93.014990000139676, 38.189774999713009 ], [ -93.006199999805887, 38.186002000040247 ], [ -93.000194000637009, 38.18624700024624 ], [ -92.989903000080474, 38.188375000405394 ], [ -92.986555000017248, 38.190761000249204 ], [ -92.979557999851522, 38.197734000334989 ], [ -92.975699000179446, 38.203481000269321 ], [ -92.970116000466902, 38.215221999834235 ], [ -92.963743999713756, 38.225487000458727 ], [ -92.960592000492383, 38.228358000171141 ], [ -92.956898000626509, 38.229508000012366 ], [ -92.951623000254173, 38.229308000075314 ], [ -92.947682000641009, 38.227876000059823 ], [ -92.941983000090175, 38.226930000416559 ], [ -92.937142999290359, 38.224878999268924 ], [ -92.931993000521459, 38.220229000416076 ], [ -92.93199300063246, 38.216228999832119 ], [ -92.933193000818633, 38.213028999848248 ], [ -92.935992999430596, 38.210129000108196 ], [ -92.94109299919333, 38.2073290001129 ], [ -92.946192999835276, 38.205229000042912 ], [ -92.957892999925406, 38.203328999698378 ], [ -92.960694000224493, 38.20112899989828 ], [ -92.962993999888496, 38.197228999836646 ], [ -92.764963000291914, 38.189534000034222 ], [ -92.764539000958152, 38.189618999989776 ], [ -92.764098000163656, 38.196067000247588 ], [ -92.763152999129474, 38.198612000581413 ], [ -92.761704000600801, 38.201856999755243 ], [ -92.758206999981368, 38.205950000141094 ], [ -92.75598799998474, 38.212464999870591 ], [ -92.753264000503066, 38.214952000086406 ], [ -92.749043999562787, 38.217559999575165 ], [ -92.740828000511769, 38.218860000070933 ], [ -92.734696000537781, 38.221316999485936 ], [ -92.731405000157451, 38.221588000123184 ], [ -92.725602999892828, 38.22043700053937 ], [ -92.718586999861031, 38.220130999988598 ], [ -92.715039000451327, 38.22081800038228 ], [ -92.710205000039792, 38.223131000425496 ], [ -92.707186999643696, 38.224030999677609 ], [ -92.695886000427862, 38.222031000119145 ], [ -92.688887000250304, 38.220031000053375 ], [ -92.684385999489464, 38.218031000332743 ], [ -92.679586000217753, 38.214331000035202 ], [ -92.677658000329117, 38.213305999973201 ], [ -92.675586000656679, 38.212831000413615 ], [ -92.657586000968607, 38.212631999769407 ], [ -92.65241299949929, 38.211750999920518 ], [ -92.648256999550526, 38.21166400009384 ], [ -92.640084999440447, 38.213031999456319 ], [ -92.64138499965145, 38.171632000386587 ], [ -92.604684000630215, 38.170732999721082 ], [ -92.605302000147205, 38.139894000224373 ], [ -92.596374000391279, 38.139787000382043 ], [ -92.596944000202001, 38.127066000388716 ], [ -92.596760999728758, 38.110754000226166 ], [ -92.587687999737398, 38.110635999752439 ], [ -92.587983999984829, 38.096134000271995 ], [ -92.569681999964587, 38.095933999932384 ], [ -92.570280999758396, 38.06663500024893 ], [ -92.552081000070061, 38.066335000271131 ], [ -92.552380999829737, 38.052144999979376 ], [ -92.533554000572167, 38.051808000122335 ], [ -92.53389500014984, 38.037467000535877 ], [ -92.515579999142133, 38.036935999841873 ], [ -92.51597900010556, 38.022335999352578 ], [ -92.40486200002367, 38.021159999992342 ], [ -92.380048999197271, 38.020233999534618 ], [ -92.376754000171147, 38.020667000343821 ], [ -92.36572200029407, 38.020647000045365 ], [ -92.365577999922223, 38.020083000185529 ], [ -92.363497000203239, 38.019973000170708 ], [ -92.346740999455051, 38.020022999927065 ], [ -92.295566000369064, 38.018937000334766 ], [ -92.295672999596974, 38.018435999453928 ], [ -92.185369999587195, 38.016338000301836 ], [ -92.185370000490707, 38.015137999496325 ], [ -92.155181999821991, 38.014667000069714 ], [ -92.142898000665383, 38.013778000048937 ], [ -92.086352999862385, 38.011943999439644 ], [ -92.075502999757205, 38.01138399973658 ], [ -92.075463999650722, 38.011038999974012 ], [ -92.021165000395499, 38.010639000273898 ], [ -91.984815000180063, 38.009621999359481 ], [ -91.966333000181749, 38.009682999514219 ], [ -91.96378000030964, 38.015396000111764 ], [ -91.962890999637708, 38.023959000145112 ], [ -91.958719999909448, 38.035592999607061 ], [ -91.953703999256533, 38.040155000272243 ], [ -91.949089000173885, 38.041871999761874 ], [ -91.945535999238018, 38.042179000600605 ], [ -91.941851999756395, 38.041591999542717 ], [ -91.938439999947477, 38.036752000465832 ], [ -91.937049000161508, 38.031667000290604 ], [ -91.936028999533008, 38.030880000368725 ], [ -91.935247000508767, 38.030870000442491 ], [ -91.924722000586286, 38.035223999956877 ], [ -91.91784700074416, 38.040121999755584 ], [ -91.91702300019432, 38.041483999729834 ], [ -91.91521899932755, 38.042441999723913 ], [ -91.909830000178914, 38.044375999414044 ], [ -91.907201999968933, 38.044859000176196 ], [ -91.906059999532857, 38.04588200030858 ], [ -91.903237999323821, 38.046872999716598 ], [ -91.896943999664089, 38.047864000010229 ], [ -91.895973999708147, 38.048955999453938 ], [ -91.895347000295459, 38.051198999939189 ], [ -91.810981000200073, 38.051681999385281 ], [ -91.780681000270263, 38.05256699939342 ], [ -91.774572000150172, 38.052275000216468 ], [ -91.747388999645636, 38.053320000411468 ], [ -91.63243100070936, 38.050950999843906 ], [ -91.63055399986952, 38.153519000017766 ], [ -91.644893000051738, 38.153678999722231 ], [ -91.644530000642746, 38.375008000226799 ], [ -91.64239900050633, 38.504654999935909 ], [ -91.642339000176094, 38.547414000087826 ], [ -91.641165999658242, 38.62182700035445 ], [ -91.641374000301411, 38.641081000022872 ], [ -91.640287000458031, 38.676525999696828 ], [ -91.640371999537905, 38.703792000361616 ], [ -91.645546000323478, 38.703677999796525 ], [ -91.656301000422701, 38.70177399982768 ], [ -91.665498000779024, 38.70198299983813 ], [ -91.676470000257396, 38.7033769998826 ], [ -91.682681000044639, 38.704601999747815 ], [ -91.691392999836992, 38.707155999411185 ], [ -91.702038999912006, 38.707770000038764 ], [ -91.717560999367805, 38.707439000580067 ], [ -91.732285999968084, 38.705891000666668 ], [ -91.734356000272854, 38.704878999750207 ], [ -91.736565999268052, 38.702571000041885 ], [ -91.74124899939244, 38.699310999464991 ], [ -91.751946000026209, 38.690212000699262 ], [ -91.757929000138816, 38.686091999863393 ], [ -91.760234000418876, 38.684999999738324 ], [ -91.777984999848329, 38.682300000537374 ], [ -91.781862999348746, 38.682146999796267 ], [ -91.801410999939549, 38.683100999991417 ], [ -91.8144360003309, 38.681834999301422 ], [ -91.822207999689681, 38.679852000755702 ], [ -91.841696000222797, 38.673461999684875 ], [ -91.854867000111781, 38.670336000182175 ], [ -91.860570000710069, 38.668174000167966 ], [ -91.869489000364624, 38.663939999536851 ], [ -91.875177999553102, 38.659671000159101 ], [ -91.881916000121095, 38.652712999717217 ], [ -91.885225999270816, 38.648216999721903 ], [ -91.891493000570875, 38.636490000057542 ], [ -91.893749000696531, 38.634086999633354 ], [ -91.913012999717211, 38.619893000008943 ], [ -91.920620000429352, 38.615423999950906 ], [ -91.932193000744491, 38.60592000016139 ], [ -91.943935999536322, 38.597074999634486 ], [ -91.945815000146453, 38.596147000216504 ], [ -91.952120999642716, 38.594605000108857 ], [ -91.967735000425819, 38.592601999842643 ], [ -91.977453999687171, 38.589616000669842 ], [ -91.982024999602245, 38.587638000169818 ], [ -91.991718000541269, 38.582272000601051 ], [ -92.005643000247247, 38.572663000231692 ], [ -92.015616999943134, 38.567397999736038 ], [ -92.025773999583336, 38.564564999423403 ], [ -92.058876000189343, 38.557740000523822 ], [ -92.06809900024075, 38.557412000007822 ], [ -92.079176000213522, 38.558222999951752 ], [ -92.100241000578038, 38.560093000048795 ], [ -92.112064000425718, 38.561953000286714 ], [ -92.124429000326046, 38.564975999842559 ], [ -92.138647999289475, 38.569278000576219 ], [ -92.144453000509856, 38.572286999688536 ], [ -92.161662999468803, 38.578057000166545 ], [ -92.164064999534872, 38.580051999753145 ], [ -92.169327999539036, 38.581659999996859 ], [ -92.175635999823839, 38.585830000225712 ], [ -92.185812000135911, 38.591283000786895 ], [ -92.198955000806336, 38.6001459998255 ], [ -92.200721000534145, 38.60166799977064 ], [ -92.203101999645213, 38.605555000077892 ], [ -92.20349199984625, 38.611753999228235 ], [ -92.202184999640011, 38.62024600039922 ], [ -92.203071999762216, 38.626638999928467 ], [ -92.204750999917437, 38.630279000490006 ], [ -92.208365000507698, 38.635636000530013 ], [ -92.209828999481445, 38.637219000751422 ], [ -92.215745999186367, 38.641285000539376 ], [ -92.225129000342179, 38.644982999976484 ], [ -92.229401000667139, 38.646027000093305 ], [ -92.245995999532354, 38.644007000621706 ], [ -92.25152300021135, 38.644189999758417 ], [ -92.259091000817421, 38.645346999760044 ], [ -92.262194000458194, 38.646405000121263 ], [ -92.267660000013777, 38.650566000379555 ], [ -92.275806000006313, 38.658215000352087 ], [ -92.285187000404022, 38.663138000063903 ], [ -92.293369999633683, 38.666564000281454 ], [ -92.317823999859726, 38.670781000049111 ], [ -92.337291000984962, 38.673143000462296 ], [ -92.345314999639697, 38.674882000033584 ], [ -92.350605000266455, 38.676397999830243 ], [ -92.357813000124366, 38.679516999765774 ], [ -92.360909999476092, 38.681848000575386 ], [ -92.363606000151108, 38.686210000439523 ], [ -92.361429999981127, 38.692039999270065 ], [ -92.354968000396909, 38.697093000114052 ], [ -92.34566700048957, 38.703058999695777 ], [ -92.343264999980079, 38.705073000027618 ], [ -92.342461999979989, 38.708279000726208 ], [ -92.34266500040529, 38.711769000203084 ], [ -92.344092999863079, 38.715068999671047 ], [ -92.345721999780167, 38.71767400002085 ], [ -92.360216000082815, 38.730132999454504 ], [ -92.364143999171887, 38.731666000291725 ], [ -92.376898999960687, 38.733806999563839 ], [ -92.381948999726916, 38.733872999603832 ], [ -92.387808000475474, 38.735432999959713 ], [ -92.397455999365789, 38.740523000328359 ], [ -92.40143299978989, 38.743615000465525 ], [ -92.404737999323004, 38.748190000656585 ], [ -92.408635999269947, 38.758242999519801 ], [ -92.409321000615165, 38.766760000034047 ], [ -92.408567000245483, 38.770195000190753 ], [ -92.407078000829912, 38.772598000208895 ], [ -92.404943000150908, 38.774257000158968 ], [ -92.390781999354388, 38.780611999721195 ], [ -92.386335000682578, 38.784579000020571 ], [ -92.382980000375284, 38.789725000156082 ], [ -92.380150000131707, 38.797915999233076 ], [ -92.379579999788277, 38.801546000153792 ], [ -92.381304000469669, 38.808732000180932 ], [ -92.384390999836, 38.81548799938313 ], [ -92.38791000060543, 38.817934000472967 ], [ -92.394088999917443, 38.819575999823151 ], [ -92.400822999882209, 38.819722999724029 ], [ -92.41402100016046, 38.818900000243751 ], [ -92.418876999978593, 38.819170999496791 ], [ -92.425205000638954, 38.821418000241835 ], [ -92.432078999619947, 38.825069000523875 ], [ -92.439906000461519, 38.831346000253355 ], [ -92.443772999847454, 38.836708999889204 ], [ -92.447169999614133, 38.842444000035542 ], [ -92.450230999145461, 38.849607000233178 ], [ -92.45671700077142, 38.860268999914283 ], [ -92.465122000069528, 38.866530999612287 ], [ -92.474520000242393, 38.871775999679052 ], [ -92.477793999974537, 38.874107000436268 ], [ -92.479639999392901, 38.877439000049556 ], [ -92.480316999870567, 38.88130599984617 ], [ -92.478970000275325, 38.886546000216732 ], [ -92.475300000403635, 38.895334000220871 ], [ -92.474259000466205, 38.901596000144131 ], [ -92.439641000208709, 38.901251000141343 ], [ -92.437881000131185, 38.902563000263271 ], [ -92.431977000407585, 38.910644000595845 ], [ -92.430533999407061, 38.91176999974995 ], [ -92.433409000504412, 38.914670000114263 ], [ -92.43358400056448, 38.918806999777601 ], [ -92.43301000061787, 38.919249999673006 ], [ -92.431261000244277, 38.919417999953446 ], [ -92.431310999967749, 38.917417000226017 ], [ -92.429971000206123, 38.916220999978158 ], [ -92.42903899981799, 38.916000000024653 ], [ -92.42739100020502, 38.918696000055597 ], [ -92.423164000107164, 38.91903499993299 ], [ -92.422843999342973, 38.928897000064509 ], [ -92.417136999870095, 38.928727999877516 ], [ -92.416427000676137, 38.932273000090184 ], [ -92.411739000053032, 38.931994999992327 ], [ -92.413339000161855, 38.933384999596605 ], [ -92.41654000002471, 38.932732000074559 ], [ -92.417486999358061, 38.933807000265638 ], [ -92.41734899921579, 38.935462000418738 ], [ -92.419666999381647, 38.937167000240798 ], [ -92.419586999756518, 38.938164000207351 ], [ -92.416735999457387, 38.940888999712925 ], [ -92.417069000087068, 38.943466999902178 ], [ -92.4127409995439, 38.942991000328014 ], [ -92.413134999707381, 38.941323000777686 ], [ -92.413715000174236, 38.941333000216424 ], [ -92.413907999960401, 38.940394000030707 ], [ -92.413418000190589, 38.940079999990722 ], [ -92.414017000045391, 38.939770000254754 ], [ -92.413616000020582, 38.939378999719807 ], [ -92.4087469997894, 38.938921000084463 ], [ -92.408762000381188, 38.937934000477426 ], [ -92.40042100001348, 38.937170000422526 ], [ -92.400245999522738, 38.941786999837788 ], [ -92.399168999994586, 38.941689000026258 ], [ -92.399050000342442, 38.954249999927981 ], [ -92.398139999036246, 38.955259999311608 ], [ -92.39609999971087, 38.955639999564184 ], [ -92.396140000311433, 38.955989999891543 ], [ -92.398569999321964, 38.961430000093678 ], [ -92.405859999824614, 38.967590000481827 ], [ -92.406350000585519, 38.96907999935538 ], [ -92.404859999242632, 38.96890000049175 ], [ -92.398692999350899, 38.969638999410932 ], [ -92.398674000853148, 38.970962999399063 ], [ -92.389510999930863, 38.970401000464506 ], [ -92.389086000482152, 38.983842999762388 ], [ -92.392802999422855, 38.984190999965932 ], [ -92.392684999327088, 38.987782000258754 ], [ -92.391281000178225, 38.987656999723562 ], [ -92.391305999778382, 38.986422000184128 ], [ -92.388102000537444, 38.986422000436058 ], [ -92.387882999725079, 38.990960000467361 ], [ -92.383268999544725, 38.990537000279879 ], [ -92.383138999786212, 38.994383999660648 ], [ -92.382514999734894, 38.994260000370929 ], [ -92.382292000684899, 38.99287799961504 ], [ -92.381321000249997, 38.992347999572225 ], [ -92.378604999532484, 38.994291999411743 ], [ -92.378653999969728, 38.992803999869047 ], [ -92.376937999701781, 38.992770999841767 ], [ -92.37734999982176, 38.989901999946369 ], [ -92.351090000342069, 38.98745000046582 ], [ -92.350885999188336, 38.993162000441224 ], [ -92.342057000175146, 38.992428000494407 ], [ -92.341941000550293, 38.99573000016813 ], [ -92.344757000334198, 38.995981000640356 ], [ -92.344202000389672, 38.998085000344773 ], [ -92.341876999307573, 38.997900000512416 ], [ -92.341760000422312, 39.001459999937843 ], [ -92.339291000255201, 39.001385999463011 ], [ -92.338575999955367, 39.004260000216888 ], [ -92.339632999876727, 39.004706999979156 ], [ -92.339223000455448, 39.004690000173369 ], [ -92.339168000150607, 39.005568000128164 ], [ -92.337481000644885, 39.005505000253244 ], [ -92.336927000841371, 39.009093000106475 ], [ -92.335718999378543, 39.009348999646669 ], [ -92.33548000050223, 39.009044000169915 ], [ -92.3335010000106, 39.009075999917407 ], [ -92.333153999581171, 39.008573000534156 ], [ -92.329253999631334, 39.008497000263219 ], [ -92.329439999701805, 39.007688000772838 ], [ -92.331307000303411, 39.007711000082033 ], [ -92.331330000685782, 39.006793000469443 ], [ -92.33050699954363, 39.006781000360263 ], [ -92.33092900004668, 39.005798999560412 ], [ -92.330019999523429, 39.005693999936796 ], [ -92.32980899997554, 39.005178000421346 ], [ -92.328139999792285, 39.005181999770024 ], [ -92.328149999866795, 39.00479999961469 ], [ -92.33140899998763, 39.00486800043435 ], [ -92.331520999722471, 39.001065999771519 ], [ -92.323519999533758, 39.000800000575829 ], [ -92.323026000328696, 39.01409199999781 ], [ -92.320328999353023, 39.014373999616161 ], [ -92.320649000221479, 39.016970000168321 ], [ -92.320127000119115, 39.016954999465419 ], [ -92.31997899923455, 39.014309999807921 ], [ -92.313360999142731, 39.01423300032031 ], [ -92.313420999667116, 39.007500999345815 ], [ -92.311373999385808, 39.007507999673081 ], [ -92.311309999937635, 39.015010000399194 ], [ -92.315532000965362, 39.015121000098141 ], [ -92.315401999973005, 39.020598000195385 ], [ -92.311101000362697, 39.018284000161309 ], [ -92.311113999754369, 39.022408000619656 ], [ -92.306644999710244, 39.022341999439917 ], [ -92.306375000265646, 39.014874999692978 ], [ -92.304390999454824, 39.01654600003944 ], [ -92.30340799939863, 39.016507000239628 ], [ -92.303488999294927, 39.014785000289329 ], [ -92.30285199956792, 39.014602999826209 ], [ -92.304853000057136, 39.014485999377314 ], [ -92.30340199997741, 39.00518500072873 ], [ -92.302292999795313, 39.003259000074543 ], [ -92.302036999928404, 39.004371999920131 ], [ -92.302206999507703, 39.000293000131776 ], [ -92.292756000141267, 39.000068000413783 ], [ -92.292547999747924, 39.007376000135878 ], [ -92.297257000076371, 39.007372999616585 ], [ -92.297108000386118, 39.014703000136635 ], [ -92.29648300031289, 39.014696000381655 ], [ -92.296458000598179, 39.015599000021197 ], [ -92.296915999381952, 39.015602000034171 ], [ -92.296813999436523, 39.018227000084416 ], [ -92.292397000277134, 39.017761999717834 ], [ -92.292417999550366, 39.0156029993883 ], [ -92.288561000306146, 39.015572999883879 ], [ -92.288551999940253, 39.016155000188178 ], [ -92.28763899995171, 39.016166000132387 ], [ -92.287662999789333, 39.018360999458089 ], [ -92.289311000139222, 39.018362000262591 ], [ -92.289291999660989, 39.019709999980613 ], [ -92.292320999664511, 39.019729000417641 ], [ -92.29231499982815, 39.02026700017376 ], [ -92.282873000274307, 39.020364999386452 ], [ -92.282827999883366, 39.02944299950412 ], [ -92.274580000845631, 39.029290000216896 ], [ -92.275599999252989, 39.026759999981486 ], [ -92.275785999737991, 39.024206999569969 ], [ -92.278020999418288, 39.024256999642887 ], [ -92.278086999561452, 39.022071000165042 ], [ -92.276927999468541, 39.021948999607638 ], [ -92.268671999554726, 39.021971000249884 ], [ -92.266989999478042, 39.025230000239894 ], [ -92.26630999989662, 39.029119999796819 ], [ -92.252200000577275, 39.028960000509755 ], [ -92.252217999794127, 39.028027000087995 ], [ -92.25104099976744, 39.027106999948366 ], [ -92.248457000328983, 39.027078000623092 ], [ -92.248678000346274, 39.028937000539585 ], [ -92.244759999521193, 39.028890000621608 ], [ -92.244759999397758, 39.02650000070858 ], [ -92.246533999701555, 39.022940000017215 ], [ -92.244956999845854, 39.021635000411756 ], [ -92.207730999830048, 39.021544999878891 ], [ -92.206324999685791, 39.046763000563665 ], [ -92.206669999514233, 39.049234999513288 ], [ -92.206192000335491, 39.066037999980928 ], [ -92.201507000407901, 39.065929000132151 ], [ -92.201238000127788, 39.073258000355672 ], [ -92.18835999978387, 39.072830000045137 ], [ -92.183909999168378, 39.070089999810619 ], [ -92.18087999994691, 39.069639999801623 ], [ -92.180199999652515, 39.069029999673923 ], [ -92.14609999963082, 39.068350000169517 ], [ -92.146059999828282, 39.064759999693301 ], [ -92.110387000071199, 39.064204000241482 ], [ -92.107442999680472, 39.145151000446532 ], [ -92.106359000363597, 39.159812999215951 ], [ -92.10597299998912, 39.198924000074896 ], [ -92.104373999548386, 39.239809000681149 ], [ -92.19822900007523, 39.242326999383501 ], [ -92.314471000439113, 39.246454000293269 ] ] ] } },
{ "type": "Feature", "properties": { "district": 6 }, "geometry": { "type": "Polygon", "coordinates": [ [ [ -91.306693000679076, 39.684865000132788 ], [ -91.317813999251598, 39.69259099924119 ], [ -91.331602999943783, 39.700433000109676 ], [ -91.347252999449651, 39.710480000103139 ], [ -91.350317000057728, 39.713773999713531 ], [ -91.355313999726107, 39.716984999413107 ], [ -91.358276000758337, 39.720600999981393 ], [ -91.367753000043606, 39.729029000573092 ], [ -91.369395000419956, 39.731163000312371 ], [ -91.37010200074937, 39.733320999869989 ], [ -91.36938800036198, 39.737212999817693 ], [ -91.369953000418931, 39.745041999861073 ], [ -91.367405999296523, 39.753880000089332 ], [ -91.365280000203882, 39.757721999610432 ], [ -91.365906000496452, 39.764956000176667 ], [ -91.365694000191283, 39.774909999686642 ], [ -91.364847999780054, 39.779388000176255 ], [ -91.361744000682521, 39.785078999982652 ], [ -91.361570999636541, 39.787548000454613 ], [ -91.363444000557791, 39.792804000151861 ], [ -91.367965999448003, 39.800403000235576 ], [ -91.376488000191642, 39.810033000054155 ], [ -91.383706999625474, 39.814600000067905 ], [ -91.393412999567644, 39.819910000098773 ], [ -91.400067999421395, 39.822520999944999 ], [ -91.407792999800435, 39.827580999427795 ], [ -91.430402000706351, 39.83890199959459 ], [ -91.433798000973198, 39.841865000216025 ], [ -91.43652900047303, 39.847077999689446 ], [ -91.437693000018442, 39.851982999724903 ], [ -91.441343000360405, 39.861982999711003 ], [ -91.446684999377013, 39.871641999367412 ], [ -91.447843999428429, 39.877950999650899 ], [ -91.446922000729614, 39.883034000123679 ], [ -91.443512999763911, 39.893583000551452 ], [ -91.428956000409002, 39.907729000195722 ], [ -91.420878000083647, 39.914865000168682 ], [ -91.419879999881374, 39.916532999411103 ], [ -91.41880700054476, 39.92212600034712 ], [ -91.41936, 39.927717000305371 ], [ -91.421266000617834, 39.93209600000575 ], [ -91.425782000256277, 39.937765000627678 ], [ -91.429054999759558, 39.940740999596663 ], [ -91.437090000091246, 39.946417000397481 ], [ -91.441559999079388, 39.951298999919217 ], [ -91.447236000547036, 39.959501999773906 ], [ -91.449806000178768, 39.965277999790587 ], [ -91.454647000348444, 39.971305999477558 ], [ -91.458851999630284, 39.979014999982937 ], [ -91.459533000191342, 39.979891999437626 ], [ -91.463683000054175, 39.981844999711704 ], [ -91.465314999643979, 39.983994999662499 ], [ -91.469247000381401, 39.995326999700445 ], [ -91.474050999473491, 40.002282999700746 ], [ -91.47656700075008, 40.008041999920479 ], [ -91.484064000207454, 40.019332000022438 ], [ -91.48712200066025, 40.022691999941372 ], [ -91.494878000544361, 40.036452999962044 ], [ -91.489605999897094, 40.057434999901986 ], [ -91.495364999132079, 40.07095099986612 ], [ -91.497662999909821, 40.078256999565873 ], [ -91.500823000053941, 40.090955999993156 ], [ -91.501433999930427, 40.095851999681351 ], [ -91.5048509995393, 40.104203000043746 ], [ -91.508239999776123, 40.118944999654637 ], [ -91.510838999971497, 40.12613699989906 ], [ -91.510385999764466, 40.1311149997833 ], [ -91.511676000481017, 40.139227000005512 ], [ -91.511590000039689, 40.149269000064294 ], [ -91.508323999565221, 40.156325999967507 ], [ -91.508224000202461, 40.157664999694141 ], [ -91.511955999558637, 40.17044099922726 ], [ -91.513079000499161, 40.178537000089818 ], [ -91.512315999673959, 40.184716999752624 ], [ -91.511072999998646, 40.188794000304142 ], [ -91.50955099984445, 40.191338000398076 ], [ -91.505495000711505, 40.195606000237916 ], [ -91.504476999636012, 40.198262000283506 ], [ -91.50666400083476, 40.204757999933697 ], [ -91.507269000739115, 40.209337999881548 ], [ -91.5069469995763, 40.215549999919801 ], [ -91.504281999098723, 40.224298999937773 ], [ -91.504289000526285, 40.231712000079426 ], [ -91.505968000377166, 40.234305000024243 ], [ -91.506500999678721, 40.236303999584344 ], [ -91.505828000060831, 40.23883899975737 ], [ -91.503231000375806, 40.243473999734292 ], [ -91.500854999004702, 40.245721999801368 ], [ -91.498104000236467, 40.247421999793694 ], [ -91.49052400033014, 40.259497999822287 ], [ -91.489969000571421, 40.262339999970543 ], [ -91.490525000091182, 40.264813999855562 ], [ -91.492890999317922, 40.269922999952215 ], [ -91.49306099983562, 40.275261999464789 ], [ -91.492727000172081, 40.278217000186523 ], [ -91.490971000375879, 40.283363999592552 ], [ -91.482449999358792, 40.300582999969158 ], [ -91.477082999910749, 40.30825399997822 ], [ -91.471826000606967, 40.317340000578248 ], [ -91.469656000456396, 40.322408999901363 ], [ -91.466603000693311, 40.334461000177797 ], [ -91.462140000718179, 40.342414000212855 ], [ -91.452236999579142, 40.353670000003234 ], [ -91.447834999323462, 40.359128999271761 ], [ -91.446307999868139, 40.36182300046196 ], [ -91.444861999934474, 40.36314299995076 ], [ -91.439341999367542, 40.366569000104889 ], [ -91.429442000358847, 40.370385999915555 ], [ -91.42663200040046, 40.371988000524226 ], [ -91.419422000328424, 40.378264000001053 ], [ -91.422323999779138, 40.3809390005014 ], [ -91.425661999845445, 40.382490999825251 ], [ -91.441243000667583, 40.386254999695446 ], [ -91.445168000323619, 40.382460999696313 ], [ -91.445370999216323, 40.379388000060231 ], [ -91.446626999777166, 40.377918000063879 ], [ -91.448741999467899, 40.376803999672667 ], [ -91.454534999716842, 40.375440000268796 ], [ -91.463895000216738, 40.375658999727506 ], [ -91.465009000493964, 40.376222999618037 ], [ -91.465891000014949, 40.378364999688053 ], [ -91.463007999851357, 40.384041000179444 ], [ -91.463553999857965, 40.385546999548211 ], [ -91.47196700050678, 40.382884000045678 ], [ -91.480251000134459, 40.381782999882866 ], [ -91.483153000143417, 40.382491999322184 ], [ -91.485255000209094, 40.384656999931018 ], [ -91.490912000429987, 40.392980000218834 ], [ -91.490816000737524, 40.395224999846398 ], [ -91.487954999627931, 40.402464999368448 ], [ -91.487829000044997, 40.403866000759237 ], [ -91.48848099987741, 40.404316999872357 ], [ -91.489815999754441, 40.404316999391881 ], [ -91.493644000399712, 40.40243299955668 ], [ -91.498093000168652, 40.401926000118223 ], [ -91.505272000178181, 40.403511999914919 ], [ -91.506744999135208, 40.404335000167393 ], [ -91.50739500030862, 40.405497999683334 ], [ -91.509062999458507, 40.406775000203687 ], [ -91.513992999614757, 40.408537000125776 ], [ -91.519754999781554, 40.408939999960282 ], [ -91.524612000010464, 40.410764999464057 ], [ -91.52642499989733, 40.413403999803805 ], [ -91.527042999942793, 40.41821400046198 ], [ -91.526555000842848, 40.419872000468075 ], [ -91.521387999946967, 40.426488000249137 ], [ -91.519491999774004, 40.429951000196453 ], [ -91.519133999895558, 40.432821999459982 ], [ -91.519934999932019, 40.433672999700171 ], [ -91.525000000415702, 40.433483000051396 ], [ -91.52913200058174, 40.434272000348713 ], [ -91.532806999402013, 40.436783999346581 ], [ -91.5336230003293, 40.438320000488886 ], [ -91.533548000440632, 40.440804000568249 ], [ -91.531912000282261, 40.442730000045913 ], [ -91.526108000418063, 40.446634000175919 ], [ -91.524052999452152, 40.448436999794133 ], [ -91.523270999894876, 40.450061000270139 ], [ -91.523516999778636, 40.45484700001078 ], [ -91.523863999695351, 40.456331000191732 ], [ -91.525090000075608, 40.457845000451613 ], [ -91.526155000718489, 40.458625000164929 ], [ -91.52860000002066, 40.459002000127512 ], [ -91.543784999744304, 40.458148999502434 ], [ -91.552691000028133, 40.458768999847919 ], [ -91.563843999891844, 40.460988000397613 ], [ -91.567722999792863, 40.462284000137188 ], [ -91.574734000069682, 40.465655000359142 ], [ -91.580355000307748, 40.471014999742707 ], [ -91.581527999410881, 40.47287599997621 ], [ -91.582436999874531, 40.474702999902441 ], [ -91.58331500046755, 40.479118000435996 ], [ -91.586883999247888, 40.487233000071953 ], [ -91.590816999661101, 40.492291999859361 ], [ -91.59464400084012, 40.494997000014642 ], [ -91.608346999966471, 40.500040000349905 ], [ -91.612821000231733, 40.502376999643865 ], [ -91.616947999669961, 40.504793999882722 ], [ -91.619486000780952, 40.507133999999034 ], [ -91.621353000309554, 40.510072000224177 ], [ -91.622361999419738, 40.514361999787361 ], [ -91.622192000014579, 40.517038999546642 ], [ -91.618793000473488, 40.526285999477693 ], [ -91.618028000078894, 40.534029999400204 ], [ -91.61899900059494, 40.539083999893052 ], [ -91.620071000284227, 40.540816999913766 ], [ -91.621902000785369, 40.542291999998668 ], [ -91.62516100011878, 40.543500000266199 ], [ -91.632782999645642, 40.545028999905426 ], [ -91.638081999469279, 40.545541000089308 ], [ -91.65434500026457, 40.549189000164311 ], [ -91.670992999688522, 40.5509369997379 ], [ -91.681713999853741, 40.5530349994849 ], [ -91.688700000171892, 40.557390000300245 ], [ -91.690803999943512, 40.559892999762852 ], [ -91.691581000332789, 40.562223000619682 ], [ -91.691561000803006, 40.564866999936356 ], [ -91.685723000184609, 40.576785000040786 ], [ -91.68538100021199, 40.578891999853063 ], [ -91.686356999322555, 40.580874999600155 ], [ -91.688819999665085, 40.583408999537276 ], [ -91.696359000294549, 40.588148000150625 ], [ -91.712024999560242, 40.59504599984453 ], [ -91.716769000627792, 40.598529999960697 ], [ -91.720057999728937, 40.601526999892585 ], [ -91.729114999445841, 40.613639999895128 ], [ -91.824198999656431, 40.610304000490927 ], [ -91.868399999996967, 40.608055999621648 ], [ -91.939450999376419, 40.606145999519931 ], [ -91.947709000055951, 40.605471000088329 ], [ -92.012645999752834, 40.60429900058292 ], [ -92.096611000064399, 40.601830999267534 ], [ -92.112642000398935, 40.601869999851779 ], [ -92.246035000206959, 40.599149999651239 ], [ -92.298732000389705, 40.598469000178447 ], [ -92.438153999987492, 40.595338000389908 ], [ -92.48521599933116, 40.59508499991972 ], [ -92.587073000513243, 40.591965999872947 ], [ -92.686693000463151, 40.58980899969535 ], [ -92.781269000253445, 40.588590000293102 ], [ -92.943471999699767, 40.587762000105045 ], [ -93.023544000879127, 40.586045000437977 ], [ -93.135802000414216, 40.582853999790451 ], [ -93.26042899939182, 40.58081399982845 ], [ -93.437499999526025, 40.579939999811472 ], [ -93.547578000408194, 40.580406999847042 ], [ -93.694367000102133, 40.577840999997612 ], [ -93.815484999652739, 40.577277000111238 ], [ -94.072140000122403, 40.57302599992726 ], [ -94.282993999968582, 40.571468999270934 ], [ -94.389202999207839, 40.57145300021778 ], [ -94.489109000090565, 40.570705999960076 ], [ -94.490434999183677, 40.571004999906812 ], [ -94.594195999779814, 40.570959999585824 ], [ -94.797514999824585, 40.573325999912548 ], [ -94.966490999739548, 40.57583899998459 ], [ -94.991659999513843, 40.575691999759933 ], [ -95.131591999847259, 40.577502999690999 ], [ -95.488514000653083, 40.581734999806763 ], [ -95.610880999568494, 40.583491000684774 ], [ -95.647973000235595, 40.584398000555701 ], [ -95.687693999963017, 40.58427300034765 ], [ -95.765645000185472, 40.58520799981806 ], [ -95.768527000891993, 40.583295999977892 ], [ -95.773548999693347, 40.578205000060187 ], [ -95.774704000083162, 40.573573999759155 ], [ -95.773748999683448, 40.570493000204237 ], [ -95.771775999591881, 40.566133000087497 ], [ -95.765029999640902, 40.55692099992536 ], [ -95.763833000836811, 40.553873000501483 ], [ -95.763366000564147, 40.550797000343664 ], [ -95.763624000014474, 40.548298000221159 ], [ -95.764696000581452, 40.545721000104045 ], [ -95.768411999291601, 40.540346999651483 ], [ -95.769281000177457, 40.536655999593769 ], [ -95.768693000596343, 40.534106000201199 ], [ -95.766919999674684, 40.531563000001164 ], [ -95.762856999938123, 40.528371000519549 ], [ -95.757109999223573, 40.525989999911467 ], [ -95.748679999223384, 40.524275000032929 ], [ -95.737249999584705, 40.523930000410573 ], [ -95.731178999356942, 40.525435999521314 ], [ -95.72521400045845, 40.527773000249383 ], [ -95.722443999699223, 40.528117999859028 ], [ -95.717536999764235, 40.527782999980211 ], [ -95.714290999916273, 40.527208000204169 ], [ -95.712861999530958, 40.526384000218371 ], [ -95.710357000042606, 40.524332000548327 ], [ -95.708591000739816, 40.521550999975169 ], [ -95.697202000743474, 40.528475000131735 ], [ -95.695494999544607, 40.532020999649767 ], [ -95.695044000334093, 40.533130000457611 ], [ -95.697089000625851, 40.537187999993286 ], [ -95.697377000253255, 40.541388999952062 ], [ -95.694831000173153, 40.550719000089316 ], [ -95.694146999222156, 40.556942000497891 ], [ -95.687020999469127, 40.560668999598455 ], [ -95.678714999840338, 40.562561000195032 ], [ -95.671776000222891, 40.562627999734516 ], [ -95.665494999589029, 40.556696999492232 ], [ -95.662107000187888, 40.549967000233458 ], [ -95.655847999890767, 40.546609000034884 ], [ -95.655639999775062, 40.545029000769908 ], [ -95.653416000562956, 40.541899000211544 ], [ -95.652269000089845, 40.538108000436594 ], [ -95.655674000415047, 40.523557000351246 ], [ -95.661680999983361, 40.517312000160345 ], [ -95.667981999778831, 40.514959999732746 ], [ -95.691933000626747, 40.508173000095631 ], [ -95.695534999557253, 40.506490999545768 ], [ -95.699969000048995, 40.50527500018471 ], [ -95.696095000281957, 40.499451000233684 ], [ -95.694823000211912, 40.494705000160955 ], [ -95.694707000843977, 40.489461000015162 ], [ -95.696755999627499, 40.478848999931913 ], [ -95.696364999731799, 40.475897000366892 ], [ -95.694650999803798, 40.471452000082792 ], [ -95.693133000003797, 40.469396000182314 ], [ -95.687532000314206, 40.465206000426129 ], [ -95.67717399953672, 40.460157999751885 ], [ -95.672140000165257, 40.457076999881728 ], [ -95.667713999551992, 40.453463000320127 ], [ -95.659734000127656, 40.44448400009928 ], [ -95.656574999893522, 40.438701000093701 ], [ -95.655658000653901, 40.435726999877168 ], [ -95.655963999774684, 40.429872999872707 ], [ -95.660709999725682, 40.418826999825214 ], [ -95.661440000212082, 40.415916999677357 ], [ -95.660601999418901, 40.412408999783118 ], [ -95.659081000443408, 40.408619999490909 ], [ -95.649418000041635, 40.396148999833159 ], [ -95.643935000847321, 40.386850999926978 ], [ -95.642124000765065, 40.378212999452941 ], [ -95.642667000896779, 40.374984999645839 ], [ -95.642413999886003, 40.369828999984215 ], [ -95.641027000605931, 40.366399000168641 ], [ -95.6369909994133, 40.361360000127227 ], [ -95.631480999379434, 40.357309999849988 ], [ -95.627123999857503, 40.352800000316577 ], [ -95.624814999402247, 40.349213999945398 ], [ -95.622684000216353, 40.342322999883763 ], [ -95.623182000380083, 40.338367000285047 ], [ -95.624015000320952, 40.336225999350354 ], [ -95.625204000051667, 40.334287999537395 ], [ -95.625265000064147, 40.335143999799953 ], [ -95.62764799950385, 40.332412000349436 ], [ -95.633807000648062, 40.329296999436195 ], [ -95.647931000759399, 40.325556000151416 ], [ -95.653729000409044, 40.322582000646598 ], [ -95.656611999022118, 40.319464999832292 ], [ -95.657763999591623, 40.315787999946274 ], [ -95.65802500012397, 40.31270000037032 ], [ -95.657328000123584, 40.310856000393308 ], [ -95.654293999972296, 40.307906000127481 ], [ -95.651507000087548, 40.306683999717563 ], [ -95.645328999423555, 40.305692999847231 ], [ -95.64226199985346, 40.30602500012052 ], [ -95.636309999363945, 40.307675000274337 ], [ -95.62321300023109, 40.312468999463249 ], [ -95.617930999182505, 40.313728000126183 ], [ -95.613479000310178, 40.314233000219211 ], [ -95.610439000558856, 40.313970000469439 ], [ -95.605109999230265, 40.312559000164399 ], [ -95.598657000221309, 40.309808999739182 ], [ -95.590164999837555, 40.303199000553406 ], [ -95.587371000042168, 40.30164899984895 ], [ -95.581787000152133, 40.299579999845996 ], [ -95.5706929998058, 40.299425999746219 ], [ -95.568140000875673, 40.299129000534982 ], [ -95.562156999137827, 40.297359000016222 ], [ -95.558731999893581, 40.295773999569228 ], [ -95.555552999234934, 40.29327299985588 ], [ -95.553292000392773, 40.291157999452345 ], [ -95.551619999918373, 40.288665999815294 ], [ -95.550966000142509, 40.285946999613685 ], [ -95.551487999752567, 40.281060999693182 ], [ -95.556274999955477, 40.27076099996885 ], [ -95.556325000210734, 40.26771399970972 ], [ -95.554324000252024, 40.263395000241246 ], [ -95.55247300052001, 40.261903999591659 ], [ -95.54373700009883, 40.260686999777882 ], [ -95.534625999478834, 40.256952999347121 ], [ -95.524172000079744, 40.251129000107269 ], [ -95.521034999356246, 40.25008299976826 ], [ -95.516106999696035, 40.249186999970469 ], [ -95.507295000153277, 40.248887999459967 ], [ -95.493405000388506, 40.249560000243719 ], [ -95.488998999417305, 40.24873899985775 ], [ -95.48481700030834, 40.247469000128142 ], [ -95.480710000232392, 40.245079999603909 ], [ -95.476241000748459, 40.241257000095686 ], [ -95.472548000391129, 40.236078000079296 ], [ -95.470349000204962, 40.230819000255906 ], [ -95.469717999526168, 40.227907999757022 ], [ -95.4698999999341, 40.222700000201854 ], [ -95.470707000177825, 40.219178000573095 ], [ -95.472362999701261, 40.21533499967763 ], [ -95.475310000294414, 40.211210999960606 ], [ -95.477947999062764, 40.208642999841807 ], [ -95.482318999940034, 40.200666999953029 ], [ -95.482539999456279, 40.192283000055369 ], [ -95.479193000329232, 40.185652000130112 ], [ -95.476300999753775, 40.18198800033322 ], [ -95.471054000270883, 40.176910000647041 ], [ -95.463830999709529, 40.171201000254776 ], [ -95.458753999667636, 40.168251000423957 ], [ -95.453901000804535, 40.166595000176436 ], [ -95.447030999417095, 40.164951999540961 ], [ -95.442817999809066, 40.163261000350516 ], [ -95.440693999513769, 40.162282000596278 ], [ -95.436348000164244, 40.158720000156222 ], [ -95.433821999758081, 40.152934999610899 ], [ -95.433374000239155, 40.146114000053245 ], [ -95.432164999645948, 40.141025000645804 ], [ -95.431351000175241, 40.139162999710415 ], [ -95.427408999608019, 40.134607999658833 ], [ -95.423660000028335, 40.1322370006379 ], [ -95.419549999880104, 40.131049000413022 ], [ -95.407690999672383, 40.129839000039532 ], [ -95.404394999874853, 40.129017999404958 ], [ -95.400265999764756, 40.127292999439497 ], [ -95.396549000328321, 40.124700999456188 ], [ -95.39334700040844, 40.119211999494468 ], [ -95.392809999267612, 40.112928999835816 ], [ -95.394215999679673, 40.108263000398402 ], [ -95.397146000893699, 40.105182999509267 ], [ -95.406598000333375, 40.099105999426463 ], [ -95.408552000761773, 40.096988999563415 ], [ -95.410099999636458, 40.093975000293433 ], [ -95.410750999641081, 40.091042999837178 ], [ -95.410426000269013, 40.087948000373899 ], [ -95.408714999253533, 40.082899000261854 ], [ -95.408389000245691, 40.079721999538592 ], [ -95.409366999209254, 40.074997999901107 ], [ -95.410425999904007, 40.073532000208921 ], [ -95.418895999687152, 40.065958000007413 ], [ -95.420281000582364, 40.064165999747999 ], [ -95.421339999943697, 40.060746000091982 ], [ -95.421566999170309, 40.05765999997157 ], [ -95.419321999928059, 40.048441999866967 ], [ -95.415829000398475, 40.041517000160702 ], [ -95.412437000217594, 40.037210999766103 ], [ -95.407261000106359, 40.033111999690789 ], [ -95.402665999829111, 40.03056700055793 ], [ -95.395857999251831, 40.028038000071057 ], [ -95.391526999503895, 40.027057999584073 ], [ -95.387194999752211, 40.026770000286724 ], [ -95.382957000523675, 40.027112000440681 ], [ -95.363983000467201, 40.031497999860122 ], [ -95.356876000316035, 40.031521999717981 ], [ -95.351506999525768, 40.030231999634807 ], [ -95.346572999276106, 40.028271999706142 ], [ -95.336242000509671, 40.019103999703844 ], [ -95.333730999695376, 40.017831999886397 ], [ -95.32850100047537, 40.01565700006735 ], [ -95.318014999944822, 40.013215999725865 ], [ -95.315270999609297, 40.012070000448198 ], [ -95.312210999718886, 40.009395000088226 ], [ -95.309331999694848, 40.004473000452336 ], [ -95.308469000649339, 40.00219400013043 ], [ -95.308087999881764, 39.992478000354019 ], [ -95.306976000266971, 39.989208000082307 ], [ -95.305802999982703, 39.987898999772383 ], [ -95.301613000024247, 39.983999999978998 ], [ -95.295403000487411, 39.980662999634234 ], [ -95.285615000122775, 39.976099999672392 ], [ -95.274757000042428, 39.972114999995689 ], [ -95.269886000049809, 39.969395999922078 ], [ -95.261854000349118, 39.96061800008507 ], [ -95.257651999772875, 39.95488600068817 ], [ -95.250254000270289, 39.94864399980834 ], [ -95.241382999519914, 39.944949000316925 ], [ -95.23676099985488, 39.943930999781863 ], [ -95.23111399999209, 39.943783999792643 ], [ -95.220248000104903, 39.94443099991193 ], [ -95.21643999907603, 39.943953000141249 ], [ -95.212734000434267, 39.942939000242106 ], [ -95.205266000767423, 39.939749999420791 ], [ -95.20192399996111, 39.936121999851473 ], [ -95.201108999453055, 39.934664000302703 ], [ -95.200382000079401, 39.93103099955956 ], [ -95.200582000853004, 39.925124000115957 ], [ -95.202146999778094, 39.921264000284978 ], [ -95.205228999344939, 39.916236999987781 ], [ -95.206063000078288, 39.912061000017403 ], [ -95.205387999316031, 39.908309999977689 ], [ -95.202744999318142, 39.90507599987999 ], [ -95.199275000512401, 39.903114999866602 ], [ -95.193793000160312, 39.900971999694491 ], [ -95.189561000971693, 39.900144999772628 ], [ -95.18122199941169, 39.899996000543922 ], [ -95.174303000782899, 39.900990999820976 ], [ -95.159834000346677, 39.90698400053941 ], [ -95.156023999686681, 39.907243000251476 ], [ -95.149656999726275, 39.905948000110278 ], [ -95.14605500034061, 39.90418300016028 ], [ -95.142837999617015, 39.900402000609084 ], [ -95.142250999607953, 39.897032999792486 ], [ -95.143254000095453, 39.887774999727249 ], [ -95.140601000634035, 39.881688000092211 ], [ -95.137091999681459, 39.878350999806365 ], [ -95.134747000084374, 39.87685200014019 ], [ -95.128609000566058, 39.874335000566148 ], [ -95.121136999383168, 39.872008999765313 ], [ -95.110849000019826, 39.870988999738124 ], [ -95.108711000352898, 39.870401999857243 ], [ -95.098321999188542, 39.866922000166547 ], [ -95.090157999781681, 39.863139999752725 ], [ -95.085002999501882, 39.861882999598691 ], [ -95.075045999795876, 39.861561999351274 ], [ -95.056639999841892, 39.864024000007696 ], [ -95.039403000920359, 39.864832000115911 ], [ -95.035245999421207, 39.865921000266354 ], [ -95.032860999240043, 39.867320999471019 ], [ -95.027879999769169, 39.870880000312184 ], [ -95.026746999734272, 39.872273000046093 ], [ -95.0249010003904, 39.877254999893616 ], [ -95.024808999688901, 39.87922799988781 ], [ -95.025954999155488, 39.884344999843357 ], [ -95.0252400004686, 39.889699999605952 ], [ -95.023722999882011, 39.892034999617991 ], [ -95.018743000370492, 39.897372000247699 ], [ -95.015135000254816, 39.899642999420344 ], [ -95.009936000344311, 39.900636000095155 ], [ -95.003818999962434, 39.900401000419642 ], [ -94.987059000023393, 39.896320000417425 ], [ -94.977787999765042, 39.897319999981114 ], [ -94.962127000606714, 39.901262999998082 ], [ -94.954154999682487, 39.901137999385128 ], [ -94.943866999729551, 39.89813000052586 ], [ -94.934906999323303, 39.893784000137515 ], [ -94.930159999195837, 39.889933999431506 ], [ -94.927896999736234, 39.886112000390142 ], [ -94.927232000341917, 39.881029999670957 ], [ -94.928466000503846, 39.876343999700637 ], [ -94.931462999826124, 39.872601999761407 ], [ -94.939725999956096, 39.86617799941849 ], [ -94.942378000087345, 39.862253999858808 ], [ -94.942959999454771, 39.859457000062569 ], [ -94.942566999139629, 39.85703399955888 ], [ -94.939853999837553, 39.852043999701436 ], [ -94.926150000590368, 39.841322000577641 ], [ -94.916766000580822, 39.835806999904399 ], [ -94.906340000747676, 39.833735999905358 ], [ -94.892934000071719, 39.834679999952492 ], [ -94.888792999058523, 39.834134999475509 ], [ -94.883658000398384, 39.831665000414404 ], [ -94.878677000221927, 39.826522000605607 ], [ -94.87666000078147, 39.822521999619234 ], [ -94.875943999757808, 39.813293999525861 ], [ -94.87624400026489, 39.807394000495371 ], [ -94.877712999624009, 39.803460999538125 ], [ -94.880990999627954, 39.797309000237547 ], [ -94.882289000248647, 39.795804000140265 ], [ -94.886548000018024, 39.793010000507536 ], [ -94.890528000539575, 39.791425000137124 ], [ -94.893180000520488, 39.790915000253399 ], [ -94.900170999879819, 39.790387999883009 ], [ -94.919550000050975, 39.790290999524181 ], [ -94.924916999355418, 39.789848999874721 ], [ -94.927558000321412, 39.78920999982212 ], [ -94.932724999571548, 39.786282999693533 ], [ -94.93499700015343, 39.783692000039494 ], [ -94.935764000712879, 39.779453000130076 ], [ -94.935300000357188, 39.775614000237752 ], [ -94.934505999761555, 39.772862000181632 ], [ -94.926228999470865, 39.766490000231315 ], [ -94.916789000290493, 39.760937999929887 ], [ -94.91094900067985, 39.75917799983133 ], [ -94.903956000417324, 39.759769999713377 ], [ -94.898263000061348, 39.76162199954782 ], [ -94.892188000264227, 39.765110999637294 ], [ -94.891669000494147, 39.764705000040671 ], [ -94.882161000467633, 39.771043000065589 ], [ -94.871145000300302, 39.772979999720526 ], [ -94.869654999642862, 39.772898999839484 ], [ -94.867143000694426, 39.77169399960615 ], [ -94.86522000021337, 39.770070000236331 ], [ -94.863086999729731, 39.767234000332806 ], [ -94.860639000061198, 39.762982999844247 ], [ -94.859034999837107, 39.754116000078753 ], [ -94.86173699958465, 39.744471999727175 ], [ -94.862735000573494, 39.742195000158191 ], [ -94.864850000301047, 39.739626000451032 ], [ -94.865047999226391, 39.738590999836148 ], [ -94.867739999399973, 39.736042000104064 ], [ -94.875634000053964, 39.730492000258998 ], [ -94.881342999472423, 39.727893999716521 ], [ -94.884142999768471, 39.726794000609154 ], [ -94.891744000504616, 39.724893999765392 ], [ -94.901043999587657, 39.724057999606075 ], [ -94.910068000115103, 39.725786000287464 ], [ -94.918342000074261, 39.728796999566939 ], [ -94.930005000297953, 39.73536999950764 ], [ -94.936709000051053, 39.74009000004655 ], [ -94.941493000036033, 39.742729999797461 ], [ -94.941803999854542, 39.743367000575553 ], [ -94.947540999606019, 39.7453369995809 ], [ -94.952214000247707, 39.745944999785578 ], [ -94.955285999678821, 39.745688999980679 ], [ -94.963958000578586, 39.740361000360124 ], [ -94.970197999652058, 39.73247300021719 ], [ -94.971205999340938, 39.729304999951772 ], [ -94.971077999119018, 39.723145999941778 ], [ -94.968452999876476, 39.707402000128283 ], [ -94.968980999657703, 39.692953999870426 ], [ -94.9706769991774, 39.687239000168162 ], [ -94.975812999777233, 39.681754000228239 ], [ -94.981565, 39.67863600048539 ], [ -94.989268999438579, 39.677002000210919 ], [ -95.007030000364338, 39.676039999748767 ], [ -95.01531000000054, 39.67426200058739 ], [ -95.018317999610318, 39.672869000348051 ], [ -95.024595000169469, 39.668484999494375 ], [ -95.027644000433, 39.665454000209394 ], [ -95.037498999051792, 39.652877000254804 ], [ -95.039049000784061, 39.649638999909001 ], [ -95.044554000584824, 39.64437000018556 ], [ -95.049518000382761, 39.637876000626825 ], [ -95.054267000287325, 39.627744999852567 ], [ -95.055151999788237, 39.62165700020401 ], [ -95.054236000641382, 39.61729099928796 ], [ -95.051885000218547, 39.611978000118121 ], [ -95.047910999628414, 39.606287999951988 ], [ -95.046445000105038, 39.601605999773064 ], [ -95.047164999659117, 39.595117000154353 ], [ -95.048508999392666, 39.591136999839428 ], [ -95.050589999442948, 39.587562999822353 ], [ -95.056896999963101, 39.580566999664796 ], [ -95.063392000007099, 39.577474000558617 ], [ -95.067094999561846, 39.576501999770464 ], [ -95.072159999268393, 39.576121999828921 ], [ -95.075209999827123, 39.576429000682815 ], [ -95.087432999470224, 39.580586000403734 ], [ -95.09214999917306, 39.581116000699737 ], [ -95.099094999780348, 39.579691000316423 ], [ -95.104947999604562, 39.576603999626428 ], [ -95.107474000426649, 39.573743000168136 ], [ -95.113283999830671, 39.558152000610555 ], [ -95.11355700051115, 39.553941000095286 ], [ -95.11036799943426, 39.544562000229874 ], [ -95.108064999427995, 39.539919000094862 ], [ -95.104586999722912, 39.535143999974771 ], [ -95.097412999291265, 39.528253999896364 ], [ -95.087590000274616, 39.520354999687946 ], [ -95.082714000260665, 39.516711999789123 ], [ -95.077440999570896, 39.513551999381804 ], [ -95.059300000262169, 39.506473000331823 ], [ -95.054458999962591, 39.502652999515071 ], [ -95.050552000631953, 39.497514000089915 ], [ -95.048739999353486, 39.488938999744583 ], [ -95.048370000269983, 39.480420000157828 ], [ -95.04767100029531, 39.4775360003527 ], [ -95.044667999968794, 39.471255999721265 ], [ -95.040780000282126, 39.466386999567703 ], [ -95.033407999938817, 39.460875999968216 ], [ -95.022024999683339, 39.455452999883789 ], [ -95.015763000205183, 39.453099000296348 ], [ -95.007617999702532, 39.451067999714695 ], [ -95.000241000499955, 39.449763000288065 ], [ -94.992850999550271, 39.447272000605643 ], [ -94.990171999996917, 39.446191999834916 ], [ -94.984788000720471, 39.442702999567338 ], [ -94.982143999273532, 39.440552000352781 ], [ -94.978797999401465, 39.436241000194698 ], [ -94.976605999516735, 39.426701000217747 ], [ -94.972952000647439, 39.421704999538868 ], [ -94.968081000046382, 39.418328999860627 ], [ -94.964488999832966, 39.416718000253198 ], [ -94.954816999735371, 39.413843999422177 ], [ -94.951208999894391, 39.411706999972949 ], [ -94.947864000226417, 39.408603999925184 ], [ -94.94629300018255, 39.405645999686953 ], [ -94.946720999603443, 39.400926000687299 ], [ -94.946226999790241, 39.39564800003923 ], [ -94.944067999403273, 39.391593999257871 ], [ -94.942039000629748, 39.389498999557617 ], [ -94.937157999510902, 39.386531000022067 ], [ -94.933651999889889, 39.385545999909205 ], [ -94.930574000077584, 39.38506000042203 ], [ -94.922993999884952, 39.384882999977606 ], [ -94.919225000281088, 39.385173999651421 ], [ -94.9158589998965, 39.386347999837945 ], [ -94.900132000483723, 39.393333000400119 ], [ -94.897873000082157, 39.393622000090858 ], [ -94.891844999418751, 39.393313000289183 ], [ -94.886795999583853, 39.391326000421543 ], [ -94.885025999848281, 39.389801000192627 ], [ -94.880978999714856, 39.383899000125773 ], [ -94.879280999959647, 39.379779999984201 ], [ -94.879087999783124, 39.375702999549183 ], [ -94.881360000562196, 39.370382999541185 ], [ -94.88492199984158, 39.366510999901124 ], [ -94.887144999939053, 39.365431000137349 ], [ -94.890893000006585, 39.363931000044992 ], [ -94.900656000385013, 39.361358999926189 ], [ -94.902497000879535, 39.360383000361885 ], [ -94.908288999473271, 39.3556389998108 ], [ -94.910016999854363, 39.352542999961067 ], [ -94.910640999586263, 39.348335000017556 ], [ -94.910353000161251, 39.34473500044259 ], [ -94.909121000589479, 39.338526999878034 ], [ -94.907903999123974, 39.323451000049403 ], [ -94.90612600026796, 39.314721000285829 ], [ -94.903975999975742, 39.308586000256575 ], [ -94.89851600023627, 39.298450000522706 ], [ -94.893320000665199, 39.292775999539408 ], [ -94.884092999342457, 39.284511999698026 ], [ -94.88039899949527, 39.282206999965602 ], [ -94.868367999705399, 39.278214000201928 ], [ -94.857717999717039, 39.274105999897138 ], [ -94.84632000008645, 39.268481000393585 ], [ -94.83735900022188, 39.262000999793955 ], [ -94.830552999771655, 39.255135000189945 ], [ -94.827478999955616, 39.24989599959811 ], [ -94.825662999778501, 39.241729000327226 ], [ -94.826110999313713, 39.238288999687356 ], [ -94.827791000431503, 39.234001000233 ], [ -94.834896000168385, 39.223842000607867 ], [ -94.834729999529287, 39.220754999852943 ], [ -94.833456000472239, 39.217885999595467 ], [ -94.831679000330325, 39.215938000021936 ], [ -94.821935000045926, 39.209669000028867 ], [ -94.818931999954174, 39.208513000179437 ], [ -94.811543000093735, 39.206906000172886 ], [ -94.802599000135558, 39.206146999641213 ], [ -94.797349000024539, 39.206506000110011 ], [ -94.789101999921172, 39.207805000249323 ], [ -94.785966000739037, 39.207819000161223 ], [ -94.782951000353961, 39.207162000072692 ], [ -94.778717999616077, 39.204241999697359 ], [ -94.776398000688715, 39.201810000622444 ], [ -94.773544000973985, 39.197191999395443 ], [ -94.770249999959233, 39.189826999614418 ], [ -94.767090000017674, 39.184842000351097 ], [ -94.762858000769725, 39.179991000113951 ], [ -94.752285999532532, 39.173249999754489 ], [ -94.740777000069784, 39.169987000290732 ], [ -94.735743000537582, 39.169191000316594 ], [ -94.723636999316, 39.169002999852921 ], [ -94.714136999766438, 39.170403000327589 ], [ -94.706844999142419, 39.17374400048481 ], [ -94.705523000589082, 39.173799999817675 ], [ -94.688788000435721, 39.183227999912006 ], [ -94.682060000529177, 39.184224999873798 ], [ -94.678239999653456, 39.184169000033407 ], [ -94.673903000682998, 39.183554000172059 ], [ -94.66911000001754, 39.182204000171602 ], [ -94.665276999851486, 39.180378000104504 ], [ -94.661577000022291, 39.177359000294985 ], [ -94.659161999835007, 39.174126000093004 ], [ -94.659306999991941, 39.170063999995129 ], [ -94.660315000071733, 39.168051000434076 ], [ -94.661396999883976, 39.162742000785954 ], [ -94.659210000172862, 39.157841000403081 ], [ -94.65578700053517, 39.155680000076075 ], [ -94.650647000221724, 39.154091999604297 ], [ -94.639778999953805, 39.153707000301068 ], [ -94.635552000468337, 39.154082000334284 ], [ -94.623923999296906, 39.156611000227144 ], [ -94.615480000767917, 39.160146999868751 ], [ -94.608657000446442, 39.161044000277172 ], [ -94.601732999431462, 39.159602999866351 ], [ -94.593846000559893, 39.156827999711602 ], [ -94.590660999756452, 39.15476699955034 ], [ -94.588657999794606, 39.151163000296336 ], [ -94.58871999997092, 39.145021000456964 ], [ -94.589897999931893, 39.138978999926238 ], [ -94.591080999837843, 39.13683900015851 ], [ -94.605115999944317, 39.123258999858336 ], [ -94.607701000178707, 39.119696000205586 ], [ -94.608519000264948, 39.116243999577719 ], [ -94.607353999748398, 39.113444000534727 ], [ -94.603901000304333, 39.110915999487908 ], [ -94.598662999785248, 39.109831000405663 ], [ -94.595725000054188, 39.110003999911832 ], [ -94.592248000444286, 39.111173999901098 ], [ -94.578824999973321, 39.117476000496126 ], [ -94.577908000635134, 39.112674000298192 ], [ -94.576838999505256, 39.112867999787866 ], [ -94.576099999724917, 39.110654000322 ], [ -94.574877000102759, 39.110888999240153 ], [ -94.57428800030813, 39.109028999650256 ], [ -94.571873000097469, 39.109503000307278 ], [ -94.571060999754692, 39.107032000213657 ], [ -94.530709000251107, 39.105622999909158 ], [ -94.530297999518808, 39.112849999753031 ], [ -94.515196000076543, 39.112345000114942 ], [ -94.515081000423038, 39.11413900007058 ], [ -94.51274699949775, 39.114058999645756 ], [ -94.512852000688753, 39.112258999681998 ], [ -94.509348000789188, 39.112125999540112 ], [ -94.50914899955967, 39.114855999540914 ], [ -94.50816100014714, 39.115731000078753 ], [ -94.507876000168466, 39.119607999462481 ], [ -94.513321999636617, 39.121073999742279 ], [ -94.515573000050495, 39.122448999629462 ], [ -94.531678000047293, 39.140820000409562 ], [ -94.53406099976047, 39.145908000317192 ], [ -94.529901000062679, 39.147331000116438 ], [ -94.52346300045015, 39.148771000502947 ], [ -94.512679000183368, 39.15045099981419 ], [ -94.506406000072957, 39.15091400045214 ], [ -94.495411000303861, 39.150393999391859 ], [ -94.489764000537136, 39.148308000078877 ], [ -94.484615999786129, 39.145503999429877 ], [ -94.47632999966666, 39.137004000130744 ], [ -94.469330000721342, 39.130703999586515 ], [ -94.469317999913685, 39.128838999896104 ], [ -94.467896000223774, 39.124954000720031 ], [ -94.461590000053235, 39.120371999964583 ], [ -94.455428999621915, 39.123104000632161 ], [ -94.440642000178528, 39.130779999924066 ], [ -94.430364999889363, 39.138025999898339 ], [ -94.423484999836461, 39.144068999572205 ], [ -94.417963000084967, 39.151144000149301 ], [ -94.405593000396621, 39.162589999913628 ], [ -94.402328000526879, 39.164766000190305 ], [ -94.399928000349618, 39.174803000288286 ], [ -94.402618999199362, 39.181199999478096 ], [ -94.40902499984233, 39.192104000144163 ], [ -94.408628000115172, 39.193602999942115 ], [ -94.407227999806807, 39.195302999829501 ], [ -94.401632000170295, 39.196993000172711 ], [ -94.395027999772239, 39.196303000567461 ], [ -94.389728000721448, 39.1935030002074 ], [ -94.384828000019937, 39.187203999999724 ], [ -94.380098000741825, 39.173450000350911 ], [ -94.378493999617163, 39.1703650004049 ], [ -94.369415000126935, 39.163676000400613 ], [ -94.365980000323589, 39.163226999617827 ], [ -94.36355600056946, 39.1636559997295 ], [ -94.36153999979912, 39.164655999472281 ], [ -94.354132000130846, 39.170450999452669 ], [ -94.350664000080855, 39.171425000647105 ], [ -94.346171999863259, 39.173881999858502 ], [ -94.341475999975344, 39.177471999937147 ], [ -94.33765900022307, 39.180741999890635 ], [ -94.328154999770817, 39.191231999723108 ], [ -94.322300000919284, 39.198665999415041 ], [ -94.320498000211288, 39.201763000268137 ], [ -94.319361999657716, 39.204611000405706 ], [ -94.316770000837138, 39.215731000128962 ], [ -94.314001999723018, 39.221267000216514 ], [ -94.311542999916696, 39.223572999393355 ], [ -94.308931999823486, 39.22735099986425 ], [ -94.304608999094398, 39.231410999843767 ], [ -94.301702999613184, 39.23302799963129 ], [ -94.289872999459206, 39.237107000492976 ], [ -94.267399999569875, 39.235396000239781 ], [ -94.255424000301787, 39.236218999881103 ], [ -94.250045999895107, 39.234845000191811 ], [ -94.243311000482748, 39.232004000499145 ], [ -94.238428999674099, 39.22821899964287 ], [ -94.235456000521154, 39.224427999874663 ], [ -94.232452999957559, 39.218448999953708 ], [ -94.228759000509712, 39.214649999763068 ], [ -94.221275000335723, 39.210133999747868 ], [ -94.216816000694976, 39.208004000577496 ], [ -94.211468000008793, 39.206786999538423 ], [ -94.207253999510712, 39.206323999430126 ], [ -94.204200000346162, 39.206694999772743 ], [ -94.199550999706673, 39.208197000525814 ], [ -94.190142999993114, 39.213012999866443 ], [ -94.186270999524197, 39.214084999947666 ], [ -94.176143000207233, 39.214148999396386 ], [ -94.17225499999283, 39.213382000389323 ], [ -94.170495000513512, 39.21231000040617 ], [ -94.169423000922791, 39.210614000028954 ], [ -94.170239000257766, 39.20448600053124 ], [ -94.176446999920344, 39.196037999443902 ], [ -94.181518999965263, 39.19261300024516 ], [ -94.18505600090954, 39.189285000159728 ], [ -94.187167999939518, 39.184133999712998 ], [ -94.186879999864232, 39.182437999976145 ], [ -94.185839999861685, 39.181030000296012 ], [ -94.181152000792878, 39.179013999510403 ], [ -94.176830999995943, 39.178118000310228 ], [ -94.159104000164263, 39.176838999819559 ], [ -94.147151999813659, 39.175174999900719 ], [ -94.138624000123457, 39.173126999982834 ], [ -94.133663999996656, 39.171239000016435 ], [ -94.129919000345893, 39.168903000381263 ], [ -94.126367000288198, 39.165782999894937 ], [ -94.124303000252837, 39.163286999802736 ], [ -94.122222999880307, 39.159306999686549 ], [ -94.114031999409335, 39.149713999556965 ], [ -94.10339099997401, 39.142422999630163 ], [ -94.096815000550095, 39.139158999586385 ], [ -94.087134999934946, 39.13554299978091 ], [ -94.078607000477618, 39.134246999551081 ], [ -94.072991000176657, 39.134023999918654 ], [ -94.062462999265335, 39.134279999917041 ], [ -94.056637999723833, 39.135543999919271 ], [ -94.045566000372858, 39.140840000146348 ], [ -94.036781999946044, 39.147320000242395 ], [ -94.024206000880213, 39.15453699993008 ], [ -94.025711000239582, 39.165000999420457 ], [ -94.028455000519628, 39.169030000339546 ], [ -94.034814999504079, 39.176393000329099 ], [ -94.035726999844996, 39.178121000138013 ], [ -94.036094000385944, 39.184169000427559 ], [ -94.035694999888861, 39.186185000164649 ], [ -94.03449400067727, 39.187945000273636 ], [ -94.032046000678889, 39.189960999417835 ], [ -94.028821999932788, 39.191594999563293 ], [ -93.988663999279169, 39.201638999901974 ], [ -93.98008800018772, 39.205874000339236 ], [ -93.978962999474149, 39.206046000654027 ], [ -93.971971000428169, 39.202175999830345 ], [ -93.966767999398598, 39.198266000364903 ], [ -93.964543999983803, 39.195986999782789 ], [ -93.961779000310955, 39.192120000543127 ], [ -93.961479000822393, 39.187524999510849 ], [ -93.96263199968179, 39.183084000069172 ], [ -93.967863000171121, 39.178134000255966 ], [ -93.975348000495842, 39.172736999424529 ], [ -93.98036600061603, 39.170820999588848 ], [ -93.983361000154318, 39.168524000242705 ], [ -93.986260000561245, 39.16126100019607 ], [ -93.986692000297879, 39.155817000203825 ], [ -93.988892000742013, 39.152785999737382 ], [ -93.984712999543362, 39.148988999906521 ], [ -93.979090999691238, 39.145465999921761 ], [ -93.973544000299498, 39.143272000364931 ], [ -93.969110999894696, 39.142275000286908 ], [ -93.961154999650518, 39.143562999607212 ], [ -93.958326999900706, 39.145168000452031 ], [ -93.951187000779072, 39.150217999812902 ], [ -93.942410999895785, 39.158082999746313 ], [ -93.944128000359484, 39.161888999941674 ], [ -93.944358000850329, 39.170221999514254 ], [ -93.943323000247872, 39.173825000052013 ], [ -93.941451000436714, 39.174973000226167 ], [ -93.940717999381022, 39.17874300006379 ], [ -93.940043000495848, 39.179689999741711 ], [ -93.932291000807524, 39.183757000085301 ], [ -93.927829999795193, 39.184386000372328 ], [ -93.909131000465507, 39.182504000323227 ], [ -93.904311000015241, 39.183465000029692 ], [ -93.901460999967554, 39.184502000304548 ], [ -93.899417000009052, 39.184538999392942 ], [ -93.875220000053801, 39.204080000232835 ], [ -93.872064000608063, 39.205951999765901 ], [ -93.855434000017581, 39.212874000170437 ], [ -93.848970999833398, 39.214540999908621 ], [ -93.84014700017741, 39.215467000421668 ], [ -93.824171999443877, 39.214896999602722 ], [ -93.818512999847869, 39.213655000002966 ], [ -93.810916999660805, 39.210936999827318 ], [ -93.802519000321595, 39.207271000671362 ], [ -93.799774999730161, 39.205205999829161 ], [ -93.794501999556786, 39.202983999779029 ], [ -93.788493999332189, 39.20103000030678 ], [ -93.784391000750162, 39.200209000175185 ], [ -93.778522999852299, 39.200573999554237 ], [ -93.774095000298928, 39.201681999685874 ], [ -93.76035800080632, 39.206636999777757 ], [ -93.745999999732447, 39.20948700011418 ], [ -93.738955999759767, 39.209654999720151 ], [ -93.728851000820882, 39.208437000035175 ], [ -93.71924599957137, 39.206395999374372 ], [ -93.711210000251498, 39.206261999851186 ], [ -93.707810000009246, 39.206894999266503 ], [ -93.702334999464398, 39.208798999752709 ], [ -93.700126000555699, 39.209683999895603 ], [ -93.696967999865635, 39.211874000140085 ], [ -93.693856999539051, 39.215858000463228 ], [ -93.689410999579991, 39.224716000118043 ], [ -93.685552999904743, 39.228551999960843 ], [ -93.68159500009277, 39.231235000587915 ], [ -93.674331999293543, 39.233966000195196 ], [ -93.666473000012559, 39.235477000292136 ], [ -93.661901000415057, 39.235782000471893 ], [ -93.660983000826334, 39.237494999811069 ], [ -93.65749299966896, 39.238779999996126 ], [ -93.656064999981268, 39.241383000107156 ], [ -93.65755400010076, 39.245361000300761 ], [ -93.655211000179818, 39.247324999790081 ], [ -93.652816000433518, 39.248252000205625 ], [ -93.650152000070477, 39.248115000728497 ], [ -93.646738999273651, 39.245861999733386 ], [ -93.644407000674079, 39.245202000088582 ], [ -93.643135999430825, 39.245498999621418 ], [ -93.640583999862542, 39.247305999465496 ], [ -93.636380999749079, 39.247172000485961 ], [ -93.632291999329723, 39.24582500002019 ], [ -93.629184999686771, 39.243532999933393 ], [ -93.627454999742525, 39.242971999559551 ], [ -93.613418999598025, 39.242520000085364 ], [ -93.608931999815923, 39.241731000202307 ], [ -93.607335999879353, 39.242022999615187 ], [ -93.60518800049887, 39.240843999698811 ], [ -93.595938999691285, 39.242061999901296 ], [ -93.592816999841176, 39.242058999430782 ], [ -93.58582899996992, 39.240759999808795 ], [ -93.583555999604457, 39.238965000318608 ], [ -93.57808799988841, 39.236135999686944 ], [ -93.568926000429428, 39.22860500019528 ], [ -93.567706999685385, 39.227174000363839 ], [ -93.565778000152633, 39.222503000666187 ], [ -93.563191999856656, 39.220019999930216 ], [ -93.55152800011119, 39.217017000076098 ], [ -93.544047000301575, 39.215762000063613 ], [ -93.537166999583306, 39.215653000395491 ], [ -93.528431999459471, 39.214891999688611 ], [ -93.516063000489979, 39.215289000642848 ], [ -93.505069000259454, 39.216819000014304 ], [ -93.500211000280487, 39.218004999823172 ], [ -93.498663000231247, 39.219513999922839 ], [ -93.491960000175027, 39.223460999809674 ], [ -93.489284000184895, 39.226297000478802 ], [ -93.487884999909639, 39.228874999764344 ], [ -93.48657300055757, 39.233860999565636 ], [ -93.487610999426963, 39.238338000005108 ], [ -93.49326599930292, 39.252816999806313 ], [ -93.496220999754811, 39.264890999646155 ], [ -93.496323000114685, 39.27002200030595 ], [ -93.495377000448684, 39.275458999887178 ], [ -93.493340000280654, 39.280669999697061 ], [ -93.49201800005639, 39.282938000058444 ], [ -93.489888999775928, 39.285144999390305 ], [ -93.483700000705028, 39.290248999772508 ], [ -93.478253999290047, 39.292665999739441 ], [ -93.473271999427624, 39.293296000245832 ], [ -93.466503999501157, 39.292767000103559 ], [ -93.464984999622999, 39.292370000499687 ], [ -93.459907999419315, 39.289375000024386 ], [ -93.45587300029635, 39.28533200009187 ], [ -93.450713999687423, 39.272975000069849 ], [ -93.444231000039721, 39.268524999772801 ], [ -93.440554000056792, 39.267821000673216 ], [ -93.432959999882897, 39.267262000021191 ], [ -93.418109000388597, 39.268056000150771 ], [ -93.413923999819957, 39.267752999514947 ], [ -93.409362000691459, 39.266295000253102 ], [ -93.405808999824188, 39.264193999821963 ], [ -93.40344100063426, 39.261432000023028 ], [ -93.402903000696085, 39.260053999436487 ], [ -93.403029000228088, 39.257980000247677 ], [ -93.404497999896961, 39.254222000222754 ], [ -93.406874000236115, 39.250900999909319 ], [ -93.413381000113844, 39.244556000297329 ], [ -93.415229999995347, 39.241796999979989 ], [ -93.415881999823981, 39.237823999858954 ], [ -93.415226000427026, 39.234923000435877 ], [ -93.411414000836942, 39.231057999549755 ], [ -93.407929000016608, 39.228996000139801 ], [ -93.403793999093821, 39.227437000346463 ], [ -93.399133000228417, 39.226436999946841 ], [ -93.396335000603486, 39.226339999793517 ], [ -93.388410999691331, 39.227426000329331 ], [ -93.375228000507335, 39.230727000102696 ], [ -93.369166000093017, 39.232752000126332 ], [ -93.357548000666441, 39.240697999883395 ], [ -93.353636999164678, 39.242763000123794 ], [ -93.33495700049923, 39.248874999346967 ], [ -93.333337000618059, 39.25001199985396 ], [ -93.329121000441006, 39.255081000102955 ], [ -93.328320000316651, 39.257076999930881 ], [ -93.328962000167962, 39.265483000150169 ], [ -93.332623999695471, 39.271305000230797 ], [ -93.337762999265991, 39.276900000200357 ], [ -93.341996000140085, 39.283648000031519 ], [ -93.344429999753984, 39.289363999935766 ], [ -93.344108999481875, 39.297179000219529 ], [ -93.340312000280647, 39.303352999428178 ], [ -93.336856000142419, 39.307031999752994 ], [ -93.332252000028248, 39.309606000212447 ], [ -93.324764000194165, 39.310615000722315 ], [ -93.310472999621922, 39.310744000444757 ], [ -93.294161000301557, 39.309213999841717 ], [ -93.283403999128453, 39.309903999994901 ], [ -93.277725000291852, 39.311548999721325 ], [ -93.269393000561735, 39.316549999771254 ], [ -93.266508999757846, 39.319721000126343 ], [ -93.267794999744581, 39.325116999532149 ], [ -93.263812999607808, 39.331009000497623 ], [ -93.255922000048884, 39.337837000185985 ], [ -93.252565000020581, 39.33887400063329 ], [ -93.24777600012537, 39.338668999996067 ], [ -93.241505000157218, 39.337037000302018 ], [ -93.230079000240963, 39.327876999997677 ], [ -93.228374000662896, 39.327932999709809 ], [ -93.225220999830952, 39.328862999500352 ], [ -93.221204000419746, 39.331656000466744 ], [ -93.2153489998948, 39.338106999617587 ], [ -93.209535999626183, 39.348572999515845 ], [ -93.206753000379337, 39.352390000582446 ], [ -93.192037000070712, 39.365704999620618 ], [ -93.189569000064012, 39.370382999771984 ], [ -93.188799999571202, 39.375023000288891 ], [ -93.189453000532538, 39.379828000114884 ], [ -93.191531000511048, 39.38379100008045 ], [ -93.197088000717187, 39.39043399973346 ], [ -93.198690000130654, 39.393266000014201 ], [ -93.200951000599858, 39.398890999752716 ], [ -93.200707999192829, 39.401787000082358 ], [ -93.199281999783693, 39.404311999588856 ], [ -93.196745999421907, 39.4068360003103 ], [ -93.193100999732664, 39.409278000171 ], [ -93.189435000079371, 39.410486000492199 ], [ -93.180646000041065, 39.411805000115706 ], [ -93.177450999532638, 39.411714000088118 ], [ -93.174464999707297, 39.411025999794241 ], [ -93.167221000002357, 39.407252999777199 ], [ -93.164321999548136, 39.40500700009423 ], [ -93.159481999514568, 39.39895200027668 ], [ -93.15653000057668, 39.392946999411571 ], [ -93.151991999532271, 39.387157999571485 ], [ -93.146081999451496, 39.381997000325704 ], [ -93.139631000006332, 39.378642999707424 ], [ -93.135507000335053, 39.377654000154742 ], [ -93.131867999641059, 39.377328000141745 ], [ -93.125199000217648, 39.377675000356298 ], [ -93.106071000582318, 39.383723999681969 ], [ -93.098584000421454, 39.383173999785747 ], [ -93.092577000559444, 39.381559999853977 ], [ -93.087759000790811, 39.378912000593829 ], [ -93.080289000425651, 39.371752000123159 ], [ -93.077083000618501, 39.365499999778805 ], [ -93.076360999606223, 39.360689999367843 ], [ -93.078053000417782, 39.347976999887521 ], [ -93.076948000221051, 39.342506000653351 ], [ -93.074437999186699, 39.337964999787829 ], [ -93.070590000033192, 39.332794000476824 ], [ -93.065403000176829, 39.328293000122656 ], [ -93.061533000251785, 39.32556600009211 ], [ -93.052043000115304, 39.320724999868425 ], [ -93.044755000691438, 39.317666000682422 ], [ -93.031010000580395, 39.314381999325242 ], [ -93.023775999640293, 39.313115000412864 ], [ -93.014919000884234, 39.312874999847509 ], [ -93.007306000689894, 39.313341999552598 ], [ -93.001932999913677, 39.312994999463172 ], [ -92.976802999608864, 39.315480000393734 ], [ -92.971591999950675, 39.315600000142837 ], [ -92.968462000468037, 39.315179999604581 ], [ -92.959801000181812, 39.312526000107425 ], [ -92.956414000105681, 39.309285000061514 ], [ -92.954288999291066, 39.306345999941108 ], [ -92.953401999887802, 39.302751999741702 ], [ -92.953272999782072, 39.298457000036812 ], [ -92.954924999968981, 39.293816999560526 ], [ -92.957986000129566, 39.288063000464412 ], [ -92.958977999477469, 39.283041000533551 ], [ -92.957766000284806, 39.27933600045121 ], [ -92.956120999812043, 39.277163000097474 ], [ -92.950470000100523, 39.271993000770351 ], [ -92.947402999570841, 39.270094000136069 ], [ -92.938989999916558, 39.267146999537289 ], [ -92.926622999511309, 39.264458000160012 ], [ -92.923616999345413, 39.263375999783911 ], [ -92.918445999365431, 39.259769000373225 ], [ -92.91674899958079, 39.257939999390658 ], [ -92.915468999993067, 39.253378999718471 ], [ -92.91568099963925, 39.250030999893021 ], [ -92.917193999840961, 39.245142999967207 ], [ -92.919968999645249, 39.240208000030648 ], [ -92.91996800024431, 39.232952999666786 ], [ -92.919572000689953, 39.231615000263915 ], [ -92.915197000527755, 39.226261999674492 ], [ -92.911668999775415, 39.223945999870907 ], [ -92.906141999387188, 39.22233900015965 ], [ -92.896193999642776, 39.221896999831877 ], [ -92.892788000146169, 39.222506999791548 ], [ -92.884140000479817, 39.225195000633462 ], [ -92.872606000750991, 39.232980999903617 ], [ -92.867847999822075, 39.235079999709313 ], [ -92.862850999738882, 39.236436999982068 ], [ -92.860149999697569, 39.236501999720254 ], [ -92.854935000077703, 39.23553700035756 ], [ -92.85070199965665, 39.233142000320029 ], [ -92.849070000226618, 39.230611999977917 ], [ -92.849223999998173, 39.226217999561335 ], [ -92.835852999346827, 39.251070999892839 ], [ -92.790368999653396, 39.343586000396066 ], [ -92.707366999556015, 39.321614000287063 ], [ -92.704814000769531, 39.375027999726953 ], [ -92.703143000501427, 39.436798000472336 ], [ -92.699869000505942, 39.51438299981686 ], [ -92.699925000176719, 39.517838999572419 ], [ -92.700458999744995, 39.517826999662205 ], [ -92.700209000011071, 39.530481000415811 ], [ -92.696591999787401, 39.610371000011583 ], [ -92.604020999540964, 39.608998000296317 ], [ -92.565597999339829, 39.609051999738789 ], [ -92.493606999829012, 39.607632000210231 ], [ -92.186690999813848, 39.604081999556975 ], [ -92.184985999458192, 39.662931999746476 ], [ -92.156743000208763, 39.662702999779739 ], [ -92.075585999972873, 39.660908000131151 ], [ -91.966519000394541, 39.659505000094207 ], [ -91.898574999953894, 39.659286000018739 ], [ -91.839893000525151, 39.658431000350475 ], [ -91.763194999775493, 39.657915999784819 ], [ -91.753372000407495, 39.658024000353613 ], [ -91.750749999563212, 39.658414999864327 ], [ -91.750119000547429, 39.657807999975198 ], [ -91.74906699992971, 39.657729000116689 ], [ -91.734620999315283, 39.65736500022323 ], [ -91.729125999664475, 39.657926000084352 ], [ -91.714172000685522, 39.657470999614432 ], [ -91.714470000035263, 39.665848000239187 ], [ -91.715581999493992, 39.671598000078767 ], [ -91.715497000553526, 39.686492000015676 ], [ -91.556731999488065, 39.685328000545837 ], [ -91.445084000247803, 39.685160000191232 ], [ -91.379398000253033, 39.685513000026951 ], [ -91.306693000679076, 39.684865000132788 ] ] ] } },
{ "type": "Feature", "properties": { "district": 7 }, "geometry": { "type": "Polygon", "coordinates": [ [ [ -92.903273000372053, 37.070651000059442 ], [ -92.836771999295905, 37.068452000218045 ], [ -92.811871000332587, 37.068851999583742 ], [ -92.685867000507258, 37.067050999648579 ], [ -92.68188300020023, 37.169242999952957 ], [ -92.679659000554111, 37.242362999757759 ], [ -92.797840999350086, 37.243053000059348 ], [ -92.879809000515891, 37.244671999885391 ], [ -92.898487999706262, 37.245527000340729 ], [ -92.898645999774615, 37.241850999862294 ], [ -92.916751999458143, 37.242487000558448 ], [ -92.916561999448959, 37.246120999975027 ], [ -92.934851000811193, 37.247102000072857 ], [ -92.935006999863205, 37.243181000202348 ], [ -92.94376099996127, 37.243554999986003 ], [ -92.944050000454922, 37.233865999837889 ], [ -92.949187000609911, 37.234602000536029 ], [ -92.95066399966835, 37.23553100058119 ], [ -92.952954999325186, 37.236077999873565 ], [ -92.953973000195234, 37.236026000210096 ], [ -92.953920000005454, 37.233412999987195 ], [ -92.971860999635695, 37.233505999779609 ], [ -92.971782000174542, 37.237147999766286 ], [ -92.975765999384507, 37.239430000143813 ], [ -92.979248999830162, 37.242193000044502 ], [ -92.979418999201982, 37.243426000039783 ], [ -92.980945999570423, 37.243900000328502 ], [ -92.974218000160263, 37.248117999869372 ], [ -92.971553000339924, 37.24801799976553 ], [ -92.971130000493773, 37.268233999574157 ], [ -92.978565000434799, 37.268623999734764 ], [ -92.979849999817574, 37.267646000264463 ], [ -92.98308800009606, 37.266605999377511 ], [ -92.986470999687413, 37.26640100017795 ], [ -92.989731999556994, 37.269466000176756 ], [ -92.992035999178356, 37.270343999818337 ], [ -92.993711999508179, 37.269139999780322 ], [ -92.997011999768461, 37.268325000108135 ], [ -92.997478999868932, 37.267358000098639 ], [ -92.995819999909457, 37.265100000129209 ], [ -92.99832799994573, 37.263297000395511 ], [ -93.001739000453242, 37.262642999985907 ], [ -93.005560999926871, 37.263023999908661 ], [ -93.008186999574662, 37.263930999583188 ], [ -93.009954999934791, 37.262079999742312 ], [ -93.011305999780944, 37.25719099996796 ], [ -93.012371999718439, 37.255960000049534 ], [ -93.013958999844363, 37.257125999735969 ], [ -93.017066999942031, 37.25662199978153 ], [ -93.017045000015514, 37.263144999568524 ], [ -93.026929000109334, 37.263535000362992 ], [ -93.033428999739897, 37.265632999947556 ], [ -93.035959999904307, 37.265225000050684 ], [ -93.037863999970085, 37.265540000126784 ], [ -93.038421000191718, 37.265184999760798 ], [ -93.046246999911759, 37.270817999727988 ], [ -93.041072999804399, 37.270726999428938 ], [ -93.040724000373245, 37.272307000422693 ], [ -93.038501999462156, 37.272743000069262 ], [ -93.038107999500212, 37.274465000686916 ], [ -93.038556000634628, 37.275532000128088 ], [ -93.036654999360763, 37.277516000640624 ], [ -93.03732699980192, 37.278391999929546 ], [ -93.039683000172204, 37.278378999799138 ], [ -93.04376199946681, 37.279540000211391 ], [ -93.044926000188994, 37.276252999538926 ], [ -93.047751000145482, 37.27431700025636 ], [ -93.05805699990826, 37.272196999508999 ], [ -93.058127000285467, 37.272813000054136 ], [ -93.065402000347632, 37.271379000355871 ], [ -93.065386000486427, 37.274337999864777 ], [ -93.068127000271147, 37.274403000167254 ], [ -93.068320000044409, 37.27641700003246 ], [ -93.068450000040315, 37.270935000070232 ], [ -93.076775000299378, 37.270598999370158 ], [ -93.074663999672083, 37.375700999817433 ], [ -93.073379999962583, 37.414989000303443 ], [ -93.138183999753224, 37.415944000170718 ], [ -93.239087999995206, 37.418943000622257 ], [ -93.273540000597762, 37.419249999969615 ], [ -93.32878399959607, 37.420567999897315 ], [ -93.462101999761856, 37.424473999729898 ], [ -93.509344000596741, 37.425380999678381 ], [ -93.511632999372523, 37.425390000289497 ], [ -93.511740999328893, 37.425032999989355 ], [ -93.621153000089365, 37.427422999902404 ], [ -93.625841999404727, 37.282046999830563 ], [ -93.626368999740308, 37.281968999798281 ], [ -93.875210999545303, 37.287100999722391 ], [ -93.948411999684126, 37.287666000129683 ], [ -93.953021000350731, 37.288076999993137 ], [ -93.985825000268164, 37.288458000049516 ], [ -94.083832999569751, 37.290851000130893 ], [ -94.082083000167671, 37.349291000508451 ], [ -94.191832999410551, 37.351703000361432 ], [ -94.237269000088403, 37.353069000070548 ], [ -94.267634000321408, 37.353307000342099 ], [ -94.311092000193526, 37.354849999855297 ], [ -94.392844999261996, 37.356429999310983 ], [ -94.392821000002328, 37.356879999895391 ], [ -94.42593400063582, 37.357382000105346 ], [ -94.463223000208956, 37.35860199947593 ], [ -94.52880599987121, 37.361743999717966 ], [ -94.589771000493485, 37.363812999342954 ], [ -94.617569999600192, 37.364169999799977 ], [ -94.618319999642551, 37.188862999867162 ], [ -94.617807000217582, 37.138365000563383 ], [ -94.61816699946263, 37.118929999810504 ], [ -94.617946000151477, 36.926131000067564 ], [ -94.618060999734084, 36.897079999809343 ], [ -94.618668000465533, 36.879987999955254 ], [ -94.618267999761628, 36.874336000562508 ], [ -94.618464999674387, 36.750069000507878 ], [ -94.617708000152547, 36.624630999853508 ], [ -94.617858999458619, 36.499430999685465 ], [ -94.559310000506116, 36.49949600043967 ], [ -94.497593999715605, 36.498971999884049 ], [ -94.408963000641322, 36.499565999457701 ], [ -94.387898999623815, 36.499544999742049 ], [ -94.386907999719412, 36.499235000002727 ], [ -94.354854000901739, 36.499748999871876 ], [ -94.142532999858233, 36.498645999709595 ], [ -93.866687999896129, 36.499100000238066 ], [ -93.866689000128773, 36.498734999995328 ], [ -93.546464999705151, 36.499315000064968 ], [ -93.3860690008121, 36.498543000575509 ], [ -93.187398999641104, 36.497954999962126 ], [ -92.772339000456128, 36.497838999882006 ], [ -92.764868999675798, 36.80609699983652 ], [ -92.909336000201478, 36.80917800047051 ], [ -92.904609000171476, 36.985621999798695 ], [ -92.903051000207057, 37.056047999537277 ], [ -92.903273000372053, 37.070651000059442 ] ] ] } },
{ "type": "Feature", "properties": { "district": 8 }, "geometry": { "type": "Polygon", "coordinates": [ [ [ -90.252666000335722, 38.12781200058442 ], [ -90.274842999656457, 38.157558999789181 ], [ -90.290629000010966, 38.17036300013077 ], [ -90.300328999370734, 38.17513899966287 ], [ -90.310627000372747, 38.178572999684853 ], [ -90.316876000063218, 38.17947699936893 ], [ -90.323970999272476, 38.182405000191032 ], [ -90.327218000192943, 38.184310999926716 ], [ -90.334172000434037, 38.189857000238874 ], [ -90.352362000110674, 38.211827999350767 ], [ -90.355793000213865, 38.216886999771965 ], [ -90.360141999563623, 38.225659000029019 ], [ -90.365138999602422, 38.240723999538517 ], [ -90.366947999757571, 38.248343999925645 ], [ -90.367199999521162, 38.255494999857085 ], [ -90.369914999735926, 38.267708000206632 ], [ -90.37265899972688, 38.286230000031679 ], [ -90.372554000481102, 38.300417999704997 ], [ -90.371515999508318, 38.306191000229937 ], [ -90.37252699983496, 38.311955000319848 ], [ -90.372625999780794, 38.316162000176 ], [ -90.371405000004188, 38.32296899987049 ], [ -90.371476000192132, 38.330897000114994 ], [ -90.370819000359546, 38.333554000194731 ], [ -90.364361000622665, 38.34751399951854 ], [ -90.355942000621894, 38.360460000614623 ], [ -90.354017000234649, 38.367320000091709 ], [ -90.35062000019262, 38.374762000081176 ], [ -90.341445999586028, 38.388297999616761 ], [ -90.344161999898802, 38.3914909999719 ], [ -90.344528000241652, 38.397594000080673 ], [ -90.347938999645592, 38.405356999566337 ], [ -90.347991999933299, 38.410056999486869 ], [ -90.346336000695231, 38.417076000141016 ], [ -90.347120000026891, 38.419488000031052 ], [ -90.348122000440441, 38.430592000211085 ], [ -90.34711700031491, 38.435952999465826 ], [ -90.340874999549399, 38.440875000008759 ], [ -90.335745000135262, 38.448194999446493 ], [ -90.33644299984347, 38.453978000101664 ], [ -90.338917999862588, 38.455346999623394 ], [ -90.344234999520211, 38.456878999634128 ], [ -90.348122000225558, 38.457736000468323 ], [ -90.353631000095206, 38.458216999416834 ], [ -90.358158000518728, 38.457612999579425 ], [ -90.364892999798712, 38.455408000187589 ], [ -90.375244999900886, 38.45311400036055 ], [ -90.39103100041855, 38.45056100034833 ], [ -90.392215000353474, 38.451022000013715 ], [ -90.392642999562369, 38.451713000496376 ], [ -90.390984999566044, 38.454399999954127 ], [ -90.390960999346035, 38.456377000549068 ], [ -90.392939999797534, 38.458092999748267 ], [ -90.394709999959431, 38.458485999658222 ], [ -90.396318999932561, 38.458253000476745 ], [ -90.401721000588026, 38.454407999975849 ], [ -90.403209999992058, 38.453950999469981 ], [ -90.409223000378134, 38.453226000421182 ], [ -90.411793000336218, 38.454286000340559 ], [ -90.414407999737847, 38.456970999348265 ], [ -90.415350999334663, 38.464704000253654 ], [ -90.421455000243341, 38.476485000139562 ], [ -90.422519000016123, 38.483118000365408 ], [ -90.420056999194813, 38.483724999468855 ], [ -90.415093000360514, 38.481040999770045 ], [ -90.413631999482845, 38.480704000249744 ], [ -90.411805000375963, 38.480988000081219 ], [ -90.407948999668989, 38.483328000065711 ], [ -90.405343000637501, 38.48734999964514 ], [ -90.407418999985225, 38.491652000376185 ], [ -90.40761900025214, 38.496352999782964 ], [ -90.405603000085051, 38.498585999908897 ], [ -90.405262000446612, 38.501153000266761 ], [ -90.412518999626201, 38.500853000313555 ], [ -90.462232000694314, 38.501876999754657 ], [ -90.491390000414313, 38.501186999698369 ], [ -90.512522000717951, 38.501454000293087 ], [ -90.512334999455206, 38.474027999482949 ], [ -90.512952000114709, 38.429405999348532 ], [ -90.513425000304707, 38.404383999739665 ], [ -90.514130000566936, 38.401189999923339 ], [ -90.513472000156497, 38.400162000367033 ], [ -90.51354999952791, 38.342120000391667 ], [ -90.514145999854662, 38.307199000276675 ], [ -90.512838999727208, 38.306730999962667 ], [ -90.514375000148348, 38.30463900008408 ], [ -90.514627999424818, 38.271320000206003 ], [ -90.515821999725503, 38.250185000075597 ], [ -90.515421999792849, 38.247881999543104 ], [ -90.519233000477755, 38.183772000468622 ], [ -90.518167999935969, 38.183825999820009 ], [ -90.516826999815976, 38.17597099971649 ], [ -90.509478000039579, 38.175575999354159 ], [ -90.509770000218552, 38.164990000531361 ], [ -90.510190000416941, 38.162929999715701 ], [ -90.511009999891726, 38.161870000515627 ], [ -90.50985100008991, 38.161669999968431 ], [ -90.509670000713683, 38.154469999656847 ], [ -90.514265999081559, 38.154483999574936 ], [ -90.514224000103823, 38.155627999954184 ], [ -90.51865100013822, 38.155677000031041 ], [ -90.517809999661338, 38.154010000342261 ], [ -90.517929999875108, 38.150530000309658 ], [ -90.509900000101297, 38.143859999994433 ], [ -90.508120000824348, 38.14320999957873 ], [ -90.505629999761382, 38.140339999743425 ], [ -90.499169999539333, 38.13891999997071 ], [ -90.492110000275886, 38.139769999971989 ], [ -90.491900000378919, 38.138620000477587 ], [ -90.500670000719282, 38.138170000074368 ], [ -90.50654000083874, 38.138869999589609 ], [ -90.528409999497455, 38.142419999719976 ], [ -90.530589999717606, 38.143329999966312 ], [ -90.532658999429387, 38.144899000409183 ], [ -90.532584000390514, 38.144378000654967 ], [ -90.528720000724036, 38.140862999631295 ], [ -90.529875000400352, 38.138128999532086 ], [ -90.529931999952424, 38.136075000251296 ], [ -90.527722999973534, 38.13335599941238 ], [ -90.527419999198031, 38.13093600019193 ], [ -90.543539999828823, 38.13127999974872 ], [ -90.544699999650078, 38.129430000472688 ], [ -90.541110000366587, 38.12654999997406 ], [ -90.539949999173018, 38.124749999868797 ], [ -90.538130000147277, 38.124119999357944 ], [ -90.538299999548471, 38.12325000012261 ], [ -90.537249999488594, 38.120299999649248 ], [ -90.537799999898482, 38.107519999807508 ], [ -90.542770000166627, 38.108059999932799 ], [ -90.542744999466507, 38.107322999904405 ], [ -90.546626000786375, 38.108996000062227 ], [ -90.547229999482397, 38.109880000422933 ], [ -90.551183999766536, 38.110440999409704 ], [ -90.552515000736378, 38.111227999726751 ], [ -90.553645000319534, 38.113252000403371 ], [ -90.554785000436397, 38.113925000103009 ], [ -90.555970000468136, 38.114301000248219 ], [ -90.560623999866095, 38.114254999926629 ], [ -90.563630000170946, 38.110450000288537 ], [ -90.564020000362163, 38.10876000008809 ], [ -90.56365000053016, 38.108109999856239 ], [ -90.560830000037058, 38.106980000161357 ], [ -90.560070000036674, 38.106190000390676 ], [ -90.559780000942425, 38.105100000091269 ], [ -90.560930000226335, 38.103590000573405 ], [ -90.561300000507131, 38.102080000276636 ], [ -90.567671000666053, 38.102761000301562 ], [ -90.567898999804328, 38.099095999888348 ], [ -90.571389999291554, 38.099380000686558 ], [ -90.571999999951316, 38.098519999888161 ], [ -90.575573999993992, 38.099177999611889 ], [ -90.575600999695823, 38.098696000351822 ], [ -90.577017999765133, 38.099400000012302 ], [ -90.577991000003976, 38.098505999994224 ], [ -90.57799699990079, 38.097720999978804 ], [ -90.585184000528471, 38.091052999897663 ], [ -90.585744999479473, 38.091088000210959 ], [ -90.585998000711186, 38.086681999838611 ], [ -90.584594999507772, 38.086175999674019 ], [ -90.584592000625506, 38.082487000180819 ], [ -90.593155000334889, 38.08313799989385 ], [ -90.592932999176114, 38.08683800021452 ], [ -90.597781999499702, 38.08733700026886 ], [ -90.59781699933751, 38.086893000567905 ], [ -90.599021999932631, 38.086968999948759 ], [ -90.5992090008791, 38.084073999526439 ], [ -90.603788999773926, 38.084593000222185 ], [ -90.6035459998146, 38.088237000397349 ], [ -90.617539999484762, 38.089872000661444 ], [ -90.618064999869702, 38.073322000158726 ], [ -90.620174999783558, 38.072788999750287 ], [ -90.625212000492994, 38.076036000030228 ], [ -90.627138000089857, 38.075884000279146 ], [ -90.632541999412993, 38.074059999904513 ], [ -90.634366999635148, 38.07440700048145 ], [ -90.635968000134227, 38.076017000429154 ], [ -90.639979999863371, 38.076548000092842 ], [ -90.641576999694024, 37.936416000278875 ], [ -90.643391000087163, 37.847771999678891 ], [ -90.644501000207555, 37.750049000596093 ], [ -90.645134999872823, 37.734812999895041 ], [ -90.738383000815247, 37.73718800000723 ], [ -90.76195000043019, 37.737184999898915 ], [ -90.76209100013547, 37.738517000151525 ], [ -90.785810999669863, 37.736513000107877 ], [ -90.839462000464465, 37.734776999831183 ], [ -90.874134000187297, 37.734196000315109 ], [ -90.87405099907545, 37.736028000160076 ], [ -90.875129000129334, 37.736108999634617 ], [ -90.892848999534834, 37.734870999917661 ], [ -90.947181999651022, 37.738059999503662 ], [ -90.98265000034948, 37.738999000144851 ], [ -90.98251100011592, 37.740338999369548 ], [ -91.00068600087323, 37.738733000041101 ], [ -91.085973000016068, 37.739627999858868 ], [ -91.146521000130491, 37.740810999642576 ], [ -91.146972000464785, 37.69719799981759 ], [ -91.31065500000804, 37.700047999849673 ], [ -91.30831100036383, 37.787186000048507 ], [ -91.375206000665656, 37.788181000552754 ], [ -91.528797000113585, 37.788988999834487 ], [ -91.526393000013698, 37.940965999695443 ], [ -91.525024999312734, 38.152432999762084 ], [ -91.63055399986952, 38.153519000017766 ], [ -91.63243100070936, 38.050950999843906 ], [ -91.747388999645636, 38.053320000411468 ], [ -91.774572000150172, 38.052275000216468 ], [ -91.780681000270263, 38.05256699939342 ], [ -91.810981000200073, 38.051681999385281 ], [ -91.895347000295459, 38.051198999939189 ], [ -91.895973999708147, 38.048955999453938 ], [ -91.896943999664089, 38.047864000010229 ], [ -91.903237999323821, 38.046872999716598 ], [ -91.906059999532857, 38.04588200030858 ], [ -91.907201999968933, 38.044859000176196 ], [ -91.909830000178914, 38.044375999414044 ], [ -91.91521899932755, 38.042441999723913 ], [ -91.91702300019432, 38.041483999729834 ], [ -91.91784700074416, 38.040121999755584 ], [ -91.924722000586286, 38.035223999956877 ], [ -91.935247000508767, 38.030870000442491 ], [ -91.936028999533008, 38.030880000368725 ], [ -91.937049000161508, 38.031667000290604 ], [ -91.938439999947477, 38.036752000465832 ], [ -91.941851999756395, 38.041591999542717 ], [ -91.945535999238018, 38.042179000600605 ], [ -91.949089000173885, 38.041871999761874 ], [ -91.953703999256533, 38.040155000272243 ], [ -91.958719999909448, 38.035592999607061 ], [ -91.962890999637708, 38.023959000145112 ], [ -91.96378000030964, 38.015396000111764 ], [ -91.966333000181749, 38.009682999514219 ], [ -91.984815000180063, 38.009621999359481 ], [ -92.021165000395499, 38.010639000273898 ], [ -92.021133999821714, 37.963774000019008 ], [ -92.02264300016013, 37.896251000022531 ], [ -92.022463000133143, 37.880740000027181 ], [ -92.022863000207067, 37.880739999783032 ], [ -92.025560000561811, 37.750039999875924 ], [ -92.026828999663323, 37.706840999875176 ], [ -92.028559999236521, 37.70684099958298 ], [ -92.029257999513234, 37.602542000364288 ], [ -92.18326100061735, 37.605242999869049 ], [ -92.249462999470225, 37.604542999354699 ], [ -92.252260999815846, 37.472943999795994 ], [ -92.305963000039853, 37.473645000372287 ], [ -92.306162999246752, 37.472945000313672 ], [ -92.359800000023213, 37.473858000077918 ], [ -92.371534999646556, 37.473643000386751 ], [ -92.4870989993248, 37.476021000279935 ], [ -92.522068000474533, 37.477044999898517 ], [ -92.543168000060007, 37.478545000113918 ], [ -92.585996000198918, 37.479090999649614 ], [ -92.686670999551339, 37.481544999700098 ], [ -92.687572000503422, 37.437745999828621 ], [ -92.688072000877057, 37.43774599987195 ], [ -92.688322999340087, 37.429817000365631 ], [ -92.689571000125085, 37.3506469999638 ], [ -92.690470999705113, 37.350647000261809 ], [ -92.692303000327996, 37.263513999839653 ], [ -92.678969999427053, 37.263149000162642 ], [ -92.68188300020023, 37.169242999952957 ], [ -92.685867000507258, 37.067050999648579 ], [ -92.811871000332587, 37.068851999583742 ], [ -92.836771999295905, 37.068452000218045 ], [ -92.903273000372053, 37.070651000059442 ], [ -92.903051000207057, 37.056047999537277 ], [ -92.904609000171476, 36.985621999798695 ], [ -92.909336000201478, 36.80917800047051 ], [ -92.764868999675798, 36.80609699983652 ], [ -92.772339000456128, 36.497838999882006 ], [ -92.564222999498696, 36.498240999811763 ], [ -92.470416000305349, 36.498762000097805 ], [ -92.418677999671942, 36.497909999323419 ], [ -92.384926999432082, 36.497845000138753 ], [ -92.370252000671655, 36.497264000005408 ], [ -92.115178999763089, 36.498823999977226 ], [ -91.972612000495502, 36.498485000546843 ], [ -91.602276999324943, 36.499555999619346 ], [ -91.539505000093015, 36.499235999789228 ], [ -91.406871999758437, 36.497061999839737 ], [ -91.12652200039814, 36.49766500038205 ], [ -90.943990000191562, 36.498436000226022 ], [ -90.89006300003642, 36.498214999615051 ], [ -90.807408000099869, 36.498834000432574 ], [ -90.697745999441153, 36.498142000487256 ], [ -90.659142999692094, 36.498646999564897 ], [ -90.494217000445744, 36.498353000403618 ], [ -90.468672000427773, 36.498630999977472 ], [ -90.390822000183149, 36.498063000048091 ], [ -90.249037999374053, 36.497797999846888 ], [ -90.152307000338183, 36.497982000299587 ], [ -90.154481000457039, 36.496659000274505 ], [ -90.153075999796897, 36.493951999528718 ], [ -90.153450000116734, 36.493048000203792 ], [ -90.155052999529971, 36.492574000219378 ], [ -90.15733400067252, 36.494223000233063 ], [ -90.160066999640691, 36.494377999507527 ], [ -90.159552999648014, 36.492689000023645 ], [ -90.157943999957055, 36.491024999586337 ], [ -90.156490999922866, 36.490516000326146 ], [ -90.156151000484058, 36.489096999975182 ], [ -90.1567309995187, 36.487448000200395 ], [ -90.160099000929335, 36.487503999733953 ], [ -90.159916000311654, 36.485663999860542 ], [ -90.157205999969065, 36.484310999693292 ], [ -90.159539000228747, 36.481247999309979 ], [ -90.159543999356458, 36.480243999937699 ], [ -90.157501000084054, 36.478870000256528 ], [ -90.155444999658968, 36.478562999363419 ], [ -90.151237999622992, 36.476958000611774 ], [ -90.148193999435989, 36.476222999238445 ], [ -90.145956999810821, 36.476550000191878 ], [ -90.144180999591512, 36.476196000033156 ], [ -90.143155999345794, 36.475185999610098 ], [ -90.143223999896676, 36.473600000172439 ], [ -90.142391999323195, 36.47139899989633 ], [ -90.142856999849542, 36.470249999995659 ], [ -90.145662000488585, 36.469054999610606 ], [ -90.147337999788633, 36.469078999782823 ], [ -90.149326000237338, 36.470431000417243 ], [ -90.151994000707433, 36.470183999756955 ], [ -90.152985000189304, 36.470770999810256 ], [ -90.153308999593662, 36.468647999899666 ], [ -90.155592999998802, 36.466435000173547 ], [ -90.155406999581572, 36.463794999736699 ], [ -90.153752999803373, 36.463729999874964 ], [ -90.150498999362526, 36.465463999806509 ], [ -90.147810999082296, 36.463212000116364 ], [ -90.145031999804075, 36.462851000266376 ], [ -90.144039999354192, 36.464348999760226 ], [ -90.144571999598952, 36.467232999852563 ], [ -90.144002999486148, 36.467908999819045 ], [ -90.143007000196491, 36.467960000001014 ], [ -90.142183000430322, 36.467018999957816 ], [ -90.141045999708609, 36.466632000343232 ], [ -90.140423999857234, 36.465075000060772 ], [ -90.14053899983476, 36.463491999831348 ], [ -90.14172999992077, 36.460597999447934 ], [ -90.140962000874225, 36.458537999815881 ], [ -90.137228999726403, 36.455226000342066 ], [ -90.134420999958564, 36.454307000047102 ], [ -90.133952999484379, 36.453780999985398 ], [ -90.134433999442933, 36.452764000188694 ], [ -90.137268000886422, 36.450188999908811 ], [ -90.136145999841474, 36.448054000021443 ], [ -90.136504999978072, 36.446577999872005 ], [ -90.135797000434835, 36.444276000453328 ], [ -90.136347000450201, 36.442716999961988 ], [ -90.134270999938352, 36.439546999877976 ], [ -90.134259999582625, 36.436454000620778 ], [ -90.135352000044861, 36.435383000241082 ], [ -90.138896000038883, 36.435106999346992 ], [ -90.137547999746886, 36.432707999887278 ], [ -90.137947999373736, 36.431562999314821 ], [ -90.138928000205709, 36.431209000636741 ], [ -90.141657000145926, 36.431493000193527 ], [ -90.143011000240804, 36.430948000296794 ], [ -90.144311999909647, 36.426018000345181 ], [ -90.143816999706786, 36.424308000769969 ], [ -90.139302999597675, 36.421319999445366 ], [ -90.138000999634926, 36.421168000641046 ], [ -90.135817000504161, 36.422959999311686 ], [ -90.134403000426957, 36.422876999863426 ], [ -90.135478000193018, 36.419187999850607 ], [ -90.135032999540428, 36.416815999586227 ], [ -90.136362999737941, 36.415230999311383 ], [ -90.138496000082966, 36.414696999993104 ], [ -90.138502999947093, 36.41372599957851 ], [ -90.136868000070393, 36.413279999424226 ], [ -90.134932999849227, 36.41357300001436 ], [ -90.131205000088798, 36.414964000535342 ], [ -90.1292379992489, 36.416700000198666 ], [ -90.12740399963424, 36.416735999954888 ], [ -90.126668000746093, 36.416251999564686 ], [ -90.126596000923456, 36.41559199979018 ], [ -90.128832000035146, 36.412166000082962 ], [ -90.128744999593167, 36.411446000696479 ], [ -90.121551000100396, 36.410834999656402 ], [ -90.118886000645162, 36.41251299986228 ], [ -90.118503999359731, 36.409429000438379 ], [ -90.115471000088334, 36.407989999755607 ], [ -90.114464999967709, 36.409438000436694 ], [ -90.113645000257051, 36.409562000550224 ], [ -90.113563999593254, 36.408097000527661 ], [ -90.115563999980495, 36.406950999727734 ], [ -90.11592199999204, 36.406314000599231 ], [ -90.115597000795745, 36.405815999550136 ], [ -90.110824999954787, 36.407743999734166 ], [ -90.110390999438025, 36.407046999561437 ], [ -90.110881000365751, 36.405071999591378 ], [ -90.110322000120803, 36.404165000431007 ], [ -90.108647999381944, 36.403643999875619 ], [ -90.104340000837112, 36.405429000137154 ], [ -90.101551000189218, 36.401969999873785 ], [ -90.098434000489021, 36.404010999372503 ], [ -90.096814000465329, 36.403344000115283 ], [ -90.092902999838628, 36.403587999981902 ], [ -90.086519000178797, 36.402118999761349 ], [ -90.084136000505694, 36.400524000599646 ], [ -90.08279899981838, 36.401231999671474 ], [ -90.081520000513081, 36.401096000534181 ], [ -90.079085999382784, 36.399498999406276 ], [ -90.078248999631654, 36.396423000173733 ], [ -90.075821999853744, 36.394779000450704 ], [ -90.074194000590296, 36.392985000266947 ], [ -90.073301999770138, 36.392741999801679 ], [ -90.070537000048716, 36.393520000469451 ], [ -90.069905999336186, 36.390663999588625 ], [ -90.068302000153793, 36.388937999596628 ], [ -90.068997999731508, 36.388233999952149 ], [ -90.065848999215802, 36.387451999934505 ], [ -90.068151000019455, 36.386043999717558 ], [ -90.068126000003275, 36.385149000025486 ], [ -90.063503999525423, 36.38408099980515 ], [ -90.063421999865341, 36.383118000160188 ], [ -90.064560999627773, 36.381950000061131 ], [ -90.066745000221587, 36.378006000523804 ], [ -90.064774999525341, 36.377057999724165 ], [ -90.063224000734039, 36.377550999474479 ], [ -90.062778999991068, 36.37716300053718 ], [ -90.063978000531392, 36.375625000204337 ], [ -90.063611999523886, 36.371880000198338 ], [ -90.064733999782945, 36.368925000178059 ], [ -90.064477999364186, 36.367625000460301 ], [ -90.063466999663405, 36.367081999518852 ], [ -90.066353999813813, 36.365090000046138 ], [ -90.065791999483622, 36.363592000055583 ], [ -90.066706999895885, 36.361802999658735 ], [ -90.066053000026045, 36.360061999849762 ], [ -90.066417999691396, 36.358735000206998 ], [ -90.068371000305035, 36.357695999386294 ], [ -90.068038000187315, 36.356538000459189 ], [ -90.070460999505315, 36.356381000351398 ], [ -90.071882000000159, 36.354081000047245 ], [ -90.073797000910247, 36.353068999802524 ], [ -90.074279000316167, 36.351652000286279 ], [ -90.075809999998299, 36.349834999834414 ], [ -90.078032000262525, 36.34929299940967 ], [ -90.074188000064481, 36.343369999848726 ], [ -90.074823000460654, 36.3417879996463 ], [ -90.076975999815545, 36.34143900047475 ], [ -90.078322999766911, 36.337708999971291 ], [ -90.078098999629901, 36.336246000616292 ], [ -90.075820999436431, 36.335125999626563 ], [ -90.075458999981805, 36.334344999883719 ], [ -90.077095999877699, 36.330652000451757 ], [ -90.079099999579739, 36.329555999452673 ], [ -90.079130000244334, 36.327697999951319 ], [ -90.081125000389918, 36.327179000061705 ], [ -90.081912999722491, 36.326456999920268 ], [ -90.081899999962843, 36.325759999805463 ], [ -90.079837000706462, 36.323507000463934 ], [ -90.081676000127985, 36.322974000686806 ], [ -90.082382000112247, 36.321997000001417 ], [ -90.080365999810098, 36.320169000288018 ], [ -90.079751000159291, 36.318357000243168 ], [ -90.077400000276569, 36.319290000551284 ], [ -90.076613000169417, 36.319213000229794 ], [ -90.076009000826318, 36.318130999666039 ], [ -90.074421999792889, 36.31783900029059 ], [ -90.074108999840547, 36.316522000197139 ], [ -90.072410999278063, 36.315676999810684 ], [ -90.071626000084635, 36.314244000602514 ], [ -90.070452999761258, 36.314044000127296 ], [ -90.069487000583791, 36.313253999968587 ], [ -90.068518000335871, 36.311539999994174 ], [ -90.06710500000456, 36.306679000174697 ], [ -90.066334000084865, 36.305382000226601 ], [ -90.064337000210202, 36.303984999624859 ], [ -90.064193000467938, 36.302502000210396 ], [ -90.067446000346365, 36.299541999611087 ], [ -90.069397999320927, 36.298576999346778 ], [ -90.070315000331448, 36.296866000148718 ], [ -90.069787000019019, 36.29486900035203 ], [ -90.071501999905877, 36.293206000219513 ], [ -90.072541999474765, 36.292843000061495 ], [ -90.074974000551308, 36.290770999875406 ], [ -90.07901499985266, 36.289867999981659 ], [ -90.078982999572958, 36.289302000091993 ], [ -90.078005999964404, 36.288664999459137 ], [ -90.076961000208414, 36.283562999720175 ], [ -90.075719999800683, 36.281052999521805 ], [ -90.079735000475779, 36.278661000085066 ], [ -90.081852999903305, 36.275342000602706 ], [ -90.082003000235929, 36.274085999979135 ], [ -90.083528999909063, 36.272121999882039 ], [ -90.086162999918727, 36.27133700003813 ], [ -90.096298000282218, 36.271305000205892 ], [ -90.09950399987089, 36.26894700041349 ], [ -90.10291599937419, 36.268934999947717 ], [ -90.103971999793359, 36.267875999434303 ], [ -90.105141000167549, 36.267700000106871 ], [ -90.106132999952209, 36.266011000479708 ], [ -90.109223000151815, 36.265642000297063 ], [ -90.110192999252632, 36.266871000071028 ], [ -90.112720999436888, 36.26634000004956 ], [ -90.114982999672208, 36.265342999842652 ], [ -90.115847999970612, 36.26407599964741 ], [ -90.117067999941781, 36.263487000260142 ], [ -90.116059999740528, 36.261524000031578 ], [ -90.117517999895796, 36.259736999874079 ], [ -90.117610000371371, 36.258166000513839 ], [ -90.11934799978917, 36.257677999817332 ], [ -90.118165999668904, 36.256706999922734 ], [ -90.118180999602757, 36.255562999868594 ], [ -90.119969999511781, 36.254718999885114 ], [ -90.118374000383412, 36.253273000156696 ], [ -90.122447000183811, 36.249319999896365 ], [ -90.121851999795382, 36.247731000246894 ], [ -90.121999000315526, 36.246468000001521 ], [ -90.123321000037379, 36.246112000390518 ], [ -90.123718000696329, 36.244929000323161 ], [ -90.125006999621647, 36.244501999750845 ], [ -90.123933999934934, 36.243599999964012 ], [ -90.124002000544266, 36.243144999327605 ], [ -90.124433999691121, 36.242813999998461 ], [ -90.125891999250342, 36.243424000474455 ], [ -90.130046999813757, 36.243343999697366 ], [ -90.130883000406044, 36.241371999799249 ], [ -90.130135999590806, 36.240158000675414 ], [ -90.127916000571147, 36.239781999797266 ], [ -90.127703999695854, 36.237009999724876 ], [ -90.12479999938364, 36.23526299992271 ], [ -90.124785000644465, 36.233948999921544 ], [ -90.126501999425471, 36.233127000570597 ], [ -90.12546400051238, 36.23154399988168 ], [ -90.126256999771428, 36.229213999530302 ], [ -90.126864999552666, 36.229068000608677 ], [ -90.127742000285252, 36.229725999733255 ], [ -90.131120999798, 36.228732000172577 ], [ -90.131658999651464, 36.228201000192826 ], [ -90.131760000515456, 36.226863999346264 ], [ -90.13241000029933, 36.226431999964348 ], [ -90.135026000217721, 36.226282999831639 ], [ -90.138462999320879, 36.227364000109411 ], [ -90.140118999565857, 36.226790999590996 ], [ -90.141851999843993, 36.227653999987155 ], [ -90.143811999769596, 36.225855000607083 ], [ -90.144069999407563, 36.223328000045733 ], [ -90.1460520000184, 36.223131999466169 ], [ -90.145718000154943, 36.220849000337822 ], [ -90.146435999448286, 36.220722999924831 ], [ -90.147993000071054, 36.221874000359755 ], [ -90.149015999448977, 36.221789000206691 ], [ -90.150356000006468, 36.219598999765068 ], [ -90.151534000033038, 36.218693999681157 ], [ -90.152113000131465, 36.215734999939372 ], [ -90.153702000145842, 36.215565999285317 ], [ -90.155716000038595, 36.213821999803898 ], [ -90.157392999556933, 36.213568000041832 ], [ -90.158628000101118, 36.214956999865542 ], [ -90.16084400070703, 36.215572000205917 ], [ -90.163994000468705, 36.214318999582773 ], [ -90.166117999953741, 36.214320999649949 ], [ -90.167617000076575, 36.213259000213739 ], [ -90.16947199970727, 36.214123999406226 ], [ -90.170126000257255, 36.213561000321285 ], [ -90.170173999538918, 36.212366999945559 ], [ -90.172696999774828, 36.210639999404066 ], [ -90.173917999609074, 36.210199999897881 ], [ -90.174633999799994, 36.210886999966625 ], [ -90.175846000173436, 36.210573999940209 ], [ -90.177104000499597, 36.20880699977436 ], [ -90.176848999393968, 36.207847000113453 ], [ -90.177634000308615, 36.207266000662187 ], [ -90.178295000182672, 36.207233000274471 ], [ -90.180332999543708, 36.20861299956816 ], [ -90.181230999190205, 36.208656000458532 ], [ -90.182012000714494, 36.207830999814277 ], [ -90.182219000436461, 36.205530999753755 ], [ -90.183197000061611, 36.204964000401276 ], [ -90.184200000414876, 36.205559999507209 ], [ -90.185841999807394, 36.204542000115502 ], [ -90.186811999867686, 36.205603000428638 ], [ -90.18813000046373, 36.205461000405386 ], [ -90.190186000053814, 36.201383999763436 ], [ -90.19289600003016, 36.200361999963469 ], [ -90.194357000661014, 36.200652000142753 ], [ -90.195214000283457, 36.200348000372962 ], [ -90.196455999841945, 36.196372000060428 ], [ -90.197192000299822, 36.196003000108028 ], [ -90.199547999308294, 36.196770000221314 ], [ -90.20023799975246, 36.196459000093895 ], [ -90.201495999511479, 36.193507000289344 ], [ -90.200893000615906, 36.191803999928801 ], [ -90.204107000246793, 36.189904999955772 ], [ -90.204567999983041, 36.188963999277767 ], [ -90.20410200048525, 36.187525000295366 ], [ -90.204414999857761, 36.186854999872757 ], [ -90.207501000037226, 36.185979000213166 ], [ -90.208125999993541, 36.186295000139104 ], [ -90.2097860005331, 36.186011999759927 ], [ -90.210445000108081, 36.18537300002005 ], [ -90.210046999747789, 36.184155000162455 ], [ -90.211359000110221, 36.183098999908687 ], [ -90.21390000075526, 36.182969000377888 ], [ -90.214440999876601, 36.183481999629613 ], [ -90.214234999914837, 36.184327999639756 ], [ -90.21509100034649, 36.18458999976481 ], [ -90.21659900041827, 36.183558999744086 ], [ -90.218606999568863, 36.184714000286412 ], [ -90.220345999646398, 36.184539999385613 ], [ -90.221614000219731, 36.181800999638554 ], [ -90.22514999918576, 36.178537999855919 ], [ -90.225177000734959, 36.176765999308031 ], [ -90.226644999642289, 36.175546000162079 ], [ -90.227271000302153, 36.174341999682056 ], [ -90.229613000179853, 36.173155999852447 ], [ -90.229181999839781, 36.171698999790657 ], [ -90.230319999320884, 36.170587000397809 ], [ -90.231066999976818, 36.168497999466972 ], [ -90.230192999590884, 36.167580000419363 ], [ -90.231596000143185, 36.164879999892037 ], [ -90.231207999719061, 36.163760999791052 ], [ -90.233155999732432, 36.162650999861164 ], [ -90.233831000106747, 36.161026999724839 ], [ -90.23534699951945, 36.15954000023234 ], [ -90.235070999731363, 36.158247000218964 ], [ -90.233710000428331, 36.156577000093691 ], [ -90.232740000437758, 36.156169000643281 ], [ -90.233426999956052, 36.154764999875084 ], [ -90.23179399970644, 36.154326000609117 ], [ -90.23123000093824, 36.153589999573725 ], [ -90.232072000189845, 36.151014000086697 ], [ -90.231443000330529, 36.146617999902801 ], [ -90.232956000537285, 36.145460999909737 ], [ -90.235079000342026, 36.145008999708445 ], [ -90.234786999858798, 36.143259000243376 ], [ -90.23570900049782, 36.141320000453128 ], [ -90.235445000406955, 36.139394999964985 ], [ -90.240205999932428, 36.138285000745711 ], [ -90.241998999885325, 36.136785000466432 ], [ -90.245556000439009, 36.136187999682427 ], [ -90.245495999833309, 36.133287000108481 ], [ -90.246507999535282, 36.132484000084851 ], [ -90.247743999444793, 36.132592000043275 ], [ -90.247847999422703, 36.131396999831438 ], [ -90.249177000478809, 36.129660999657922 ], [ -90.250995000491514, 36.12958999962455 ], [ -90.253267000794182, 36.127312000497405 ], [ -90.257859000655529, 36.127113999909405 ], [ -90.259029000228736, 36.127570999843591 ], [ -90.260862000116845, 36.127256999822322 ], [ -90.261220000305173, 36.126280000198982 ], [ -90.264033000384799, 36.12357199977108 ], [ -90.266525000241359, 36.120020999944657 ], [ -90.268618000056392, 36.119107999904664 ], [ -90.272191000406039, 36.118406999680971 ], [ -90.272976999177146, 36.116810999939318 ], [ -90.276860999224198, 36.117538000615689 ], [ -90.278804999734959, 36.117422000009064 ], [ -90.284108000143277, 36.115774000005516 ], [ -90.287737999838924, 36.115716000216928 ], [ -90.28989500036225, 36.114826999625755 ], [ -90.293060000522317, 36.114430000346019 ], [ -90.295038000064551, 36.112800000088626 ], [ -90.29372000008216, 36.110835999953672 ], [ -90.293870999816761, 36.10985600039912 ], [ -90.296278000180862, 36.109361000234799 ], [ -90.297013999775288, 36.107917000285134 ], [ -90.298157999773082, 36.107316999559451 ], [ -90.297945999479438, 36.102916999850827 ], [ -90.299063000429229, 36.101845000223911 ], [ -90.299976999728216, 36.099935999769379 ], [ -90.300185000044038, 36.097718999507947 ], [ -90.306254000296789, 36.094950999660512 ], [ -90.307946999543788, 36.094556999262679 ], [ -90.312044999541442, 36.094617999522676 ], [ -90.316525999213127, 36.090612000448942 ], [ -90.318259999245228, 36.090565000331729 ], [ -90.319611999717253, 36.089570000208241 ], [ -90.320644999444326, 36.087003999520988 ], [ -90.319409999055154, 36.085762000734427 ], [ -90.318864999387287, 36.084109000119547 ], [ -90.31990300027897, 36.082954999895726 ], [ -90.320252000129926, 36.081012999622878 ], [ -90.318608999912499, 36.07961299978416 ], [ -90.318237999876303, 36.07613399999407 ], [ -90.318841999943814, 36.074742999493665 ], [ -90.320813000203046, 36.073200999744415 ], [ -90.320621000082355, 36.071319999379917 ], [ -90.321848000276304, 36.070898000011887 ], [ -90.323731000572593, 36.071611000145317 ], [ -90.328006999791242, 36.068508000018525 ], [ -90.329781999859321, 36.068506999772644 ], [ -90.3333450007528, 36.067476000087773 ], [ -90.335024000280328, 36.063330999944348 ], [ -90.334838000856578, 36.062112000267007 ], [ -90.336302999450041, 36.060597999771446 ], [ -90.335787999867563, 36.059382000007076 ], [ -90.333349000056216, 36.05768200021538 ], [ -90.33368799933379, 36.055767999775831 ], [ -90.336518000138938, 36.054856000279415 ], [ -90.337821000078435, 36.053121000012169 ], [ -90.337986999269503, 36.051328000693843 ], [ -90.336977999897556, 36.050220000183224 ], [ -90.337632000397733, 36.049342000538196 ], [ -90.336873999693609, 36.047237999823025 ], [ -90.338606000104306, 36.046771000062826 ], [ -90.339684000508257, 36.047179000211898 ], [ -90.340894999644007, 36.047050999531763 ], [ -90.343365999877904, 36.04518799976416 ], [ -90.34319399948572, 36.043814999536778 ], [ -90.343673000733659, 36.043007000400571 ], [ -90.345120999893751, 36.042891000758466 ], [ -90.346230999869221, 36.041962999598788 ], [ -90.348207999338328, 36.041573000496228 ], [ -90.349328000769106, 36.03894700019616 ], [ -90.348275000348565, 36.03505100003526 ], [ -90.349476000780442, 36.033576000144009 ], [ -90.3505939993195, 36.033024999871138 ], [ -90.351263000289762, 36.031125000128618 ], [ -90.353731999713318, 36.030901999966787 ], [ -90.354284000106489, 36.030324999884392 ], [ -90.353541000021835, 36.02876599952608 ], [ -90.351713000518757, 36.028005999450542 ], [ -90.351355999841999, 36.02682299955741 ], [ -90.351781999612214, 36.025057000562441 ], [ -90.353457000974984, 36.024048999909283 ], [ -90.356797000608779, 36.019579999889274 ], [ -90.360348000606791, 36.017216000117415 ], [ -90.36165400037109, 36.015444999898996 ], [ -90.363640000311122, 36.014269999434674 ], [ -90.367743999297517, 36.009990999717658 ], [ -90.377899999883894, 35.995745000271832 ], [ -90.200188999688805, 35.997133999879495 ], [ -89.706932000176096, 36.000981000632244 ], [ -89.705676999441479, 36.005018000394429 ], [ -89.7035710006664, 36.008039999517855 ], [ -89.692437000052237, 36.020507000173218 ], [ -89.688577000068179, 36.029237999781039 ], [ -89.687253999516372, 36.034048000052728 ], [ -89.684439000821683, 36.051719000151685 ], [ -89.681946000029924, 36.072335999780847 ], [ -89.68002900019809, 36.082493999998647 ], [ -89.678821000811823, 36.084636000404494 ], [ -89.672462999628593, 36.091836999996339 ], [ -89.666597999861551, 36.095802000017116 ], [ -89.65770899988577, 36.09912799998451 ], [ -89.64301999991801, 36.103619999671331 ], [ -89.628305000163749, 36.106852999580944 ], [ -89.625078000425503, 36.108131000455565 ], [ -89.61512799967187, 36.113815999979195 ], [ -89.601935999783393, 36.119469999707569 ], [ -89.598945999255704, 36.121777999777088 ], [ -89.594657999963545, 36.12627599977484 ], [ -89.593548999676827, 36.12813800008913 ], [ -89.592101999221441, 36.135637000199765 ], [ -89.591632000498677, 36.142135000105547 ], [ -89.592205999784355, 36.150119999983104 ], [ -89.593582999798244, 36.154005000130553 ], [ -89.600871000020362, 36.164558000531656 ], [ -89.607003999905203, 36.171178999995 ], [ -89.618227999869589, 36.179966000165258 ], [ -89.623803999463021, 36.183127999229967 ], [ -89.636894000456905, 36.188951000093965 ], [ -89.644790000598562, 36.194100999744592 ], [ -89.654876000842634, 36.201530000713696 ], [ -89.664144000027207, 36.206519999983463 ], [ -89.679547999318444, 36.215911000079245 ], [ -89.692629999578912, 36.224959000184874 ], [ -89.699677000406751, 36.230821000288373 ], [ -89.701758999852927, 36.233527999986109 ], [ -89.704458999773024, 36.235467999989453 ], [ -89.705249999629885, 36.236568000215293 ], [ -89.705328000018156, 36.239897999423484 ], [ -89.701821000021454, 36.246004000035057 ], [ -89.698567999158911, 36.250591000263597 ], [ -89.695234999942102, 36.25276599965099 ], [ -89.691307999098186, 36.252078999801647 ], [ -89.686228999271961, 36.249506999764897 ], [ -89.678042999672158, 36.248286999843877 ], [ -89.651406999850579, 36.250682999449012 ], [ -89.642181999992232, 36.249486000105385 ], [ -89.636789999711553, 36.248079000399095 ], [ -89.624415999858272, 36.243304999778793 ], [ -89.611145000340599, 36.239271000038663 ], [ -89.606509999974293, 36.238327999986794 ], [ -89.602373999046932, 36.238105999839 ], [ -89.592482999934887, 36.238722000191643 ], [ -89.58732600038681, 36.239483999640505 ], [ -89.577544000057173, 36.242261999607052 ], [ -89.573927999791962, 36.24384300024559 ], [ -89.564997000035987, 36.250066999701126 ], [ -89.562205999445197, 36.250909000374804 ], [ -89.557991000184302, 36.251036999865164 ], [ -89.553563000067356, 36.25034099949324 ], [ -89.548951999560359, 36.248200000153133 ], [ -89.544743000151541, 36.247483999816815 ], [ -89.541620999915892, 36.247891000245495 ], [ -89.539229000176974, 36.2488210000514 ], [ -89.534676000455676, 36.252771000192006 ], [ -89.53450699985936, 36.261802999945992 ], [ -89.536441000161858, 36.272826999858815 ], [ -89.537674999392422, 36.275279000036065 ], [ -89.539486999945169, 36.277368000802191 ], [ -89.544796999842148, 36.280457999955431 ], [ -89.546576999733688, 36.28043900005418 ], [ -89.549219000093686, 36.278749999433842 ], [ -89.55121300066682, 36.278141000249853 ], [ -89.55429600022272, 36.277753000107346 ], [ -89.57849200041089, 36.288317000038198 ], [ -89.584337000003529, 36.293340000211984 ], [ -89.589819999860836, 36.29681399976031 ], [ -89.611818999356188, 36.309088000297436 ], [ -89.620255000798537, 36.323005999779205 ], [ -89.619800000338344, 36.329546000129206 ], [ -89.615841000267636, 36.336085000131689 ], [ -89.610689000307019, 36.34044199970711 ], [ -89.605667999936742, 36.342234000285153 ], [ -89.60054400057804, 36.342985000551359 ], [ -89.581635999051983, 36.342357000032131 ], [ -89.560439000179855, 36.337745999647822 ], [ -89.545006000090993, 36.336808999353032 ], [ -89.538079000019351, 36.337496000208439 ], [ -89.531821999269582, 36.339246000571883 ], [ -89.527028999390907, 36.341679000678198 ], [ -89.522694999239064, 36.344789000549007 ], [ -89.51899999960132, 36.348600000304614 ], [ -89.513177999410345, 36.359896999612857 ], [ -89.509722000428624, 36.373625999733171 ], [ -89.509558000183361, 36.375065000317129 ], [ -89.510380000215775, 36.378355999445972 ], [ -89.513955999496986, 36.384891000098754 ], [ -89.525293000311407, 36.400445999360343 ], [ -89.542337000453983, 36.420103000338464 ], [ -89.544221000039968, 36.423683999623854 ], [ -89.545255000765209, 36.427078999994812 ], [ -89.545503000641475, 36.430700000077195 ], [ -89.545061000442445, 36.434914999499441 ], [ -89.543406000131895, 36.438770000525622 ], [ -89.540867999320213, 36.441559000339026 ], [ -89.527274000533865, 36.45154500033248 ], [ -89.523427000108185, 36.456572000409665 ], [ -89.521021000130062, 36.461934000463025 ], [ -89.519720000035363, 36.467002000147076 ], [ -89.519408000032442, 36.472919000642193 ], [ -89.519922000158445, 36.477053000256369 ], [ -89.522673999887246, 36.481304999623177 ], [ -89.534524000099282, 36.491431999803872 ], [ -89.542524999225733, 36.503020000000667 ], [ -89.550730000212383, 36.511751000137771 ], [ -89.560412000109395, 36.524406000089641 ], [ -89.566616000235726, 36.537576999782871 ], [ -89.571024999516339, 36.550201000372638 ], [ -89.570725999467115, 36.55765600056683 ], [ -89.56905000012631, 36.561721000453666 ], [ -89.567004000303214, 36.565047999850691 ], [ -89.565328000140397, 36.567259000026588 ], [ -89.559634000117825, 36.572789999959859 ], [ -89.55111899983396, 36.578074000329444 ], [ -89.540852999906576, 36.581016999673402 ], [ -89.530638000044348, 36.581710000243419 ], [ -89.526998999614264, 36.581253999791919 ], [ -89.51685199993544, 36.577396999380888 ], [ -89.503567999486151, 36.575950999759122 ], [ -89.488106000341588, 36.572925000551777 ], [ -89.482536999391996, 36.57073900035482 ], [ -89.479929999608999, 36.569086999403559 ], [ -89.47662400026033, 36.565119999699569 ], [ -89.47286099912256, 36.558840000058368 ], [ -89.467820000119161, 36.546973999714787 ], [ -89.465534999205659, 36.535989000148781 ], [ -89.465913000144283, 36.530015000666403 ], [ -89.468279999929948, 36.522205999578055 ], [ -89.47325599914285, 36.512416000169274 ], [ -89.477234000162781, 36.506967000061664 ], [ -89.482657999915389, 36.501679000218409 ], [ -89.486686999757083, 36.494992000240337 ], [ -89.493376999599874, 36.478959000330768 ], [ -89.494119000507212, 36.476267999896145 ], [ -89.49394699963473, 36.473559000083497 ], [ -89.493082000124602, 36.470500000321074 ], [ -89.490588000589824, 36.465967999808832 ], [ -89.486193000197076, 36.4621139999864 ], [ -89.481203999931651, 36.459868999674363 ], [ -89.476643000874304, 36.458393000372133 ], [ -89.47189499969258, 36.457559999347154 ], [ -89.46443300039661, 36.457747000056614 ], [ -89.460767000408396, 36.458685999848889 ], [ -89.453513999749305, 36.461788999690121 ], [ -89.443734999849369, 36.469161000155111 ], [ -89.430071999291968, 36.482100999530608 ], [ -89.423791999663763, 36.489506000316133 ], [ -89.420663999737144, 36.493958999660791 ], [ -89.418219999954644, 36.499028999734314 ], [ -89.417274999901494, 36.499010999853844 ], [ -89.405245999982, 36.529058000775393 ], [ -89.398625999400238, 36.542275999929046 ], [ -89.395832999443869, 36.559325000348387 ], [ -89.382709999976015, 36.583722000336628 ], [ -89.380447000011131, 36.591514000131141 ], [ -89.377894000397305, 36.608287999870072 ], [ -89.376143999508074, 36.614131999484997 ], [ -89.371914999464366, 36.620195999742904 ], [ -89.365797000431883, 36.625125999385396 ], [ -89.352727999815016, 36.629748000455344 ], [ -89.343901999251443, 36.631888000168125 ], [ -89.332033999423786, 36.632880999623922 ], [ -89.327624000374954, 36.632287000161419 ], [ -89.324637000155121, 36.63102299990036 ], [ -89.322433000216449, 36.629754000143301 ], [ -89.319483000109841, 36.627177999880622 ], [ -89.314656999944916, 36.621843999853525 ], [ -89.300378999317275, 36.602624000781169 ], [ -89.294675000786825, 36.593779000069603 ], [ -89.277942999664873, 36.576588000097026 ], [ -89.269546000008717, 36.569716000240625 ], [ -89.263489999557649, 36.566269000001213 ], [ -89.260855000804284, 36.565396999353176 ], [ -89.256537999449435, 36.564960999663938 ], [ -89.249958999975064, 36.56591199973473 ], [ -89.236308000010496, 36.566881000609811 ], [ -89.227045999771562, 36.569536999895668 ], [ -89.219035000199909, 36.575057000362776 ], [ -89.213873999926534, 36.57991099957772 ], [ -89.211183999470009, 36.584058000117452 ], [ -89.205965999430305, 36.593866000278425 ], [ -89.202771000698661, 36.601664999465058 ], [ -89.201264999526444, 36.616544999646614 ], [ -89.19908400022949, 36.626110999924556 ], [ -89.197753000766866, 36.62897100006586 ], [ -89.19078800021947, 36.638127999614561 ], [ -89.186856000715679, 36.642022000608307 ], [ -89.174727000427623, 36.650475000118696 ], [ -89.163963000535887, 36.660833000442118 ], [ -89.159117999855411, 36.666353999402006 ], [ -89.168797999601921, 36.671892000225938 ], [ -89.171884000352236, 36.6725980000069 ], [ -89.169035000143609, 36.675668999824147 ], [ -89.167970999631436, 36.679089000015694 ], [ -89.168110000306172, 36.685728999749735 ], [ -89.170461999597265, 36.690047999732215 ], [ -89.175710999499117, 36.694722000329442 ], [ -89.182952999553436, 36.699552000382575 ], [ -89.196835000636625, 36.712753000650686 ], [ -89.199311000183428, 36.715624000794932 ], [ -89.200647000827999, 36.718750999758932 ], [ -89.201399999977212, 36.725881000143339 ], [ -89.200552000092898, 36.732566999892647 ], [ -89.197856000533861, 36.73977199987732 ], [ -89.191296000253644, 36.747669000422974 ], [ -89.185319999172592, 36.753349000011653 ], [ -89.182027000487878, 36.755407999776651 ], [ -89.169784999694485, 36.759641000141386 ], [ -89.166611000371233, 36.759669999826244 ], [ -89.157672999945859, 36.756077999914886 ], [ -89.152163000143261, 36.756329000394082 ], [ -89.145520999567637, 36.756059000279656 ], [ -89.142502000145953, 36.755502999648257 ], [ -89.135789000189092, 36.751777000119496 ], [ -89.125967000377059, 36.751809000605277 ], [ -89.122772999766354, 36.754536000273006 ], [ -89.120758999575514, 36.757128999329097 ], [ -89.117076000324573, 36.765768999821972 ], [ -89.116209999795487, 36.770802000087933 ], [ -89.116568999463993, 36.774509999605534 ], [ -89.120396999940198, 36.781733000300562 ], [ -89.124380000585305, 36.78582600000049 ], [ -89.128710999634038, 36.787675000651973 ], [ -89.13218700004775, 36.788257000035358 ], [ -89.139655999453922, 36.788634000293058 ], [ -89.148958999601703, 36.788486999932829 ], [ -89.157136999543027, 36.789568999727109 ], [ -89.162494000076592, 36.791679999610921 ], [ -89.16801600054437, 36.795215999697639 ], [ -89.170563000181815, 36.797538000088949 ], [ -89.176042000403172, 36.805184000465232 ], [ -89.179132999068344, 36.81089299933867 ], [ -89.179650999755182, 36.815029999471491 ], [ -89.178624999126995, 36.816314999748336 ], [ -89.179201000480319, 36.829895999496003 ], [ -89.178854999936775, 36.833336000015962 ], [ -89.177919999741732, 36.835218999809499 ], [ -89.176152999973127, 36.837618999435293 ], [ -89.174373000425263, 36.838562000019465 ], [ -89.173974000527096, 36.839477000621955 ], [ -89.171899999923028, 36.841106000300435 ], [ -89.166503000540004, 36.842893999969192 ], [ -89.159004999422564, 36.842729000053737 ], [ -89.156676000172041, 36.843823999976252 ], [ -89.155863000034046, 36.845070999820948 ], [ -89.152681000773185, 36.847105000114567 ], [ -89.138109000505025, 36.847322999831327 ], [ -89.131933999516605, 36.857595999860763 ], [ -89.126774000075471, 36.871899999629107 ], [ -89.119325000104354, 36.883581999575775 ], [ -89.117114999932994, 36.888684999552879 ], [ -89.108877999990995, 36.921609999907737 ], [ -89.102451000508992, 36.93817699970262 ], [ -89.100923000040041, 36.943744000196425 ], [ -89.098968000723616, 36.956067000252801 ], [ -89.099802999968546, 36.964668999795791 ], [ -89.101038000228286, 36.967084999747222 ], [ -89.104717000281823, 36.971805999957596 ], [ -89.110945999758528, 36.977796999707813 ], [ -89.118559999845331, 36.981890999952732 ], [ -89.125351999653958, 36.983529000460969 ], [ -89.130719999584826, 36.982786000148707 ], [ -89.13609300057503, 36.980381000699502 ], [ -89.141562000873236, 36.9788970002243 ], [ -89.144468999701061, 36.978837000300324 ], [ -89.14988199932948, 36.977636000166747 ], [ -89.161775999217099, 36.972765000570149 ], [ -89.17000899934888, 36.970297999914166 ], [ -89.177235000572466, 36.970884999639551 ], [ -89.185491000312112, 36.973517999625017 ], [ -89.192096999946429, 36.979994999259574 ], [ -89.195039000010922, 36.989768000039781 ], [ -89.195029000154406, 37.000050999593647 ], [ -89.198487999915585, 37.011722999890523 ], [ -89.200792999730709, 37.016163999657955 ], [ -89.205052999587537, 37.020057000156427 ], [ -89.215672999733883, 37.026136000390373 ], [ -89.225482000062684, 37.031077000276667 ], [ -89.234052999848203, 37.037276999633022 ], [ -89.238252999566015, 37.042852999449352 ], [ -89.245648000753633, 37.057782999379739 ], [ -89.254929999654024, 37.072014000105533 ], [ -89.259934999439878, 37.064069999381879 ], [ -89.264479000322652, 37.064813000536823 ], [ -89.280362000404239, 37.065221999688646 ], [ -89.283472999533316, 37.065809000500593 ], [ -89.283667999798851, 37.066733000041189 ], [ -89.294014999705425, 37.067343000064163 ], [ -89.300182000282959, 37.068699000162489 ], [ -89.30772599960703, 37.069653999945587 ], [ -89.308289999389871, 37.068370999805751 ], [ -89.310818999855314, 37.057897000608982 ], [ -89.309401000651846, 37.053768999629632 ], [ -89.307396999388658, 37.05043200015713 ], [ -89.304752000902113, 37.047564999680013 ], [ -89.301368000267232, 37.044982000402435 ], [ -89.29118500018258, 37.040407999959491 ], [ -89.277714999644687, 37.036140000089745 ], [ -89.266285999424682, 37.028682999830295 ], [ -89.260003000181413, 37.023287999698326 ], [ -89.257607999835741, 37.015496000244724 ], [ -89.263527000629779, 37.000049999642684 ], [ -89.26624200079597, 36.996301999863498 ], [ -89.269563999640937, 36.993401000352904 ], [ -89.274197999319583, 36.990494999481555 ], [ -89.278628000025989, 36.988670000064893 ], [ -89.292129999398213, 36.992189000114131 ], [ -89.317168000723271, 37.0127669996631 ], [ -89.322982000534324, 37.016089999849953 ], [ -89.331164000681511, 37.019936000415981 ], [ -89.345996000185949, 37.025520999963703 ], [ -89.362397000156605, 37.030156000095324 ], [ -89.378276999646488, 37.039605000503563 ], [ -89.381643999345854, 37.04300999993761 ], [ -89.38393699960929, 37.046441000597568 ], [ -89.385136000288654, 37.05093800005217 ], [ -89.385186000371533, 37.057748000155208 ], [ -89.37888900006763, 37.070498999806318 ], [ -89.375712000199428, 37.080504999600223 ], [ -89.37561499992249, 37.085935999995037 ], [ -89.377112999738003, 37.090764999847735 ], [ -89.378710000062043, 37.094585999924803 ], [ -89.384175000693631, 37.103267000293961 ], [ -89.388050000462783, 37.107481000274205 ], [ -89.393426999720276, 37.11119699946893 ], [ -89.407450999177556, 37.119307000094267 ], [ -89.411729999667045, 37.122507000657613 ], [ -89.414471000671469, 37.125050000276687 ], [ -89.425580000370147, 37.138235000637145 ], [ -89.435202000097675, 37.152089999722257 ], [ -89.438274999984287, 37.161286999386597 ], [ -89.456104999127518, 37.188119999663556 ], [ -89.461862000945274, 37.199516999584901 ], [ -89.462675999780771, 37.20335099952009 ], [ -89.467631000497832, 37.218200000008039 ], [ -89.467499999464025, 37.22184400001246 ], [ -89.466657999706214, 37.223982000327958 ], [ -89.458302000571024, 37.240367999863942 ], [ -89.457831999481499, 37.242593999993758 ], [ -89.458827000319772, 37.248661000521324 ], [ -89.46069200042308, 37.250577000156468 ], [ -89.46266000003574, 37.251519999819656 ], [ -89.470524999524741, 37.253357000009387 ], [ -89.479204999555023, 37.253051999793684 ], [ -89.484127999846379, 37.251958999959278 ], [ -89.489914999924849, 37.251315000398563 ], [ -89.496386000169551, 37.258473999783661 ], [ -89.502303000364165, 37.263737999375401 ], [ -89.509262000252832, 37.271370999967182 ], [ -89.515362000086682, 37.278909000641612 ], [ -89.517669999652384, 37.283172000206847 ], [ -89.518340000866147, 37.285496999816587 ], [ -89.517935000309265, 37.291249999859794 ], [ -89.515726000252158, 37.295404999974224 ], [ -89.512832999567237, 37.308478000371103 ], [ -89.510759999334368, 37.312743999321945 ], [ -89.508174000394362, 37.315661999984314 ], [ -89.499090000670932, 37.32149000013154 ], [ -89.495160000024995, 37.324794999877021 ], [ -89.491194000081563, 37.331361000120886 ], [ -89.489005000047868, 37.33336799934132 ], [ -89.484211000360588, 37.335645999930087 ], [ -89.474568999764017, 37.338165000054651 ], [ -89.45472300018136, 37.339282999611036 ], [ -89.447555999605171, 37.340474999856468 ], [ -89.441846999242173, 37.343006000012231 ], [ -89.436039999843985, 37.344441000703227 ], [ -89.432835999845395, 37.347056000694053 ], [ -89.42973799956259, 37.351956000179186 ], [ -89.428184999947078, 37.356158000027364 ], [ -89.420541999537321, 37.388007000213172 ], [ -89.420939000004324, 37.393951999919885 ], [ -89.426522000158187, 37.408998000008509 ], [ -89.434130000145814, 37.426847000503301 ], [ -89.439768999725132, 37.437199999609149 ], [ -89.443492999560547, 37.442129000491768 ], [ -89.450968999950604, 37.450068999887904 ], [ -89.471200999798427, 37.466472999812069 ], [ -89.475525000561291, 37.47138799981046 ], [ -89.492051000270294, 37.494007999524911 ], [ -89.497689000836615, 37.504948000113238 ], [ -89.500096000682305, 37.512762000046756 ], [ -89.502917000258392, 37.517870000409545 ], [ -89.508372000495882, 37.525756000541207 ], [ -89.512400000014807, 37.529809999847387 ], [ -89.516447000497465, 37.535558000660316 ], [ -89.517050999769964, 37.537277999561915 ], [ -89.521092999753094, 37.553805000041443 ], [ -89.521924999750652, 37.560735000151318 ], [ -89.521273999168287, 37.578970000494976 ], [ -89.520804000565363, 37.581154000068743 ], [ -89.519807999758569, 37.582747000178749 ], [ -89.516537999371906, 37.584502999491598 ], [ -89.513943000617388, 37.584815000183937 ], [ -89.509542000308869, 37.584146999604535 ], [ -89.494050999863134, 37.580115999264926 ], [ -89.486061999462507, 37.58085299975118 ], [ -89.481118000422114, 37.58297299987435 ], [ -89.477547999530927, 37.585885000287597 ], [ -89.476029999573598, 37.590225999511787 ], [ -89.475931999815174, 37.592998000193482 ], [ -89.476513999628878, 37.595553999855504 ], [ -89.47839899972459, 37.598869000229492 ], [ -89.48579200034024, 37.607156999930844 ], [ -89.490462000392625, 37.611329999385546 ], [ -89.49709700012157, 37.616177000401152 ], [ -89.500086000415948, 37.619662000616493 ], [ -89.506562999978783, 37.625050000287828 ], [ -89.510526000596229, 37.631753999960289 ], [ -89.515649000196291, 37.636444999910708 ], [ -89.517717999764244, 37.641217000464501 ], [ -89.517136000256954, 37.643788999915166 ], [ -89.515859999758064, 37.645555000135658 ], [ -89.515903000865691, 37.650803000428965 ], [ -89.516826999794262, 37.656089000395433 ], [ -89.516146000183852, 37.667975000488035 ], [ -89.513927000048298, 37.676574999678778 ], [ -89.51204000062117, 37.680984999824283 ], [ -89.512009000720937, 37.685525000589415 ], [ -89.514254999101269, 37.689923000505068 ], [ -89.516685000238922, 37.692762000092742 ], [ -89.521948000614756, 37.69647500045069 ], [ -89.525730000081282, 37.698441000282898 ], [ -89.531427000126598, 37.700334000329079 ], [ -89.538651999857905, 37.701053999971094 ], [ -89.566703999989429, 37.707189000423895 ], [ -89.573516000188135, 37.709065000198137 ], [ -89.583316000166633, 37.713260999779045 ], [ -89.586737000391665, 37.716810999448818 ], [ -89.588814000066307, 37.720456999949398 ], [ -89.591281000225052, 37.723466999745234 ], [ -89.591689999491564, 37.725443999620964 ], [ -89.593695999423801, 37.727690999527773 ], [ -89.594693999901637, 37.730423000071703 ], [ -89.597481000302096, 37.733476999583061 ], [ -89.602326999448806, 37.736522000250908 ], [ -89.608757000710369, 37.73968399943081 ], [ -89.612509000160529, 37.740034999838798 ], [ -89.615743999866865, 37.742725000052339 ], [ -89.616192999742097, 37.744283000609109 ], [ -89.615932999656167, 37.748183999906907 ], [ -89.617277999161033, 37.74971999967029 ], [ -89.626331999810475, 37.749046000412015 ], [ -89.63336999982937, 37.74578199972288 ], [ -89.636232999743868, 37.746132999631357 ], [ -89.645429000158671, 37.746107999585369 ], [ -89.64953000013341, 37.745495999934505 ], [ -89.658453999868385, 37.747710000128478 ], [ -89.663352000263103, 37.750051999622634 ], [ -89.665546000071174, 37.752095000265854 ], [ -89.667992999913949, 37.759484000162693 ], [ -89.666473999894862, 37.764195000254659 ], [ -89.66412999948264, 37.76850999957508 ], [ -89.661189999432551, 37.775731999797749 ], [ -89.660227000066101, 37.781032000259238 ], [ -89.660380000236898, 37.786296000176925 ], [ -89.661320000408864, 37.788203999981192 ], [ -89.663981999564513, 37.790801000260529 ], [ -89.669644000340682, 37.799922000322894 ], [ -89.6742920001968, 37.80314000015737 ], [ -89.682850000016785, 37.807789000302733 ], [ -89.68706100065549, 37.809411000549332 ], [ -89.696558999912142, 37.814337000271756 ], [ -89.702843999653822, 37.816812000125964 ], [ -89.717441999786757, 37.825722999888384 ], [ -89.72943100021746, 37.835113999627382 ], [ -89.733775999984545, 37.839537999547026 ], [ -89.736384999752673, 37.843455000258274 ], [ -89.738867999643816, 37.845225000013528 ], [ -89.739875000297033, 37.846920999708473 ], [ -89.741980000684592, 37.846951999567487 ], [ -89.744745000319668, 37.846120000264733 ], [ -89.747784000215447, 37.847003999884578 ], [ -89.75409900002353, 37.846353000128865 ], [ -89.757353000381855, 37.847604000374936 ], [ -89.761975000327553, 37.850641999379476 ], [ -89.765200000245599, 37.851762999963263 ], [ -89.774304999798559, 37.85212700042797 ], [ -89.779810999807381, 37.853871000071962 ], [ -89.781991000182728, 37.855053000138092 ], [ -89.786326000305763, 37.851688999450715 ], [ -89.793736999986692, 37.857062999418467 ], [ -89.796089999751786, 37.85951900018636 ], [ -89.797541999550759, 37.86212800003117 ], [ -89.799355000204088, 37.867512999746069 ], [ -89.800352999914836, 37.868625999797189 ], [ -89.799820999158996, 37.871342999711246 ], [ -89.798277999731596, 37.872954000421089 ], [ -89.797695999835085, 37.874391999965333 ], [ -89.798381999507654, 37.87716100032906 ], [ -89.798039999950618, 37.879653000174571 ], [ -89.799329000149896, 37.881515999869343 ], [ -89.803891999779367, 37.882977999508853 ], [ -89.813635999431582, 37.887695999954779 ], [ -89.836350999963017, 37.901856000113447 ], [ -89.842638000441852, 37.905196999753628 ], [ -89.844786000824755, 37.905572000435214 ], [ -89.850524000213213, 37.904172000060505 ], [ -89.856135000854948, 37.900367999707676 ], [ -89.857071000529501, 37.899203999493878 ], [ -89.861877000849489, 37.897683999864533 ], [ -89.865188999663445, 37.895203999443531 ], [ -89.87608699984014, 37.883641000473155 ], [ -89.879687999919071, 37.880736000253236 ], [ -89.890024000056783, 37.874846999774171 ], [ -89.898752999933208, 37.87078000025712 ], [ -89.902376999919213, 37.869739999877901 ], [ -89.905631000397065, 37.869393000306992 ], [ -89.917544000818424, 37.869895000343845 ], [ -89.92529999998456, 37.87115300047931 ], [ -89.936944999814202, 37.874834999882061 ], [ -89.938608000163626, 37.874304000407228 ], [ -89.937689999798863, 37.875097999974713 ], [ -89.947758000026766, 37.879847000060948 ], [ -89.951144000051031, 37.882096999710413 ], [ -89.95300800063535, 37.884037000083666 ], [ -89.960541999585359, 37.897369000255239 ], [ -89.965285000569921, 37.902303000182954 ], [ -89.966328999411289, 37.906731000381697 ], [ -89.970828999236247, 37.914579999370346 ], [ -89.973761999858866, 37.918016000003313 ], [ -89.974798999628362, 37.926525000229148 ], [ -89.9734560001354, 37.928358999865303 ], [ -89.965813000194501, 37.933011000083084 ], [ -89.962057000371416, 37.933918000238577 ], [ -89.962612000586404, 37.935251000350675 ], [ -89.960913999707572, 37.936596999845662 ], [ -89.959771999718512, 37.940082999254685 ], [ -89.947322000891319, 37.940283000103918 ], [ -89.937319999622773, 37.946662999992057 ], [ -89.934109999816542, 37.946876999708117 ], [ -89.931266999456923, 37.948277000457985 ], [ -89.924852999362074, 37.954905999302895 ], [ -89.925135999964439, 37.958751000417912 ], [ -89.924596999836524, 37.959848999722112 ], [ -89.933796999930181, 37.959142999877493 ], [ -89.935884999452739, 37.959581000052658 ], [ -89.936950999399784, 37.96143800003334 ], [ -89.936709999572955, 37.962772000019548 ], [ -89.937739999534003, 37.964993999690421 ], [ -89.939305999723544, 37.966457999860417 ], [ -89.940686999261288, 37.970874000140526 ], [ -89.965045999715514, 37.96439300003253 ], [ -89.972416000751849, 37.963868999315203 ], [ -89.982227999772405, 37.962110999723706 ], [ -89.98810799996123, 37.961748999849661 ], [ -89.991957999802366, 37.962164999856924 ], [ -89.996848000395445, 37.963219000066978 ], [ -90.000110000173379, 37.964562999759615 ], [ -90.003350000504824, 37.966408000050556 ], [ -90.007936000180507, 37.970109999770891 ], [ -90.02228600027621, 37.986163999381056 ], [ -90.0317949998514, 37.995126000185017 ], [ -90.040445999880518, 38.000221999985634 ], [ -90.051941000802898, 38.005431999849925 ], [ -90.053065000173092, 38.007076000197614 ], [ -90.053614999665996, 38.009429000152252 ], [ -90.057268999927203, 38.014361999958197 ], [ -90.059367000273795, 38.015543000127629 ], [ -90.065044999723142, 38.016875000719885 ], [ -90.072282999421148, 38.017000999451 ], [ -90.080958999537785, 38.01542799995044 ], [ -90.088260000678915, 38.01577200049811 ], [ -90.092838000549591, 38.017259999839851 ], [ -90.096603000705926, 38.019395999709523 ], [ -90.099098000173981, 38.02019600021913 ], [ -90.114239999551003, 38.029060999377577 ], [ -90.119106000235519, 38.033267999811734 ], [ -90.126196000986397, 38.040705999960934 ], [ -90.126611999855754, 38.043980999858398 ], [ -90.126006000096467, 38.050568999577457 ], [ -90.126396000458769, 38.054897000488715 ], [ -90.128158999391658, 38.059645000085453 ], [ -90.130788000299077, 38.062341000241737 ], [ -90.13386499982154, 38.063954999401936 ], [ -90.136714000067016, 38.064660000459682 ], [ -90.143201999938952, 38.068417999680186 ], [ -90.149297000177754, 38.07070600017434 ], [ -90.158273000265169, 38.074949999717596 ], [ -90.16156200028982, 38.0748899994026 ], [ -90.163412999832815, 38.074345999917668 ], [ -90.172220000508617, 38.069636000444355 ], [ -90.178829999334127, 38.071886000015283 ], [ -90.188115000062453, 38.076850999883327 ], [ -90.202768000505955, 38.085159000189414 ], [ -90.206684999829363, 38.087968999718463 ], [ -90.217018999718192, 38.093466000374278 ], [ -90.228192000137909, 38.101269000276389 ], [ -90.230330000278173, 38.103417999761831 ], [ -90.240712999802952, 38.110375000088403 ], [ -90.245650999576014, 38.115891000538475 ], [ -90.248716000548455, 38.120873999925294 ], [ -90.250117999726882, 38.125054000427532 ], [ -90.252666000335722, 38.12781200058442 ] ] ] } }
]
}
